Copyright 1986-2019 Xilinx, Inc. All Rights Reserved.
------------------------------------------------------------------------------------
| Tool Version : Vivado v.2019.2 (win64) Build 2708876 Wed Nov  6 21:40:23 MST 2019
| Date         : Mon Aug 10 22:37:49 2026
| Host         : LAPTOP-C1GK89UB running 64-bit major release  (build 9200)
| Command      : report_drc -file D:/FPGA/reports/dma_batch/impl/drc.rpt
| Design       : system_wrapper
| Device       : xc7z015clg485-2
| Speed File   : -2
| Design State : Fully Routed
------------------------------------------------------------------------------------

Report DRC

Table of Contents
-----------------
1. REPORT SUMMARY
2. REPORT DETAILS

1. REPORT SUMMARY
-----------------
            Netlist: netlist
          Floorplan: impl_1
      Design limits: <entire design considered>
           Ruledeck: default
             Max violations: <unlimited>
             Violations found: 217
+-----------+----------+----------------------------+------------+
| Rule      | Severity | Description                | Violations |
+-----------+----------+----------------------------+------------+
| CHECK-3   | Warning  | Report rule limit reached  | 1          |
| DPIP-1    | Warning  | Input pipelining           | 67         |
| DPOP-1    | Warning  | PREG Output pipelining     | 45         |
| DPOP-2    | Warning  | MREG Output pipelining     | 78         |
| REQP-1840 | Warning  | RAMB18 async control check | 20         |
| REQP-165  | Advisory | writefirst                 | 2          |
| REQP-181  | Advisory | writefirst                 | 4          |
+-----------+----------+----------------------------+------------+

2. REPORT DETAILS
-----------------
CHECK-3#1 Warning
Report rule limit reached
REQP-1840 rule limit reached: 20 violations have been found.
Related violations: <none>

DPIP-1#1 Warning
Input pipelining
DSP system_i/generator_accelerator_0/inst/u_admet/gen_model[0].u_fc_network/output_mac_next input system_i/generator_accelerator_0/inst/u_admet/gen_model[0].u_fc_network/output_mac_next/A[29:0] is not pipelined. Pipelining DSP48 input will improve performance.
Related violations: <none>

DPIP-1#2 Warning
Input pipelining
DSP system_i/generator_accelerator_0/inst/u_admet/gen_model[0].u_fc_network/output_mac_next input system_i/generator_accelerator_0/inst/u_admet/gen_model[0].u_fc_network/output_mac_next/B[17:0] is not pipelined. Pipelining DSP48 input will improve performance.
Related violations: <none>

DPIP-1#3 Warning
Input pipelining
DSP system_i/generator_accelerator_0/inst/u_admet/gen_model[0].u_fc_network/output_mac_next input system_i/generator_accelerator_0/inst/u_admet/gen_model[0].u_fc_network/output_mac_next/C[47:0] is not pipelined. Pipelining DSP48 input will improve performance.
Related violations: <none>

DPIP-1#4 Warning
Input pipelining
DSP system_i/generator_accelerator_0/inst/u_admet/gen_model[0].u_fc_network/p_0_out input system_i/generator_accelerator_0/inst/u_admet/gen_model[0].u_fc_network/p_0_out/A[29:0] is not pipelined. Pipelining DSP48 input will improve performance.
Related violations: <none>

DPIP-1#5 Warning
Input pipelining
DSP system_i/generator_accelerator_0/inst/u_admet/gen_model[0].u_fc_network/p_1_out input system_i/generator_accelerator_0/inst/u_admet/gen_model[0].u_fc_network/p_1_out/A[29:0] is not pipelined. Pipelining DSP48 input will improve performance.
Related violations: <none>

DPIP-1#6 Warning
Input pipelining
DSP system_i/generator_accelerator_0/inst/u_admet/gen_model[0].u_fc_network/p_1_out input system_i/generator_accelerator_0/inst/u_admet/gen_model[0].u_fc_network/p_1_out/B[17:0] is not pipelined. Pipelining DSP48 input will improve performance.
Related violations: <none>

DPIP-1#7 Warning
Input pipelining
DSP system_i/generator_accelerator_0/inst/u_admet/gen_model[0].u_fc_network/p_1_out input system_i/generator_accelerator_0/inst/u_admet/gen_model[0].u_fc_network/p_1_out/C[47:0] is not pipelined. Pipelining DSP48 input will improve performance.
Related violations: <none>

DPIP-1#8 Warning
Input pipelining
DSP system_i/generator_accelerator_0/inst/u_admet/gen_model[0].u_fc_network/p_1_out__0 input system_i/generator_accelerator_0/inst/u_admet/gen_model[0].u_fc_network/p_1_out__0/A[29:0] is not pipelined. Pipelining DSP48 input will improve performance.
Related violations: <none>

DPIP-1#9 Warning
Input pipelining
DSP system_i/generator_accelerator_0/inst/u_admet/gen_model[0].u_fc_network/p_1_out__0 input system_i/generator_accelerator_0/inst/u_admet/gen_model[0].u_fc_network/p_1_out__0/B[17:0] is not pipelined. Pipelining DSP48 input will improve performance.
Related violations: <none>

DPIP-1#10 Warning
Input pipelining
DSP system_i/generator_accelerator_0/inst/u_admet/gen_model[0].u_fc_network/p_1_out__0 input system_i/generator_accelerator_0/inst/u_admet/gen_model[0].u_fc_network/p_1_out__0/C[47:0] is not pipelined. Pipelining DSP48 input will improve performance.
Related violations: <none>

DPIP-1#11 Warning
Input pipelining
DSP system_i/generator_accelerator_0/inst/u_admet/gen_model[0].u_fc_network/p_1_out__1 input system_i/generator_accelerator_0/inst/u_admet/gen_model[0].u_fc_network/p_1_out__1/A[29:0] is not pipelined. Pipelining DSP48 input will improve performance.
Related violations: <none>

DPIP-1#12 Warning
Input pipelining
DSP system_i/generator_accelerator_0/inst/u_admet/gen_model[0].u_fc_network/p_1_out__1 input system_i/generator_accelerator_0/inst/u_admet/gen_model[0].u_fc_network/p_1_out__1/B[17:0] is not pipelined. Pipelining DSP48 input will improve performance.
Related violations: <none>

DPIP-1#13 Warning
Input pipelining
DSP system_i/generator_accelerator_0/inst/u_admet/gen_model[0].u_fc_network/p_1_out__1 input system_i/generator_accelerator_0/inst/u_admet/gen_model[0].u_fc_network/p_1_out__1/C[47:0] is not pipelined. Pipelining DSP48 input will improve performance.
Related violations: <none>

DPIP-1#14 Warning
Input pipelining
DSP system_i/generator_accelerator_0/inst/u_admet/gen_model[0].u_fc_network/p_1_out__2 input system_i/generator_accelerator_0/inst/u_admet/gen_model[0].u_fc_network/p_1_out__2/A[29:0] is not pipelined. Pipelining DSP48 input will improve performance.
Related violations: <none>

DPIP-1#15 Warning
Input pipelining
DSP system_i/generator_accelerator_0/inst/u_admet/gen_model[0].u_fc_network/p_1_out__2 input system_i/generator_accelerator_0/inst/u_admet/gen_model[0].u_fc_network/p_1_out__2/B[17:0] is not pipelined. Pipelining DSP48 input will improve performance.
Related violations: <none>

DPIP-1#16 Warning
Input pipelining
DSP system_i/generator_accelerator_0/inst/u_admet/gen_model[0].u_fc_network/p_1_out__2 input system_i/generator_accelerator_0/inst/u_admet/gen_model[0].u_fc_network/p_1_out__2/C[47:0] is not pipelined. Pipelining DSP48 input will improve performance.
Related violations: <none>

DPIP-1#17 Warning
Input pipelining
DSP system_i/generator_accelerator_0/inst/u_admet/gen_model[1].u_fc_network/output_mac_next input system_i/generator_accelerator_0/inst/u_admet/gen_model[1].u_fc_network/output_mac_next/A[29:0] is not pipelined. Pipelining DSP48 input will improve performance.
Related violations: <none>

DPIP-1#18 Warning
Input pipelining
DSP system_i/generator_accelerator_0/inst/u_admet/gen_model[1].u_fc_network/output_mac_next input system_i/generator_accelerator_0/inst/u_admet/gen_model[1].u_fc_network/output_mac_next/B[17:0] is not pipelined. Pipelining DSP48 input will improve performance.
Related violations: <none>

DPIP-1#19 Warning
Input pipelining
DSP system_i/generator_accelerator_0/inst/u_admet/gen_model[1].u_fc_network/output_mac_next input system_i/generator_accelerator_0/inst/u_admet/gen_model[1].u_fc_network/output_mac_next/C[47:0] is not pipelined. Pipelining DSP48 input will improve performance.
Related violations: <none>

DPIP-1#20 Warning
Input pipelining
DSP system_i/generator_accelerator_0/inst/u_admet/gen_model[1].u_fc_network/p_0_out input system_i/generator_accelerator_0/inst/u_admet/gen_model[1].u_fc_network/p_0_out/A[29:0] is not pipelined. Pipelining DSP48 input will improve performance.
Related violations: <none>

DPIP-1#21 Warning
Input pipelining
DSP system_i/generator_accelerator_0/inst/u_admet/gen_model[1].u_fc_network/p_1_out input system_i/generator_accelerator_0/inst/u_admet/gen_model[1].u_fc_network/p_1_out/A[29:0] is not pipelined. Pipelining DSP48 input will improve performance.
Related violations: <none>

DPIP-1#22 Warning
Input pipelining
DSP system_i/generator_accelerator_0/inst/u_admet/gen_model[1].u_fc_network/p_1_out input system_i/generator_accelerator_0/inst/u_admet/gen_model[1].u_fc_network/p_1_out/B[17:0] is not pipelined. Pipelining DSP48 input will improve performance.
Related violations: <none>

DPIP-1#23 Warning
Input pipelining
DSP system_i/generator_accelerator_0/inst/u_admet/gen_model[1].u_fc_network/p_1_out input system_i/generator_accelerator_0/inst/u_admet/gen_model[1].u_fc_network/p_1_out/C[47:0] is not pipelined. Pipelining DSP48 input will improve performance.
Related violations: <none>

DPIP-1#24 Warning
Input pipelining
DSP system_i/generator_accelerator_0/inst/u_admet/gen_model[1].u_fc_network/p_1_out__0 input system_i/generator_accelerator_0/inst/u_admet/gen_model[1].u_fc_network/p_1_out__0/A[29:0] is not pipelined. Pipelining DSP48 input will improve performance.
Related violations: <none>

DPIP-1#25 Warning
Input pipelining
DSP system_i/generator_accelerator_0/inst/u_admet/gen_model[1].u_fc_network/p_1_out__0 input system_i/generator_accelerator_0/inst/u_admet/gen_model[1].u_fc_network/p_1_out__0/B[17:0] is not pipelined. Pipelining DSP48 input will improve performance.
Related violations: <none>

DPIP-1#26 Warning
Input pipelining
DSP system_i/generator_accelerator_0/inst/u_admet/gen_model[1].u_fc_network/p_1_out__0 input system_i/generator_accelerator_0/inst/u_admet/gen_model[1].u_fc_network/p_1_out__0/C[47:0] is not pipelined. Pipelining DSP48 input will improve performance.
Related violations: <none>

DPIP-1#27 Warning
Input pipelining
DSP system_i/generator_accelerator_0/inst/u_admet/gen_model[1].u_fc_network/p_1_out__1 input system_i/generator_accelerator_0/inst/u_admet/gen_model[1].u_fc_network/p_1_out__1/A[29:0] is not pipelined. Pipelining DSP48 input will improve performance.
Related violations: <none>

DPIP-1#28 Warning
Input pipelining
DSP system_i/generator_accelerator_0/inst/u_admet/gen_model[1].u_fc_network/p_1_out__1 input system_i/generator_accelerator_0/inst/u_admet/gen_model[1].u_fc_network/p_1_out__1/B[17:0] is not pipelined. Pipelining DSP48 input will improve performance.
Related violations: <none>

DPIP-1#29 Warning
Input pipelining
DSP system_i/generator_accelerator_0/inst/u_admet/gen_model[1].u_fc_network/p_1_out__1 input system_i/generator_accelerator_0/inst/u_admet/gen_model[1].u_fc_network/p_1_out__1/C[47:0] is not pipelined. Pipelining DSP48 input will improve performance.
Related violations: <none>

DPIP-1#30 Warning
Input pipelining
DSP system_i/generator_accelerator_0/inst/u_admet/gen_model[1].u_fc_network/p_1_out__2 input system_i/generator_accelerator_0/inst/u_admet/gen_model[1].u_fc_network/p_1_out__2/A[29:0] is not pipelined. Pipelining DSP48 input will improve performance.
Related violations: <none>

DPIP-1#31 Warning
Input pipelining
DSP system_i/generator_accelerator_0/inst/u_admet/gen_model[1].u_fc_network/p_1_out__2 input system_i/generator_accelerator_0/inst/u_admet/gen_model[1].u_fc_network/p_1_out__2/B[17:0] is not pipelined. Pipelining DSP48 input will improve performance.
Related violations: <none>

DPIP-1#32 Warning
Input pipelining
DSP system_i/generator_accelerator_0/inst/u_admet/gen_model[1].u_fc_network/p_1_out__2 input system_i/generator_accelerator_0/inst/u_admet/gen_model[1].u_fc_network/p_1_out__2/C[47:0] is not pipelined. Pipelining DSP48 input will improve performance.
Related violations: <none>

DPIP-1#33 Warning
Input pipelining
DSP system_i/generator_accelerator_0/inst/u_admet/gen_model[2].u_fc_network/output_mac_next input system_i/generator_accelerator_0/inst/u_admet/gen_model[2].u_fc_network/output_mac_next/A[29:0] is not pipelined. Pipelining DSP48 input will improve performance.
Related violations: <none>

DPIP-1#34 Warning
Input pipelining
DSP system_i/generator_accelerator_0/inst/u_admet/gen_model[2].u_fc_network/output_mac_next input system_i/generator_accelerator_0/inst/u_admet/gen_model[2].u_fc_network/output_mac_next/B[17:0] is not pipelined. Pipelining DSP48 input will improve performance.
Related violations: <none>

DPIP-1#35 Warning
Input pipelining
DSP system_i/generator_accelerator_0/inst/u_admet/gen_model[2].u_fc_network/output_mac_next input system_i/generator_accelerator_0/inst/u_admet/gen_model[2].u_fc_network/output_mac_next/C[47:0] is not pipelined. Pipelining DSP48 input will improve performance.
Related violations: <none>

DPIP-1#36 Warning
Input pipelining
DSP system_i/generator_accelerator_0/inst/u_admet/gen_model[2].u_fc_network/p_0_out input system_i/generator_accelerator_0/inst/u_admet/gen_model[2].u_fc_network/p_0_out/A[29:0] is not pipelined. Pipelining DSP48 input will improve performance.
Related violations: <none>

DPIP-1#37 Warning
Input pipelining
DSP system_i/generator_accelerator_0/inst/u_admet/gen_model[2].u_fc_network/p_1_out input system_i/generator_accelerator_0/inst/u_admet/gen_model[2].u_fc_network/p_1_out/A[29:0] is not pipelined. Pipelining DSP48 input will improve performance.
Related violations: <none>

DPIP-1#38 Warning
Input pipelining
DSP system_i/generator_accelerator_0/inst/u_admet/gen_model[2].u_fc_network/p_1_out input system_i/generator_accelerator_0/inst/u_admet/gen_model[2].u_fc_network/p_1_out/B[17:0] is not pipelined. Pipelining DSP48 input will improve performance.
Related violations: <none>

DPIP-1#39 Warning
Input pipelining
DSP system_i/generator_accelerator_0/inst/u_admet/gen_model[2].u_fc_network/p_1_out input system_i/generator_accelerator_0/inst/u_admet/gen_model[2].u_fc_network/p_1_out/C[47:0] is not pipelined. Pipelining DSP48 input will improve performance.
Related violations: <none>

DPIP-1#40 Warning
Input pipelining
DSP system_i/generator_accelerator_0/inst/u_admet/gen_model[2].u_fc_network/p_1_out__0 input system_i/generator_accelerator_0/inst/u_admet/gen_model[2].u_fc_network/p_1_out__0/A[29:0] is not pipelined. Pipelining DSP48 input will improve performance.
Related violations: <none>

DPIP-1#41 Warning
Input pipelining
DSP system_i/generator_accelerator_0/inst/u_admet/gen_model[2].u_fc_network/p_1_out__0 input system_i/generator_accelerator_0/inst/u_admet/gen_model[2].u_fc_network/p_1_out__0/B[17:0] is not pipelined. Pipelining DSP48 input will improve performance.
Related violations: <none>

DPIP-1#42 Warning
Input pipelining
DSP system_i/generator_accelerator_0/inst/u_admet/gen_model[2].u_fc_network/p_1_out__0 input system_i/generator_accelerator_0/inst/u_admet/gen_model[2].u_fc_network/p_1_out__0/C[47:0] is not pipelined. Pipelining DSP48 input will improve performance.
Related violations: <none>

DPIP-1#43 Warning
Input pipelining
DSP system_i/generator_accelerator_0/inst/u_admet/gen_model[2].u_fc_network/p_1_out__1 input system_i/generator_accelerator_0/inst/u_admet/gen_model[2].u_fc_network/p_1_out__1/A[29:0] is not pipelined. Pipelining DSP48 input will improve performance.
Related violations: <none>

DPIP-1#44 Warning
Input pipelining
DSP system_i/generator_accelerator_0/inst/u_admet/gen_model[2].u_fc_network/p_1_out__1 input system_i/generator_accelerator_0/inst/u_admet/gen_model[2].u_fc_network/p_1_out__1/B[17:0] is not pipelined. Pipelining DSP48 input will improve performance.
Related violations: <none>

DPIP-1#45 Warning
Input pipelining
DSP system_i/generator_accelerator_0/inst/u_admet/gen_model[2].u_fc_network/p_1_out__1 input system_i/generator_accelerator_0/inst/u_admet/gen_model[2].u_fc_network/p_1_out__1/C[47:0] is not pipelined. Pipelining DSP48 input will improve performance.
Related violations: <none>

DPIP-1#46 Warning
Input pipelining
DSP system_i/generator_accelerator_0/inst/u_admet/gen_model[2].u_fc_network/p_1_out__2 input system_i/generator_accelerator_0/inst/u_admet/gen_model[2].u_fc_network/p_1_out__2/A[29:0] is not pipelined. Pipelining DSP48 input will improve performance.
Related violations: <none>

DPIP-1#47 Warning
Input pipelining
DSP system_i/generator_accelerator_0/inst/u_admet/gen_model[2].u_fc_network/p_1_out__2 input system_i/generator_accelerator_0/inst/u_admet/gen_model[2].u_fc_network/p_1_out__2/B[17:0] is not pipelined. Pipelining DSP48 input will improve performance.
Related violations: <none>

DPIP-1#48 Warning
Input pipelining
DSP system_i/generator_accelerator_0/inst/u_admet/gen_model[2].u_fc_network/p_1_out__2 input system_i/generator_accelerator_0/inst/u_admet/gen_model[2].u_fc_network/p_1_out__2/C[47:0] is not pipelined. Pipelining DSP48 input will improve performance.
Related violations: <none>

DPIP-1#49 Warning
Input pipelining
DSP system_i/generator_accelerator_0/inst/u_admet/gen_model[3].u_fc_network/output_mac_next input system_i/generator_accelerator_0/inst/u_admet/gen_model[3].u_fc_network/output_mac_next/A[29:0] is not pipelined. Pipelining DSP48 input will improve performance.
Related violations: <none>

DPIP-1#50 Warning
Input pipelining
DSP system_i/generator_accelerator_0/inst/u_admet/gen_model[3].u_fc_network/output_mac_next input system_i/generator_accelerator_0/inst/u_admet/gen_model[3].u_fc_network/output_mac_next/B[17:0] is not pipelined. Pipelining DSP48 input will improve performance.
Related violations: <none>

DPIP-1#51 Warning
Input pipelining
DSP system_i/generator_accelerator_0/inst/u_admet/gen_model[3].u_fc_network/output_mac_next input system_i/generator_accelerator_0/inst/u_admet/gen_model[3].u_fc_network/output_mac_next/C[47:0] is not pipelined. Pipelining DSP48 input will improve performance.
Related violations: <none>

DPIP-1#52 Warning
Input pipelining
DSP system_i/generator_accelerator_0/inst/u_admet/gen_model[3].u_fc_network/p_0_out input system_i/generator_accelerator_0/inst/u_admet/gen_model[3].u_fc_network/p_0_out/A[29:0] is not pipelined. Pipelining DSP48 input will improve performance.
Related violations: <none>

DPIP-1#53 Warning
Input pipelining
DSP system_i/generator_accelerator_0/inst/u_admet/gen_model[3].u_fc_network/p_1_out input system_i/generator_accelerator_0/inst/u_admet/gen_model[3].u_fc_network/p_1_out/A[29:0] is not pipelined. Pipelining DSP48 input will improve performance.
Related violations: <none>

DPIP-1#54 Warning
Input pipelining
DSP system_i/generator_accelerator_0/inst/u_admet/gen_model[3].u_fc_network/p_1_out input system_i/generator_accelerator_0/inst/u_admet/gen_model[3].u_fc_network/p_1_out/B[17:0] is not pipelined. Pipelining DSP48 input will improve performance.
Related violations: <none>

DPIP-1#55 Warning
Input pipelining
DSP system_i/generator_accelerator_0/inst/u_admet/gen_model[3].u_fc_network/p_1_out input system_i/generator_accelerator_0/inst/u_admet/gen_model[3].u_fc_network/p_1_out/C[47:0] is not pipelined. Pipelining DSP48 input will improve performance.
Related violations: <none>

DPIP-1#56 Warning
Input pipelining
DSP system_i/generator_accelerator_0/inst/u_admet/gen_model[3].u_fc_network/p_1_out__0 input system_i/generator_accelerator_0/inst/u_admet/gen_model[3].u_fc_network/p_1_out__0/A[29:0] is not pipelined. Pipelining DSP48 input will improve performance.
Related violations: <none>

DPIP-1#57 Warning
Input pipelining
DSP system_i/generator_accelerator_0/inst/u_admet/gen_model[3].u_fc_network/p_1_out__0 input system_i/generator_accelerator_0/inst/u_admet/gen_model[3].u_fc_network/p_1_out__0/B[17:0] is not pipelined. Pipelining DSP48 input will improve performance.
Related violations: <none>

DPIP-1#58 Warning
Input pipelining
DSP system_i/generator_accelerator_0/inst/u_admet/gen_model[3].u_fc_network/p_1_out__0 input system_i/generator_accelerator_0/inst/u_admet/gen_model[3].u_fc_network/p_1_out__0/C[47:0] is not pipelined. Pipelining DSP48 input will improve performance.
Related violations: <none>

DPIP-1#59 Warning
Input pipelining
DSP system_i/generator_accelerator_0/inst/u_admet/gen_model[3].u_fc_network/p_1_out__1 input system_i/generator_accelerator_0/inst/u_admet/gen_model[3].u_fc_network/p_1_out__1/A[29:0] is not pipelined. Pipelining DSP48 input will improve performance.
Related violations: <none>

DPIP-1#60 Warning
Input pipelining
DSP system_i/generator_accelerator_0/inst/u_admet/gen_model[3].u_fc_network/p_1_out__1 input system_i/generator_accelerator_0/inst/u_admet/gen_model[3].u_fc_network/p_1_out__1/B[17:0] is not pipelined. Pipelining DSP48 input will improve performance.
Related violations: <none>

DPIP-1#61 Warning
Input pipelining
DSP system_i/generator_accelerator_0/inst/u_admet/gen_model[3].u_fc_network/p_1_out__1 input system_i/generator_accelerator_0/inst/u_admet/gen_model[3].u_fc_network/p_1_out__1/C[47:0] is not pipelined. Pipelining DSP48 input will improve performance.
Related violations: <none>

DPIP-1#62 Warning
Input pipelining
DSP system_i/generator_accelerator_0/inst/u_admet/gen_model[3].u_fc_network/p_1_out__2 input system_i/generator_accelerator_0/inst/u_admet/gen_model[3].u_fc_network/p_1_out__2/A[29:0] is not pipelined. Pipelining DSP48 input will improve performance.
Related violations: <none>

DPIP-1#63 Warning
Input pipelining
DSP system_i/generator_accelerator_0/inst/u_admet/gen_model[3].u_fc_network/p_1_out__2 input system_i/generator_accelerator_0/inst/u_admet/gen_model[3].u_fc_network/p_1_out__2/B[17:0] is not pipelined. Pipelining DSP48 input will improve performance.
Related violations: <none>

DPIP-1#64 Warning
Input pipelining
DSP system_i/generator_accelerator_0/inst/u_admet/gen_model[3].u_fc_network/p_1_out__2 input system_i/generator_accelerator_0/inst/u_admet/gen_model[3].u_fc_network/p_1_out__2/C[47:0] is not pipelined. Pipelining DSP48 input will improve performance.
Related violations: <none>

DPIP-1#65 Warning
Input pipelining
DSP system_i/generator_accelerator_0/inst/u_tanimoto/quotient_product_reg0 input system_i/generator_accelerator_0/inst/u_tanimoto/quotient_product_reg0/A[29:0] is not pipelined. Pipelining DSP48 input will improve performance.
Related violations: <none>

DPIP-1#66 Warning
Input pipelining
DSP system_i/generator_accelerator_0/inst/u_tanimoto/quotient_product_reg0 input system_i/generator_accelerator_0/inst/u_tanimoto/quotient_product_reg0/B[17:0] is not pipelined. Pipelining DSP48 input will improve performance.
Related violations: <none>

DPIP-1#67 Warning
Input pipelining
DSP system_i/generator_accelerator_0/inst/u_tanimoto/quotient_product_reg0__0 input system_i/generator_accelerator_0/inst/u_tanimoto/quotient_product_reg0__0/A[29:0] is not pipelined. Pipelining DSP48 input will improve performance.
Related violations: <none>

DPOP-1#1 Warning
PREG Output pipelining
DSP system_i/generator_accelerator_0/inst/u_admet/gen_model[0].u_fc_network/output_mac_next output system_i/generator_accelerator_0/inst/u_admet/gen_model[0].u_fc_network/output_mac_next/P[47:0] is not pipelined (PREG=0). Pipelining the DSP48 output will improve performance and often saves power so it is suggested whenever possible to fully pipeline this function.  If this DSP48 function was inferred, it is suggested to describe an additional register stage after this function.  If the DSP48 was instantiated in the design, it is suggested to set the PREG attribute to 1.
Related violations: <none>

DPOP-1#2 Warning
PREG Output pipelining
DSP system_i/generator_accelerator_0/inst/u_admet/gen_model[0].u_fc_network/p_0_out output system_i/generator_accelerator_0/inst/u_admet/gen_model[0].u_fc_network/p_0_out/P[47:0] is not pipelined (PREG=0). Pipelining the DSP48 output will improve performance and often saves power so it is suggested whenever possible to fully pipeline this function.  If this DSP48 function was inferred, it is suggested to describe an additional register stage after this function.  If the DSP48 was instantiated in the design, it is suggested to set the PREG attribute to 1.
Related violations: <none>

DPOP-1#3 Warning
PREG Output pipelining
DSP system_i/generator_accelerator_0/inst/u_admet/gen_model[0].u_fc_network/p_1_out output system_i/generator_accelerator_0/inst/u_admet/gen_model[0].u_fc_network/p_1_out/P[47:0] is not pipelined (PREG=0). Pipelining the DSP48 output will improve performance and often saves power so it is suggested whenever possible to fully pipeline this function.  If this DSP48 function was inferred, it is suggested to describe an additional register stage after this function.  If the DSP48 was instantiated in the design, it is suggested to set the PREG attribute to 1.
Related violations: <none>

DPOP-1#4 Warning
PREG Output pipelining
DSP system_i/generator_accelerator_0/inst/u_admet/gen_model[0].u_fc_network/p_1_out__0 output system_i/generator_accelerator_0/inst/u_admet/gen_model[0].u_fc_network/p_1_out__0/P[47:0] is not pipelined (PREG=0). Pipelining the DSP48 output will improve performance and often saves power so it is suggested whenever possible to fully pipeline this function.  If this DSP48 function was inferred, it is suggested to describe an additional register stage after this function.  If the DSP48 was instantiated in the design, it is suggested to set the PREG attribute to 1.
Related violations: <none>

DPOP-1#5 Warning
PREG Output pipelining
DSP system_i/generator_accelerator_0/inst/u_admet/gen_model[0].u_fc_network/p_1_out__1 output system_i/generator_accelerator_0/inst/u_admet/gen_model[0].u_fc_network/p_1_out__1/P[47:0] is not pipelined (PREG=0). Pipelining the DSP48 output will improve performance and often saves power so it is suggested whenever possible to fully pipeline this function.  If this DSP48 function was inferred, it is suggested to describe an additional register stage after this function.  If the DSP48 was instantiated in the design, it is suggested to set the PREG attribute to 1.
Related violations: <none>

DPOP-1#6 Warning
PREG Output pipelining
DSP system_i/generator_accelerator_0/inst/u_admet/gen_model[0].u_fc_network/p_1_out__2 output system_i/generator_accelerator_0/inst/u_admet/gen_model[0].u_fc_network/p_1_out__2/P[47:0] is not pipelined (PREG=0). Pipelining the DSP48 output will improve performance and often saves power so it is suggested whenever possible to fully pipeline this function.  If this DSP48 function was inferred, it is suggested to describe an additional register stage after this function.  If the DSP48 was instantiated in the design, it is suggested to set the PREG attribute to 1.
Related violations: <none>

DPOP-1#7 Warning
PREG Output pipelining
DSP system_i/generator_accelerator_0/inst/u_admet/gen_model[0].u_fc_network/p_1_out__3 output system_i/generator_accelerator_0/inst/u_admet/gen_model[0].u_fc_network/p_1_out__3/P[47:0] is not pipelined (PREG=0). Pipelining the DSP48 output will improve performance and often saves power so it is suggested whenever possible to fully pipeline this function.  If this DSP48 function was inferred, it is suggested to describe an additional register stage after this function.  If the DSP48 was instantiated in the design, it is suggested to set the PREG attribute to 1.
Related violations: <none>

DPOP-1#8 Warning
PREG Output pipelining
DSP system_i/generator_accelerator_0/inst/u_admet/gen_model[0].u_fc_network/p_1_out__4 output system_i/generator_accelerator_0/inst/u_admet/gen_model[0].u_fc_network/p_1_out__4/P[47:0] is not pipelined (PREG=0). Pipelining the DSP48 output will improve performance and often saves power so it is suggested whenever possible to fully pipeline this function.  If this DSP48 function was inferred, it is suggested to describe an additional register stage after this function.  If the DSP48 was instantiated in the design, it is suggested to set the PREG attribute to 1.
Related violations: <none>

DPOP-1#9 Warning
PREG Output pipelining
DSP system_i/generator_accelerator_0/inst/u_admet/gen_model[0].u_fc_network/p_1_out__5 output system_i/generator_accelerator_0/inst/u_admet/gen_model[0].u_fc_network/p_1_out__5/P[47:0] is not pipelined (PREG=0). Pipelining the DSP48 output will improve performance and often saves power so it is suggested whenever possible to fully pipeline this function.  If this DSP48 function was inferred, it is suggested to describe an additional register stage after this function.  If the DSP48 was instantiated in the design, it is suggested to set the PREG attribute to 1.
Related violations: <none>

DPOP-1#10 Warning
PREG Output pipelining
DSP system_i/generator_accelerator_0/inst/u_admet/gen_model[0].u_fc_network/p_1_out__6 output system_i/generator_accelerator_0/inst/u_admet/gen_model[0].u_fc_network/p_1_out__6/P[47:0] is not pipelined (PREG=0). Pipelining the DSP48 output will improve performance and often saves power so it is suggested whenever possible to fully pipeline this function.  If this DSP48 function was inferred, it is suggested to describe an additional register stage after this function.  If the DSP48 was instantiated in the design, it is suggested to set the PREG attribute to 1.
Related violations: <none>

DPOP-1#11 Warning
PREG Output pipelining
DSP system_i/generator_accelerator_0/inst/u_admet/gen_model[0].u_fc_network/p_1_out__7 output system_i/generator_accelerator_0/inst/u_admet/gen_model[0].u_fc_network/p_1_out__7/P[47:0] is not pipelined (PREG=0). Pipelining the DSP48 output will improve performance and often saves power so it is suggested whenever possible to fully pipeline this function.  If this DSP48 function was inferred, it is suggested to describe an additional register stage after this function.  If the DSP48 was instantiated in the design, it is suggested to set the PREG attribute to 1.
Related violations: <none>

DPOP-1#12 Warning
PREG Output pipelining
DSP system_i/generator_accelerator_0/inst/u_admet/gen_model[1].u_fc_network/output_mac_next output system_i/generator_accelerator_0/inst/u_admet/gen_model[1].u_fc_network/output_mac_next/P[47:0] is not pipelined (PREG=0). Pipelining the DSP48 output will improve performance and often saves power so it is suggested whenever possible to fully pipeline this function.  If this DSP48 function was inferred, it is suggested to describe an additional register stage after this function.  If the DSP48 was instantiated in the design, it is suggested to set the PREG attribute to 1.
Related violations: <none>

DPOP-1#13 Warning
PREG Output pipelining
DSP system_i/generator_accelerator_0/inst/u_admet/gen_model[1].u_fc_network/p_0_out output system_i/generator_accelerator_0/inst/u_admet/gen_model[1].u_fc_network/p_0_out/P[47:0] is not pipelined (PREG=0). Pipelining the DSP48 output will improve performance and often saves power so it is suggested whenever possible to fully pipeline this function.  If this DSP48 function was inferred, it is suggested to describe an additional register stage after this function.  If the DSP48 was instantiated in the design, it is suggested to set the PREG attribute to 1.
Related violations: <none>

DPOP-1#14 Warning
PREG Output pipelining
DSP system_i/generator_accelerator_0/inst/u_admet/gen_model[1].u_fc_network/p_1_out output system_i/generator_accelerator_0/inst/u_admet/gen_model[1].u_fc_network/p_1_out/P[47:0] is not pipelined (PREG=0). Pipelining the DSP48 output will improve performance and often saves power so it is suggested whenever possible to fully pipeline this function.  If this DSP48 function was inferred, it is suggested to describe an additional register stage after this function.  If the DSP48 was instantiated in the design, it is suggested to set the PREG attribute to 1.
Related violations: <none>

DPOP-1#15 Warning
PREG Output pipelining
DSP system_i/generator_accelerator_0/inst/u_admet/gen_model[1].u_fc_network/p_1_out__0 output system_i/generator_accelerator_0/inst/u_admet/gen_model[1].u_fc_network/p_1_out__0/P[47:0] is not pipelined (PREG=0). Pipelining the DSP48 output will improve performance and often saves power so it is suggested whenever possible to fully pipeline this function.  If this DSP48 function was inferred, it is suggested to describe an additional register stage after this function.  If the DSP48 was instantiated in the design, it is suggested to set the PREG attribute to 1.
Related violations: <none>

DPOP-1#16 Warning
PREG Output pipelining
DSP system_i/generator_accelerator_0/inst/u_admet/gen_model[1].u_fc_network/p_1_out__1 output system_i/generator_accelerator_0/inst/u_admet/gen_model[1].u_fc_network/p_1_out__1/P[47:0] is not pipelined (PREG=0). Pipelining the DSP48 output will improve performance and often saves power so it is suggested whenever possible to fully pipeline this function.  If this DSP48 function was inferred, it is suggested to describe an additional register stage after this function.  If the DSP48 was instantiated in the design, it is suggested to set the PREG attribute to 1.
Related violations: <none>

DPOP-1#17 Warning
PREG Output pipelining
DSP system_i/generator_accelerator_0/inst/u_admet/gen_model[1].u_fc_network/p_1_out__2 output system_i/generator_accelerator_0/inst/u_admet/gen_model[1].u_fc_network/p_1_out__2/P[47:0] is not pipelined (PREG=0). Pipelining the DSP48 output will improve performance and often saves power so it is suggested whenever possible to fully pipeline this function.  If this DSP48 function was inferred, it is suggested to describe an additional register stage after this function.  If the DSP48 was instantiated in the design, it is suggested to set the PREG attribute to 1.
Related violations: <none>

DPOP-1#18 Warning
PREG Output pipelining
DSP system_i/generator_accelerator_0/inst/u_admet/gen_model[1].u_fc_network/p_1_out__3 output system_i/generator_accelerator_0/inst/u_admet/gen_model[1].u_fc_network/p_1_out__3/P[47:0] is not pipelined (PREG=0). Pipelining the DSP48 output will improve performance and often saves power so it is suggested whenever possible to fully pipeline this function.  If this DSP48 function was inferred, it is suggested to describe an additional register stage after this function.  If the DSP48 was instantiated in the design, it is suggested to set the PREG attribute to 1.
Related violations: <none>

DPOP-1#19 Warning
PREG Output pipelining
DSP system_i/generator_accelerator_0/inst/u_admet/gen_model[1].u_fc_network/p_1_out__4 output system_i/generator_accelerator_0/inst/u_admet/gen_model[1].u_fc_network/p_1_out__4/P[47:0] is not pipelined (PREG=0). Pipelining the DSP48 output will improve performance and often saves power so it is suggested whenever possible to fully pipeline this function.  If this DSP48 function was inferred, it is suggested to describe an additional register stage after this function.  If the DSP48 was instantiated in the design, it is suggested to set the PREG attribute to 1.
Related violations: <none>

DPOP-1#20 Warning
PREG Output pipelining
DSP system_i/generator_accelerator_0/inst/u_admet/gen_model[1].u_fc_network/p_1_out__5 output system_i/generator_accelerator_0/inst/u_admet/gen_model[1].u_fc_network/p_1_out__5/P[47:0] is not pipelined (PREG=0). Pipelining the DSP48 output will improve performance and often saves power so it is suggested whenever possible to fully pipeline this function.  If this DSP48 function was inferred, it is suggested to describe an additional register stage after this function.  If the DSP48 was instantiated in the design, it is suggested to set the PREG attribute to 1.
Related violations: <none>

DPOP-1#21 Warning
PREG Output pipelining
DSP system_i/generator_accelerator_0/inst/u_admet/gen_model[1].u_fc_network/p_1_out__6 output system_i/generator_accelerator_0/inst/u_admet/gen_model[1].u_fc_network/p_1_out__6/P[47:0] is not pipelined (PREG=0). Pipelining the DSP48 output will improve performance and often saves power so it is suggested whenever possible to fully pipeline this function.  If this DSP48 function was inferred, it is suggested to describe an additional register stage after this function.  If the DSP48 was instantiated in the design, it is suggested to set the PREG attribute to 1.
Related violations: <none>

DPOP-1#22 Warning
PREG Output pipelining
DSP system_i/generator_accelerator_0/inst/u_admet/gen_model[1].u_fc_network/p_1_out__7 output system_i/generator_accelerator_0/inst/u_admet/gen_model[1].u_fc_network/p_1_out__7/P[47:0] is not pipelined (PREG=0). Pipelining the DSP48 output will improve performance and often saves power so it is suggested whenever possible to fully pipeline this function.  If this DSP48 function was inferred, it is suggested to describe an additional register stage after this function.  If the DSP48 was instantiated in the design, it is suggested to set the PREG attribute to 1.
Related violations: <none>

DPOP-1#23 Warning
PREG Output pipelining
DSP system_i/generator_accelerator_0/inst/u_admet/gen_model[2].u_fc_network/output_mac_next output system_i/generator_accelerator_0/inst/u_admet/gen_model[2].u_fc_network/output_mac_next/P[47:0] is not pipelined (PREG=0). Pipelining the DSP48 output will improve performance and often saves power so it is suggested whenever possible to fully pipeline this function.  If this DSP48 function was inferred, it is suggested to describe an additional register stage after this function.  If the DSP48 was instantiated in the design, it is suggested to set the PREG attribute to 1.
Related violations: <none>

DPOP-1#24 Warning
PREG Output pipelining
DSP system_i/generator_accelerator_0/inst/u_admet/gen_model[2].u_fc_network/p_0_out output system_i/generator_accelerator_0/inst/u_admet/gen_model[2].u_fc_network/p_0_out/P[47:0] is not pipelined (PREG=0). Pipelining the DSP48 output will improve performance and often saves power so it is suggested whenever possible to fully pipeline this function.  If this DSP48 function was inferred, it is suggested to describe an additional register stage after this function.  If the DSP48 was instantiated in the design, it is suggested to set the PREG attribute to 1.
Related violations: <none>

DPOP-1#25 Warning
PREG Output pipelining
DSP system_i/generator_accelerator_0/inst/u_admet/gen_model[2].u_fc_network/p_1_out output system_i/generator_accelerator_0/inst/u_admet/gen_model[2].u_fc_network/p_1_out/P[47:0] is not pipelined (PREG=0). Pipelining the DSP48 output will improve performance and often saves power so it is suggested whenever possible to fully pipeline this function.  If this DSP48 function was inferred, it is suggested to describe an additional register stage after this function.  If the DSP48 was instantiated in the design, it is suggested to set the PREG attribute to 1.
Related violations: <none>

DPOP-1#26 Warning
PREG Output pipelining
DSP system_i/generator_accelerator_0/inst/u_admet/gen_model[2].u_fc_network/p_1_out__0 output system_i/generator_accelerator_0/inst/u_admet/gen_model[2].u_fc_network/p_1_out__0/P[47:0] is not pipelined (PREG=0). Pipelining the DSP48 output will improve performance and often saves power so it is suggested whenever possible to fully pipeline this function.  If this DSP48 function was inferred, it is suggested to describe an additional register stage after this function.  If the DSP48 was instantiated in the design, it is suggested to set the PREG attribute to 1.
Related violations: <none>

DPOP-1#27 Warning
PREG Output pipelining
DSP system_i/generator_accelerator_0/inst/u_admet/gen_model[2].u_fc_network/p_1_out__1 output system_i/generator_accelerator_0/inst/u_admet/gen_model[2].u_fc_network/p_1_out__1/P[47:0] is not pipelined (PREG=0). Pipelining the DSP48 output will improve performance and often saves power so it is suggested whenever possible to fully pipeline this function.  If this DSP48 function was inferred, it is suggested to describe an additional register stage after this function.  If the DSP48 was instantiated in the design, it is suggested to set the PREG attribute to 1.
Related violations: <none>

DPOP-1#28 Warning
PREG Output pipelining
DSP system_i/generator_accelerator_0/inst/u_admet/gen_model[2].u_fc_network/p_1_out__2 output system_i/generator_accelerator_0/inst/u_admet/gen_model[2].u_fc_network/p_1_out__2/P[47:0] is not pipelined (PREG=0). Pipelining the DSP48 output will improve performance and often saves power so it is suggested whenever possible to fully pipeline this function.  If this DSP48 function was inferred, it is suggested to describe an additional register stage after this function.  If the DSP48 was instantiated in the design, it is suggested to set the PREG attribute to 1.
Related violations: <none>

DPOP-1#29 Warning
PREG Output pipelining
DSP system_i/generator_accelerator_0/inst/u_admet/gen_model[2].u_fc_network/p_1_out__3 output system_i/generator_accelerator_0/inst/u_admet/gen_model[2].u_fc_network/p_1_out__3/P[47:0] is not pipelined (PREG=0). Pipelining the DSP48 output will improve performance and often saves power so it is suggested whenever possible to fully pipeline this function.  If this DSP48 function was inferred, it is suggested to describe an additional register stage after this function.  If the DSP48 was instantiated in the design, it is suggested to set the PREG attribute to 1.
Related violations: <none>

DPOP-1#30 Warning
PREG Output pipelining
DSP system_i/generator_accelerator_0/inst/u_admet/gen_model[2].u_fc_network/p_1_out__4 output system_i/generator_accelerator_0/inst/u_admet/gen_model[2].u_fc_network/p_1_out__4/P[47:0] is not pipelined (PREG=0). Pipelining the DSP48 output will improve performance and often saves power so it is suggested whenever possible to fully pipeline this function.  If this DSP48 function was inferred, it is suggested to describe an additional register stage after this function.  If the DSP48 was instantiated in the design, it is suggested to set the PREG attribute to 1.
Related violations: <none>

DPOP-1#31 Warning
PREG Output pipelining
DSP system_i/generator_accelerator_0/inst/u_admet/gen_model[2].u_fc_network/p_1_out__5 output system_i/generator_accelerator_0/inst/u_admet/gen_model[2].u_fc_network/p_1_out__5/P[47:0] is not pipelined (PREG=0). Pipelining the DSP48 output will improve performance and often saves power so it is suggested whenever possible to fully pipeline this function.  If this DSP48 function was inferred, it is suggested to describe an additional register stage after this function.  If the DSP48 was instantiated in the design, it is suggested to set the PREG attribute to 1.
Related violations: <none>

DPOP-1#32 Warning
PREG Output pipelining
DSP system_i/generator_accelerator_0/inst/u_admet/gen_model[2].u_fc_network/p_1_out__6 output system_i/generator_accelerator_0/inst/u_admet/gen_model[2].u_fc_network/p_1_out__6/P[47:0] is not pipelined (PREG=0). Pipelining the DSP48 output will improve performance and often saves power so it is suggested whenever possible to fully pipeline this function.  If this DSP48 function was inferred, it is suggested to describe an additional register stage after this function.  If the DSP48 was instantiated in the design, it is suggested to set the PREG attribute to 1.
Related violations: <none>

DPOP-1#33 Warning
PREG Output pipelining
DSP system_i/generator_accelerator_0/inst/u_admet/gen_model[2].u_fc_network/p_1_out__7 output system_i/generator_accelerator_0/inst/u_admet/gen_model[2].u_fc_network/p_1_out__7/P[47:0] is not pipelined (PREG=0). Pipelining the DSP48 output will improve performance and often saves power so it is suggested whenever possible to fully pipeline this function.  If this DSP48 function was inferred, it is suggested to describe an additional register stage after this function.  If the DSP48 was instantiated in the design, it is suggested to set the PREG attribute to 1.
Related violations: <none>

DPOP-1#34 Warning
PREG Output pipelining
DSP system_i/generator_accelerator_0/inst/u_admet/gen_model[3].u_fc_network/output_mac_next output system_i/generator_accelerator_0/inst/u_admet/gen_model[3].u_fc_network/output_mac_next/P[47:0] is not pipelined (PREG=0). Pipelining the DSP48 output will improve performance and often saves power so it is suggested whenever possible to fully pipeline this function.  If this DSP48 function was inferred, it is suggested to describe an additional register stage after this function.  If the DSP48 was instantiated in the design, it is suggested to set the PREG attribute to 1.
Related violations: <none>

DPOP-1#35 Warning
PREG Output pipelining
DSP system_i/generator_accelerator_0/inst/u_admet/gen_model[3].u_fc_network/p_0_out output system_i/generator_accelerator_0/inst/u_admet/gen_model[3].u_fc_network/p_0_out/P[47:0] is not pipelined (PREG=0). Pipelining the DSP48 output will improve performance and often saves power so it is suggested whenever possible to fully pipeline this function.  If this DSP48 function was inferred, it is suggested to describe an additional register stage after this function.  If the DSP48 was instantiated in the design, it is suggested to set the PREG attribute to 1.
Related violations: <none>

DPOP-1#36 Warning
PREG Output pipelining
DSP system_i/generator_accelerator_0/inst/u_admet/gen_model[3].u_fc_network/p_1_out output system_i/generator_accelerator_0/inst/u_admet/gen_model[3].u_fc_network/p_1_out/P[47:0] is not pipelined (PREG=0). Pipelining the DSP48 output will improve performance and often saves power so it is suggested whenever possible to fully pipeline this function.  If this DSP48 function was inferred, it is suggested to describe an additional register stage after this function.  If the DSP48 was instantiated in the design, it is suggested to set the PREG attribute to 1.
Related violations: <none>

DPOP-1#37 Warning
PREG Output pipelining
DSP system_i/generator_accelerator_0/inst/u_admet/gen_model[3].u_fc_network/p_1_out__0 output system_i/generator_accelerator_0/inst/u_admet/gen_model[3].u_fc_network/p_1_out__0/P[47:0] is not pipelined (PREG=0). Pipelining the DSP48 output will improve performance and often saves power so it is suggested whenever possible to fully pipeline this function.  If this DSP48 function was inferred, it is suggested to describe an additional register stage after this function.  If the DSP48 was instantiated in the design, it is suggested to set the PREG attribute to 1.
Related violations: <none>

DPOP-1#38 Warning
PREG Output pipelining
DSP system_i/generator_accelerator_0/inst/u_admet/gen_model[3].u_fc_network/p_1_out__1 output system_i/generator_accelerator_0/inst/u_admet/gen_model[3].u_fc_network/p_1_out__1/P[47:0] is not pipelined (PREG=0). Pipelining the DSP48 output will improve performance and often saves power so it is suggested whenever possible to fully pipeline this function.  If this DSP48 function was inferred, it is suggested to describe an additional register stage after this function.  If the DSP48 was instantiated in the design, it is suggested to set the PREG attribute to 1.
Related violations: <none>

DPOP-1#39 Warning
PREG Output pipelining
DSP system_i/generator_accelerator_0/inst/u_admet/gen_model[3].u_fc_network/p_1_out__2 output system_i/generator_accelerator_0/inst/u_admet/gen_model[3].u_fc_network/p_1_out__2/P[47:0] is not pipelined (PREG=0). Pipelining the DSP48 output will improve performance and often saves power so it is suggested whenever possible to fully pipeline this function.  If this DSP48 function was inferred, it is suggested to describe an additional register stage after this function.  If the DSP48 was instantiated in the design, it is suggested to set the PREG attribute to 1.
Related violations: <none>

DPOP-1#40 Warning
PREG Output pipelining
DSP system_i/generator_accelerator_0/inst/u_admet/gen_model[3].u_fc_network/p_1_out__3 output system_i/generator_accelerator_0/inst/u_admet/gen_model[3].u_fc_network/p_1_out__3/P[47:0] is not pipelined (PREG=0). Pipelining the DSP48 output will improve performance and often saves power so it is suggested whenever possible to fully pipeline this function.  If this DSP48 function was inferred, it is suggested to describe an additional register stage after this function.  If the DSP48 was instantiated in the design, it is suggested to set the PREG attribute to 1.
Related violations: <none>

DPOP-1#41 Warning
PREG Output pipelining
DSP system_i/generator_accelerator_0/inst/u_admet/gen_model[3].u_fc_network/p_1_out__4 output system_i/generator_accelerator_0/inst/u_admet/gen_model[3].u_fc_network/p_1_out__4/P[47:0] is not pipelined (PREG=0). Pipelining the DSP48 output will improve performance and often saves power so it is suggested whenever possible to fully pipeline this function.  If this DSP48 function was inferred, it is suggested to describe an additional register stage after this function.  If the DSP48 was instantiated in the design, it is suggested to set the PREG attribute to 1.
Related violations: <none>

DPOP-1#42 Warning
PREG Output pipelining
DSP system_i/generator_accelerator_0/inst/u_admet/gen_model[3].u_fc_network/p_1_out__5 output system_i/generator_accelerator_0/inst/u_admet/gen_model[3].u_fc_network/p_1_out__5/P[47:0] is not pipelined (PREG=0). Pipelining the DSP48 output will improve performance and often saves power so it is suggested whenever possible to fully pipeline this function.  If this DSP48 function was inferred, it is suggested to describe an additional register stage after this function.  If the DSP48 was instantiated in the design, it is suggested to set the PREG attribute to 1.
Related violations: <none>

DPOP-1#43 Warning
PREG Output pipelining
DSP system_i/generator_accelerator_0/inst/u_admet/gen_model[3].u_fc_network/p_1_out__6 output system_i/generator_accelerator_0/inst/u_admet/gen_model[3].u_fc_network/p_1_out__6/P[47:0] is not pipelined (PREG=0). Pipelining the DSP48 output will improve performance and often saves power so it is suggested whenever possible to fully pipeline this function.  If this DSP48 function was inferred, it is suggested to describe an additional register stage after this function.  If the DSP48 was instantiated in the design, it is suggested to set the PREG attribute to 1.
Related violations: <none>

DPOP-1#44 Warning
PREG Output pipelining
DSP system_i/generator_accelerator_0/inst/u_admet/gen_model[3].u_fc_network/p_1_out__7 output system_i/generator_accelerator_0/inst/u_admet/gen_model[3].u_fc_network/p_1_out__7/P[47:0] is not pipelined (PREG=0). Pipelining the DSP48 output will improve performance and often saves power so it is suggested whenever possible to fully pipeline this function.  If this DSP48 function was inferred, it is suggested to describe an additional register stage after this function.  If the DSP48 was instantiated in the design, it is suggested to set the PREG attribute to 1.
Related violations: <none>

DPOP-1#45 Warning
PREG Output pipelining
DSP system_i/generator_accelerator_0/inst/u_tanimoto/quotient_product_reg0 output system_i/generator_accelerator_0/inst/u_tanimoto/quotient_product_reg0/P[47:0] is not pipelined (PREG=0). Pipelining the DSP48 output will improve performance and often saves power so it is suggested whenever possible to fully pipeline this function.  If this DSP48 function was inferred, it is suggested to describe an additional register stage after this function.  If the DSP48 was instantiated in the design, it is suggested to set the PREG attribute to 1.
Related violations: <none>

DPOP-2#1 Warning
MREG Output pipelining
DSP system_i/generator_accelerator_0/inst/u_admet/gen_model[0].u_fc_network/output_mac_next multiplier stage system_i/generator_accelerator_0/inst/u_admet/gen_model[0].u_fc_network/output_mac_next/P[47:0] is not pipelined (MREG=0). Pipelining the multiplier function will improve performance and will save significant power so it is suggested whenever possible to fully pipeline this function.  If this multiplier was inferred, it is suggested to describe an additional register stage after this function.  If there is no registered adder/accumulator following the multiply function, two pipeline stages are suggested to allow both the MREG and PREG registers to be used.  If the DSP48 was instantiated in the design, it is suggested to set both the MREG and PREG attributes to 1 when performing multiply functions.
Related violations: <none>

DPOP-2#2 Warning
MREG Output pipelining
DSP system_i/generator_accelerator_0/inst/u_admet/gen_model[0].u_fc_network/p_0_out multiplier stage system_i/generator_accelerator_0/inst/u_admet/gen_model[0].u_fc_network/p_0_out/P[47:0] is not pipelined (MREG=0). Pipelining the multiplier function will improve performance and will save significant power so it is suggested whenever possible to fully pipeline this function.  If this multiplier was inferred, it is suggested to describe an additional register stage after this function.  If there is no registered adder/accumulator following the multiply function, two pipeline stages are suggested to allow both the MREG and PREG registers to be used.  If the DSP48 was instantiated in the design, it is suggested to set both the MREG and PREG attributes to 1 when performing multiply functions.
Related violations: <none>

DPOP-2#3 Warning
MREG Output pipelining
DSP system_i/generator_accelerator_0/inst/u_admet/gen_model[0].u_fc_network/p_1_out multiplier stage system_i/generator_accelerator_0/inst/u_admet/gen_model[0].u_fc_network/p_1_out/P[47:0] is not pipelined (MREG=0). Pipelining the multiplier function will improve performance and will save significant power so it is suggested whenever possible to fully pipeline this function.  If this multiplier was inferred, it is suggested to describe an additional register stage after this function.  If there is no registered adder/accumulator following the multiply function, two pipeline stages are suggested to allow both the MREG and PREG registers to be used.  If the DSP48 was instantiated in the design, it is suggested to set both the MREG and PREG attributes to 1 when performing multiply functions.
Related violations: <none>

DPOP-2#4 Warning
MREG Output pipelining
DSP system_i/generator_accelerator_0/inst/u_admet/gen_model[0].u_fc_network/p_1_out__0 multiplier stage system_i/generator_accelerator_0/inst/u_admet/gen_model[0].u_fc_network/p_1_out__0/P[47:0] is not pipelined (MREG=0). Pipelining the multiplier function will improve performance and will save significant power so it is suggested whenever possible to fully pipeline this function.  If this multiplier was inferred, it is suggested to describe an additional register stage after this function.  If there is no registered adder/accumulator following the multiply function, two pipeline stages are suggested to allow both the MREG and PREG registers to be used.  If the DSP48 was instantiated in the design, it is suggested to set both the MREG and PREG attributes to 1 when performing multiply functions.
Related violations: <none>

DPOP-2#5 Warning
MREG Output pipelining
DSP system_i/generator_accelerator_0/inst/u_admet/gen_model[0].u_fc_network/p_1_out__1 multiplier stage system_i/generator_accelerator_0/inst/u_admet/gen_model[0].u_fc_network/p_1_out__1/P[47:0] is not pipelined (MREG=0). Pipelining the multiplier function will improve performance and will save significant power so it is suggested whenever possible to fully pipeline this function.  If this multiplier was inferred, it is suggested to describe an additional register stage after this function.  If there is no registered adder/accumulator following the multiply function, two pipeline stages are suggested to allow both the MREG and PREG registers to be used.  If the DSP48 was instantiated in the design, it is suggested to set both the MREG and PREG attributes to 1 when performing multiply functions.
Related violations: <none>

DPOP-2#6 Warning
MREG Output pipelining
DSP system_i/generator_accelerator_0/inst/u_admet/gen_model[0].u_fc_network/p_1_out__2 multiplier stage system_i/generator_accelerator_0/inst/u_admet/gen_model[0].u_fc_network/p_1_out__2/P[47:0] is not pipelined (MREG=0). Pipelining the multiplier function will improve performance and will save significant power so it is suggested whenever possible to fully pipeline this function.  If this multiplier was inferred, it is suggested to describe an additional register stage after this function.  If there is no registered adder/accumulator following the multiply function, two pipeline stages are suggested to allow both the MREG and PREG registers to be used.  If the DSP48 was instantiated in the design, it is suggested to set both the MREG and PREG attributes to 1 when performing multiply functions.
Related violations: <none>

DPOP-2#7 Warning
MREG Output pipelining
DSP system_i/generator_accelerator_0/inst/u_admet/gen_model[0].u_fc_network/p_1_out__3 multiplier stage system_i/generator_accelerator_0/inst/u_admet/gen_model[0].u_fc_network/p_1_out__3/P[47:0] is not pipelined (MREG=0). Pipelining the multiplier function will improve performance and will save significant power so it is suggested whenever possible to fully pipeline this function.  If this multiplier was inferred, it is suggested to describe an additional register stage after this function.  If there is no registered adder/accumulator following the multiply function, two pipeline stages are suggested to allow both the MREG and PREG registers to be used.  If the DSP48 was instantiated in the design, it is suggested to set both the MREG and PREG attributes to 1 when performing multiply functions.
Related violations: <none>

DPOP-2#8 Warning
MREG Output pipelining
DSP system_i/generator_accelerator_0/inst/u_admet/gen_model[0].u_fc_network/p_1_out__4 multiplier stage system_i/generator_accelerator_0/inst/u_admet/gen_model[0].u_fc_network/p_1_out__4/P[47:0] is not pipelined (MREG=0). Pipelining the multiplier function will improve performance and will save significant power so it is suggested whenever possible to fully pipeline this function.  If this multiplier was inferred, it is suggested to describe an additional register stage after this function.  If there is no registered adder/accumulator following the multiply function, two pipeline stages are suggested to allow both the MREG and PREG registers to be used.  If the DSP48 was instantiated in the design, it is suggested to set both the MREG and PREG attributes to 1 when performing multiply functions.
Related violations: <none>

DPOP-2#9 Warning
MREG Output pipelining
DSP system_i/generator_accelerator_0/inst/u_admet/gen_model[0].u_fc_network/p_1_out__5 multiplier stage system_i/generator_accelerator_0/inst/u_admet/gen_model[0].u_fc_network/p_1_out__5/P[47:0] is not pipelined (MREG=0). Pipelining the multiplier function will improve performance and will save significant power so it is suggested whenever possible to fully pipeline this function.  If this multiplier was inferred, it is suggested to describe an additional register stage after this function.  If there is no registered adder/accumulator following the multiply function, two pipeline stages are suggested to allow both the MREG and PREG registers to be used.  If the DSP48 was instantiated in the design, it is suggested to set both the MREG and PREG attributes to 1 when performing multiply functions.
Related violations: <none>

DPOP-2#10 Warning
MREG Output pipelining
DSP system_i/generator_accelerator_0/inst/u_admet/gen_model[0].u_fc_network/p_1_out__6 multiplier stage system_i/generator_accelerator_0/inst/u_admet/gen_model[0].u_fc_network/p_1_out__6/P[47:0] is not pipelined (MREG=0). Pipelining the multiplier function will improve performance and will save significant power so it is suggested whenever possible to fully pipeline this function.  If this multiplier was inferred, it is suggested to describe an additional register stage after this function.  If there is no registered adder/accumulator following the multiply function, two pipeline stages are suggested to allow both the MREG and PREG registers to be used.  If the DSP48 was instantiated in the design, it is suggested to set both the MREG and PREG attributes to 1 when performing multiply functions.
Related violations: <none>

DPOP-2#11 Warning
MREG Output pipelining
DSP system_i/generator_accelerator_0/inst/u_admet/gen_model[0].u_fc_network/p_1_out__7 multiplier stage system_i/generator_accelerator_0/inst/u_admet/gen_model[0].u_fc_network/p_1_out__7/P[47:0] is not pipelined (MREG=0). Pipelining the multiplier function will improve performance and will save significant power so it is suggested whenever possible to fully pipeline this function.  If this multiplier was inferred, it is suggested to describe an additional register stage after this function.  If there is no registered adder/accumulator following the multiply function, two pipeline stages are suggested to allow both the MREG and PREG registers to be used.  If the DSP48 was instantiated in the design, it is suggested to set both the MREG and PREG attributes to 1 when performing multiply functions.
Related violations: <none>

DPOP-2#12 Warning
MREG Output pipelining
DSP system_i/generator_accelerator_0/inst/u_admet/gen_model[1].u_fc_network/output_mac_next multiplier stage system_i/generator_accelerator_0/inst/u_admet/gen_model[1].u_fc_network/output_mac_next/P[47:0] is not pipelined (MREG=0). Pipelining the multiplier function will improve performance and will save significant power so it is suggested whenever possible to fully pipeline this function.  If this multiplier was inferred, it is suggested to describe an additional register stage after this function.  If there is no registered adder/accumulator following the multiply function, two pipeline stages are suggested to allow both the MREG and PREG registers to be used.  If the DSP48 was instantiated in the design, it is suggested to set both the MREG and PREG attributes to 1 when performing multiply functions.
Related violations: <none>

DPOP-2#13 Warning
MREG Output pipelining
DSP system_i/generator_accelerator_0/inst/u_admet/gen_model[1].u_fc_network/p_0_out multiplier stage system_i/generator_accelerator_0/inst/u_admet/gen_model[1].u_fc_network/p_0_out/P[47:0] is not pipelined (MREG=0). Pipelining the multiplier function will improve performance and will save significant power so it is suggested whenever possible to fully pipeline this function.  If this multiplier was inferred, it is suggested to describe an additional register stage after this function.  If there is no registered adder/accumulator following the multiply function, two pipeline stages are suggested to allow both the MREG and PREG registers to be used.  If the DSP48 was instantiated in the design, it is suggested to set both the MREG and PREG attributes to 1 when performing multiply functions.
Related violations: <none>

DPOP-2#14 Warning
MREG Output pipelining
DSP system_i/generator_accelerator_0/inst/u_admet/gen_model[1].u_fc_network/p_1_out multiplier stage system_i/generator_accelerator_0/inst/u_admet/gen_model[1].u_fc_network/p_1_out/P[47:0] is not pipelined (MREG=0). Pipelining the multiplier function will improve performance and will save significant power so it is suggested whenever possible to fully pipeline this function.  If this multiplier was inferred, it is suggested to describe an additional register stage after this function.  If there is no registered adder/accumulator following the multiply function, two pipeline stages are suggested to allow both the MREG and PREG registers to be used.  If the DSP48 was instantiated in the design, it is suggested to set both the MREG and PREG attributes to 1 when performing multiply functions.
Related violations: <none>

DPOP-2#15 Warning
MREG Output pipelining
DSP system_i/generator_accelerator_0/inst/u_admet/gen_model[1].u_fc_network/p_1_out__0 multiplier stage system_i/generator_accelerator_0/inst/u_admet/gen_model[1].u_fc_network/p_1_out__0/P[47:0] is not pipelined (MREG=0). Pipelining the multiplier function will improve performance and will save significant power so it is suggested whenever possible to fully pipeline this function.  If this multiplier was inferred, it is suggested to describe an additional register stage after this function.  If there is no registered adder/accumulator following the multiply function, two pipeline stages are suggested to allow both the MREG and PREG registers to be used.  If the DSP48 was instantiated in the design, it is suggested to set both the MREG and PREG attributes to 1 when performing multiply functions.
Related violations: <none>

DPOP-2#16 Warning
MREG Output pipelining
DSP system_i/generator_accelerator_0/inst/u_admet/gen_model[1].u_fc_network/p_1_out__1 multiplier stage system_i/generator_accelerator_0/inst/u_admet/gen_model[1].u_fc_network/p_1_out__1/P[47:0] is not pipelined (MREG=0). Pipelining the multiplier function will improve performance and will save significant power so it is suggested whenever possible to fully pipeline this function.  If this multiplier was inferred, it is suggested to describe an additional register stage after this function.  If there is no registered adder/accumulator following the multiply function, two pipeline stages are suggested to allow both the MREG and PREG registers to be used.  If the DSP48 was instantiated in the design, it is suggested to set both the MREG and PREG attributes to 1 when performing multiply functions.
Related violations: <none>

DPOP-2#17 Warning
MREG Output pipelining
DSP system_i/generator_accelerator_0/inst/u_admet/gen_model[1].u_fc_network/p_1_out__2 multiplier stage system_i/generator_accelerator_0/inst/u_admet/gen_model[1].u_fc_network/p_1_out__2/P[47:0] is not pipelined (MREG=0). Pipelining the multiplier function will improve performance and will save significant power so it is suggested whenever possible to fully pipeline this function.  If this multiplier was inferred, it is suggested to describe an additional register stage after this function.  If there is no registered adder/accumulator following the multiply function, two pipeline stages are suggested to allow both the MREG and PREG registers to be used.  If the DSP48 was instantiated in the design, it is suggested to set both the MREG and PREG attributes to 1 when performing multiply functions.
Related violations: <none>

DPOP-2#18 Warning
MREG Output pipelining
DSP system_i/generator_accelerator_0/inst/u_admet/gen_model[1].u_fc_network/p_1_out__3 multiplier stage system_i/generator_accelerator_0/inst/u_admet/gen_model[1].u_fc_network/p_1_out__3/P[47:0] is not pipelined (MREG=0). Pipelining the multiplier function will improve performance and will save significant power so it is suggested whenever possible to fully pipeline this function.  If this multiplier was inferred, it is suggested to describe an additional register stage after this function.  If there is no registered adder/accumulator following the multiply function, two pipeline stages are suggested to allow both the MREG and PREG registers to be used.  If the DSP48 was instantiated in the design, it is suggested to set both the MREG and PREG attributes to 1 when performing multiply functions.
Related violations: <none>

DPOP-2#19 Warning
MREG Output pipelining
DSP system_i/generator_accelerator_0/inst/u_admet/gen_model[1].u_fc_network/p_1_out__4 multiplier stage system_i/generator_accelerator_0/inst/u_admet/gen_model[1].u_fc_network/p_1_out__4/P[47:0] is not pipelined (MREG=0). Pipelining the multiplier function will improve performance and will save significant power so it is suggested whenever possible to fully pipeline this function.  If this multiplier was inferred, it is suggested to describe an additional register stage after this function.  If there is no registered adder/accumulator following the multiply function, two pipeline stages are suggested to allow both the MREG and PREG registers to be used.  If the DSP48 was instantiated in the design, it is suggested to set both the MREG and PREG attributes to 1 when performing multiply functions.
Related violations: <none>

DPOP-2#20 Warning
MREG Output pipelining
DSP system_i/generator_accelerator_0/inst/u_admet/gen_model[1].u_fc_network/p_1_out__5 multiplier stage system_i/generator_accelerator_0/inst/u_admet/gen_model[1].u_fc_network/p_1_out__5/P[47:0] is not pipelined (MREG=0). Pipelining the multiplier function will improve performance and will save significant power so it is suggested whenever possible to fully pipeline this function.  If this multiplier was inferred, it is suggested to describe an additional register stage after this function.  If there is no registered adder/accumulator following the multiply function, two pipeline stages are suggested to allow both the MREG and PREG registers to be used.  If the DSP48 was instantiated in the design, it is suggested to set both the MREG and PREG attributes to 1 when performing multiply functions.
Related violations: <none>

DPOP-2#21 Warning
MREG Output pipelining
DSP system_i/generator_accelerator_0/inst/u_admet/gen_model[1].u_fc_network/p_1_out__6 multiplier stage system_i/generator_accelerator_0/inst/u_admet/gen_model[1].u_fc_network/p_1_out__6/P[47:0] is not pipelined (MREG=0). Pipelining the multiplier function will improve performance and will save significant power so it is suggested whenever possible to fully pipeline this function.  If this multiplier was inferred, it is suggested to describe an additional register stage after this function.  If there is no registered adder/accumulator following the multiply function, two pipeline stages are suggested to allow both the MREG and PREG registers to be used.  If the DSP48 was instantiated in the design, it is suggested to set both the MREG and PREG attributes to 1 when performing multiply functions.
Related violations: <none>

DPOP-2#22 Warning
MREG Output pipelining
DSP system_i/generator_accelerator_0/inst/u_admet/gen_model[1].u_fc_network/p_1_out__7 multiplier stage system_i/generator_accelerator_0/inst/u_admet/gen_model[1].u_fc_network/p_1_out__7/P[47:0] is not pipelined (MREG=0). Pipelining the multiplier function will improve performance and will save significant power so it is suggested whenever possible to fully pipeline this function.  If this multiplier was inferred, it is suggested to describe an additional register stage after this function.  If there is no registered adder/accumulator following the multiply function, two pipeline stages are suggested to allow both the MREG and PREG registers to be used.  If the DSP48 was instantiated in the design, it is suggested to set both the MREG and PREG attributes to 1 when performing multiply functions.
Related violations: <none>

DPOP-2#23 Warning
MREG Output pipelining
DSP system_i/generator_accelerator_0/inst/u_admet/gen_model[2].u_fc_network/output_mac_next multiplier stage system_i/generator_accelerator_0/inst/u_admet/gen_model[2].u_fc_network/output_mac_next/P[47:0] is not pipelined (MREG=0). Pipelining the multiplier function will improve performance and will save significant power so it is suggested whenever possible to fully pipeline this function.  If this multiplier was inferred, it is suggested to describe an additional register stage after this function.  If there is no registered adder/accumulator following the multiply function, two pipeline stages are suggested to allow both the MREG and PREG registers to be used.  If the DSP48 was instantiated in the design, it is suggested to set both the MREG and PREG attributes to 1 when performing multiply functions.
Related violations: <none>

DPOP-2#24 Warning
MREG Output pipelining
DSP system_i/generator_accelerator_0/inst/u_admet/gen_model[2].u_fc_network/p_0_out multiplier stage system_i/generator_accelerator_0/inst/u_admet/gen_model[2].u_fc_network/p_0_out/P[47:0] is not pipelined (MREG=0). Pipelining the multiplier function will improve performance and will save significant power so it is suggested whenever possible to fully pipeline this function.  If this multiplier was inferred, it is suggested to describe an additional register stage after this function.  If there is no registered adder/accumulator following the multiply function, two pipeline stages are suggested to allow both the MREG and PREG registers to be used.  If the DSP48 was instantiated in the design, it is suggested to set both the MREG and PREG attributes to 1 when performing multiply functions.
Related violations: <none>

DPOP-2#25 Warning
MREG Output pipelining
DSP system_i/generator_accelerator_0/inst/u_admet/gen_model[2].u_fc_network/p_1_out multiplier stage system_i/generator_accelerator_0/inst/u_admet/gen_model[2].u_fc_network/p_1_out/P[47:0] is not pipelined (MREG=0). Pipelining the multiplier function will improve performance and will save significant power so it is suggested whenever possible to fully pipeline this function.  If this multiplier was inferred, it is suggested to describe an additional register stage after this function.  If there is no registered adder/accumulator following the multiply function, two pipeline stages are suggested to allow both the MREG and PREG registers to be used.  If the DSP48 was instantiated in the design, it is suggested to set both the MREG and PREG attributes to 1 when performing multiply functions.
Related violations: <none>

DPOP-2#26 Warning
MREG Output pipelining
DSP system_i/generator_accelerator_0/inst/u_admet/gen_model[2].u_fc_network/p_1_out__0 multiplier stage system_i/generator_accelerator_0/inst/u_admet/gen_model[2].u_fc_network/p_1_out__0/P[47:0] is not pipelined (MREG=0). Pipelining the multiplier function will improve performance and will save significant power so it is suggested whenever possible to fully pipeline this function.  If this multiplier was inferred, it is suggested to describe an additional register stage after this function.  If there is no registered adder/accumulator following the multiply function, two pipeline stages are suggested to allow both the MREG and PREG registers to be used.  If the DSP48 was instantiated in the design, it is suggested to set both the MREG and PREG attributes to 1 when performing multiply functions.
Related violations: <none>

DPOP-2#27 Warning
MREG Output pipelining
DSP system_i/generator_accelerator_0/inst/u_admet/gen_model[2].u_fc_network/p_1_out__1 multiplier stage system_i/generator_accelerator_0/inst/u_admet/gen_model[2].u_fc_network/p_1_out__1/P[47:0] is not pipelined (MREG=0). Pipelining the multiplier function will improve performance and will save significant power so it is suggested whenever possible to fully pipeline this function.  If this multiplier was inferred, it is suggested to describe an additional register stage after this function.  If there is no registered adder/accumulator following the multiply function, two pipeline stages are suggested to allow both the MREG and PREG registers to be used.  If the DSP48 was instantiated in the design, it is suggested to set both the MREG and PREG attributes to 1 when performing multiply functions.
Related violations: <none>

DPOP-2#28 Warning
MREG Output pipelining
DSP system_i/generator_accelerator_0/inst/u_admet/gen_model[2].u_fc_network/p_1_out__2 multiplier stage system_i/generator_accelerator_0/inst/u_admet/gen_model[2].u_fc_network/p_1_out__2/P[47:0] is not pipelined (MREG=0). Pipelining the multiplier function will improve performance and will save significant power so it is suggested whenever possible to fully pipeline this function.  If this multiplier was inferred, it is suggested to describe an additional register stage after this function.  If there is no registered adder/accumulator following the multiply function, two pipeline stages are suggested to allow both the MREG and PREG registers to be used.  If the DSP48 was instantiated in the design, it is suggested to set both the MREG and PREG attributes to 1 when performing multiply functions.
Related violations: <none>

DPOP-2#29 Warning
MREG Output pipelining
DSP system_i/generator_accelerator_0/inst/u_admet/gen_model[2].u_fc_network/p_1_out__3 multiplier stage system_i/generator_accelerator_0/inst/u_admet/gen_model[2].u_fc_network/p_1_out__3/P[47:0] is not pipelined (MREG=0). Pipelining the multiplier function will improve performance and will save significant power so it is suggested whenever possible to fully pipeline this function.  If this multiplier was inferred, it is suggested to describe an additional register stage after this function.  If there is no registered adder/accumulator following the multiply function, two pipeline stages are suggested to allow both the MREG and PREG registers to be used.  If the DSP48 was instantiated in the design, it is suggested to set both the MREG and PREG attributes to 1 when performing multiply functions.
Related violations: <none>

DPOP-2#30 Warning
MREG Output pipelining
DSP system_i/generator_accelerator_0/inst/u_admet/gen_model[2].u_fc_network/p_1_out__4 multiplier stage system_i/generator_accelerator_0/inst/u_admet/gen_model[2].u_fc_network/p_1_out__4/P[47:0] is not pipelined (MREG=0). Pipelining the multiplier function will improve performance and will save significant power so it is suggested whenever possible to fully pipeline this function.  If this multiplier was inferred, it is suggested to describe an additional register stage after this function.  If there is no registered adder/accumulator following the multiply function, two pipeline stages are suggested to allow both the MREG and PREG registers to be used.  If the DSP48 was instantiated in the design, it is suggested to set both the MREG and PREG attributes to 1 when performing multiply functions.
Related violations: <none>

DPOP-2#31 Warning
MREG Output pipelining
DSP system_i/generator_accelerator_0/inst/u_admet/gen_model[2].u_fc_network/p_1_out__5 multiplier stage system_i/generator_accelerator_0/inst/u_admet/gen_model[2].u_fc_network/p_1_out__5/P[47:0] is not pipelined (MREG=0). Pipelining the multiplier function will improve performance and will save significant power so it is suggested whenever possible to fully pipeline this function.  If this multiplier was inferred, it is suggested to describe an additional register stage after this function.  If there is no registered adder/accumulator following the multiply function, two pipeline stages are suggested to allow both the MREG and PREG registers to be used.  If the DSP48 was instantiated in the design, it is suggested to set both the MREG and PREG attributes to 1 when performing multiply functions.
Related violations: <none>

DPOP-2#32 Warning
MREG Output pipelining
DSP system_i/generator_accelerator_0/inst/u_admet/gen_model[2].u_fc_network/p_1_out__6 multiplier stage system_i/generator_accelerator_0/inst/u_admet/gen_model[2].u_fc_network/p_1_out__6/P[47:0] is not pipelined (MREG=0). Pipelining the multiplier function will improve performance and will save significant power so it is suggested whenever possible to fully pipeline this function.  If this multiplier was inferred, it is suggested to describe an additional register stage after this function.  If there is no registered adder/accumulator following the multiply function, two pipeline stages are suggested to allow both the MREG and PREG registers to be used.  If the DSP48 was instantiated in the design, it is suggested to set both the MREG and PREG attributes to 1 when performing multiply functions.
Related violations: <none>

DPOP-2#33 Warning
MREG Output pipelining
DSP system_i/generator_accelerator_0/inst/u_admet/gen_model[2].u_fc_network/p_1_out__7 multiplier stage system_i/generator_accelerator_0/inst/u_admet/gen_model[2].u_fc_network/p_1_out__7/P[47:0] is not pipelined (MREG=0). Pipelining the multiplier function will improve performance and will save significant power so it is suggested whenever possible to fully pipeline this function.  If this multiplier was inferred, it is suggested to describe an additional register stage after this function.  If there is no registered adder/accumulator following the multiply function, two pipeline stages are suggested to allow both the MREG and PREG registers to be used.  If the DSP48 was instantiated in the design, it is suggested to set both the MREG and PREG attributes to 1 when performing multiply functions.
Related violations: <none>

DPOP-2#34 Warning
MREG Output pipelining
DSP system_i/generator_accelerator_0/inst/u_admet/gen_model[3].u_fc_network/output_mac_next multiplier stage system_i/generator_accelerator_0/inst/u_admet/gen_model[3].u_fc_network/output_mac_next/P[47:0] is not pipelined (MREG=0). Pipelining the multiplier function will improve performance and will save significant power so it is suggested whenever possible to fully pipeline this function.  If this multiplier was inferred, it is suggested to describe an additional register stage after this function.  If there is no registered adder/accumulator following the multiply function, two pipeline stages are suggested to allow both the MREG and PREG registers to be used.  If the DSP48 was instantiated in the design, it is suggested to set both the MREG and PREG attributes to 1 when performing multiply functions.
Related violations: <none>

DPOP-2#35 Warning
MREG Output pipelining
DSP system_i/generator_accelerator_0/inst/u_admet/gen_model[3].u_fc_network/p_0_out multiplier stage system_i/generator_accelerator_0/inst/u_admet/gen_model[3].u_fc_network/p_0_out/P[47:0] is not pipelined (MREG=0). Pipelining the multiplier function will improve performance and will save significant power so it is suggested whenever possible to fully pipeline this function.  If this multiplier was inferred, it is suggested to describe an additional register stage after this function.  If there is no registered adder/accumulator following the multiply function, two pipeline stages are suggested to allow both the MREG and PREG registers to be used.  If the DSP48 was instantiated in the design, it is suggested to set both the MREG and PREG attributes to 1 when performing multiply functions.
Related violations: <none>

DPOP-2#36 Warning
MREG Output pipelining
DSP system_i/generator_accelerator_0/inst/u_admet/gen_model[3].u_fc_network/p_1_out multiplier stage system_i/generator_accelerator_0/inst/u_admet/gen_model[3].u_fc_network/p_1_out/P[47:0] is not pipelined (MREG=0). Pipelining the multiplier function will improve performance and will save significant power so it is suggested whenever possible to fully pipeline this function.  If this multiplier was inferred, it is suggested to describe an additional register stage after this function.  If there is no registered adder/accumulator following the multiply function, two pipeline stages are suggested to allow both the MREG and PREG registers to be used.  If the DSP48 was instantiated in the design, it is suggested to set both the MREG and PREG attributes to 1 when performing multiply functions.
Related violations: <none>

DPOP-2#37 Warning
MREG Output pipelining
DSP system_i/generator_accelerator_0/inst/u_admet/gen_model[3].u_fc_network/p_1_out__0 multiplier stage system_i/generator_accelerator_0/inst/u_admet/gen_model[3].u_fc_network/p_1_out__0/P[47:0] is not pipelined (MREG=0). Pipelining the multiplier function will improve performance and will save significant power so it is suggested whenever possible to fully pipeline this function.  If this multiplier was inferred, it is suggested to describe an additional register stage after this function.  If there is no registered adder/accumulator following the multiply function, two pipeline stages are suggested to allow both the MREG and PREG registers to be used.  If the DSP48 was instantiated in the design, it is suggested to set both the MREG and PREG attributes to 1 when performing multiply functions.
Related violations: <none>

DPOP-2#38 Warning
MREG Output pipelining
DSP system_i/generator_accelerator_0/inst/u_admet/gen_model[3].u_fc_network/p_1_out__1 multiplier stage system_i/generator_accelerator_0/inst/u_admet/gen_model[3].u_fc_network/p_1_out__1/P[47:0] is not pipelined (MREG=0). Pipelining the multiplier function will improve performance and will save significant power so it is suggested whenever possible to fully pipeline this function.  If this multiplier was inferred, it is suggested to describe an additional register stage after this function.  If there is no registered adder/accumulator following the multiply function, two pipeline stages are suggested to allow both the MREG and PREG registers to be used.  If the DSP48 was instantiated in the design, it is suggested to set both the MREG and PREG attributes to 1 when performing multiply functions.
Related violations: <none>

DPOP-2#39 Warning
MREG Output pipelining
DSP system_i/generator_accelerator_0/inst/u_admet/gen_model[3].u_fc_network/p_1_out__2 multiplier stage system_i/generator_accelerator_0/inst/u_admet/gen_model[3].u_fc_network/p_1_out__2/P[47:0] is not pipelined (MREG=0). Pipelining the multiplier function will improve performance and will save significant power so it is suggested whenever possible to fully pipeline this function.  If this multiplier was inferred, it is suggested to describe an additional register stage after this function.  If there is no registered adder/accumulator following the multiply function, two pipeline stages are suggested to allow both the MREG and PREG registers to be used.  If the DSP48 was instantiated in the design, it is suggested to set both the MREG and PREG attributes to 1 when performing multiply functions.
Related violations: <none>

DPOP-2#40 Warning
MREG Output pipelining
DSP system_i/generator_accelerator_0/inst/u_admet/gen_model[3].u_fc_network/p_1_out__3 multiplier stage system_i/generator_accelerator_0/inst/u_admet/gen_model[3].u_fc_network/p_1_out__3/P[47:0] is not pipelined (MREG=0). Pipelining the multiplier function will improve performance and will save significant power so it is suggested whenever possible to fully pipeline this function.  If this multiplier was inferred, it is suggested to describe an additional register stage after this function.  If there is no registered adder/accumulator following the multiply function, two pipeline stages are suggested to allow both the MREG and PREG registers to be used.  If the DSP48 was instantiated in the design, it is suggested to set both the MREG and PREG attributes to 1 when performing multiply functions.
Related violations: <none>

DPOP-2#41 Warning
MREG Output pipelining
DSP system_i/generator_accelerator_0/inst/u_admet/gen_model[3].u_fc_network/p_1_out__4 multiplier stage system_i/generator_accelerator_0/inst/u_admet/gen_model[3].u_fc_network/p_1_out__4/P[47:0] is not pipelined (MREG=0). Pipelining the multiplier function will improve performance and will save significant power so it is suggested whenever possible to fully pipeline this function.  If this multiplier was inferred, it is suggested to describe an additional register stage after this function.  If there is no registered adder/accumulator following the multiply function, two pipeline stages are suggested to allow both the MREG and PREG registers to be used.  If the DSP48 was instantiated in the design, it is suggested to set both the MREG and PREG attributes to 1 when performing multiply functions.
Related violations: <none>

DPOP-2#42 Warning
MREG Output pipelining
DSP system_i/generator_accelerator_0/inst/u_admet/gen_model[3].u_fc_network/p_1_out__5 multiplier stage system_i/generator_accelerator_0/inst/u_admet/gen_model[3].u_fc_network/p_1_out__5/P[47:0] is not pipelined (MREG=0). Pipelining the multiplier function will improve performance and will save significant power so it is suggested whenever possible to fully pipeline this function.  If this multiplier was inferred, it is suggested to describe an additional register stage after this function.  If there is no registered adder/accumulator following the multiply function, two pipeline stages are suggested to allow both the MREG and PREG registers to be used.  If the DSP48 was instantiated in the design, it is suggested to set both the MREG and PREG attributes to 1 when performing multiply functions.
Related violations: <none>

DPOP-2#43 Warning
MREG Output pipelining
DSP system_i/generator_accelerator_0/inst/u_admet/gen_model[3].u_fc_network/p_1_out__6 multiplier stage system_i/generator_accelerator_0/inst/u_admet/gen_model[3].u_fc_network/p_1_out__6/P[47:0] is not pipelined (MREG=0). Pipelining the multiplier function will improve performance and will save significant power so it is suggested whenever possible to fully pipeline this function.  If this multiplier was inferred, it is suggested to describe an additional register stage after this function.  If there is no registered adder/accumulator following the multiply function, two pipeline stages are suggested to allow both the MREG and PREG registers to be used.  If the DSP48 was instantiated in the design, it is suggested to set both the MREG and PREG attributes to 1 when performing multiply functions.
Related violations: <none>

DPOP-2#44 Warning
MREG Output pipelining
DSP system_i/generator_accelerator_0/inst/u_admet/gen_model[3].u_fc_network/p_1_out__7 multiplier stage system_i/generator_accelerator_0/inst/u_admet/gen_model[3].u_fc_network/p_1_out__7/P[47:0] is not pipelined (MREG=0). Pipelining the multiplier function will improve performance and will save significant power so it is suggested whenever possible to fully pipeline this function.  If this multiplier was inferred, it is suggested to describe an additional register stage after this function.  If there is no registered adder/accumulator following the multiply function, two pipeline stages are suggested to allow both the MREG and PREG registers to be used.  If the DSP48 was instantiated in the design, it is suggested to set both the MREG and PREG attributes to 1 when performing multiply functions.
Related violations: <none>

DPOP-2#45 Warning
MREG Output pipelining
DSP system_i/generator_accelerator_0/inst/u_gnn/mac_product_bus0 multiplier stage system_i/generator_accelerator_0/inst/u_gnn/mac_product_bus0/P[47:0] is not pipelined (MREG=0). Pipelining the multiplier function will improve performance and will save significant power so it is suggested whenever possible to fully pipeline this function.  If this multiplier was inferred, it is suggested to describe an additional register stage after this function.  If there is no registered adder/accumulator following the multiply function, two pipeline stages are suggested to allow both the MREG and PREG registers to be used.  If the DSP48 was instantiated in the design, it is suggested to set both the MREG and PREG attributes to 1 when performing multiply functions.
Related violations: <none>

DPOP-2#46 Warning
MREG Output pipelining
DSP system_i/generator_accelerator_0/inst/u_gnn/mac_product_bus0__0 multiplier stage system_i/generator_accelerator_0/inst/u_gnn/mac_product_bus0__0/P[47:0] is not pipelined (MREG=0). Pipelining the multiplier function will improve performance and will save significant power so it is suggested whenever possible to fully pipeline this function.  If this multiplier was inferred, it is suggested to describe an additional register stage after this function.  If there is no registered adder/accumulator following the multiply function, two pipeline stages are suggested to allow both the MREG and PREG registers to be used.  If the DSP48 was instantiated in the design, it is suggested to set both the MREG and PREG attributes to 1 when performing multiply functions.
Related violations: <none>

DPOP-2#47 Warning
MREG Output pipelining
DSP system_i/generator_accelerator_0/inst/u_gnn/mac_product_bus0__1 multiplier stage system_i/generator_accelerator_0/inst/u_gnn/mac_product_bus0__1/P[47:0] is not pipelined (MREG=0). Pipelining the multiplier function will improve performance and will save significant power so it is suggested whenever possible to fully pipeline this function.  If this multiplier was inferred, it is suggested to describe an additional register stage after this function.  If there is no registered adder/accumulator following the multiply function, two pipeline stages are suggested to allow both the MREG and PREG registers to be used.  If the DSP48 was instantiated in the design, it is suggested to set both the MREG and PREG attributes to 1 when performing multiply functions.
Related violations: <none>

DPOP-2#48 Warning
MREG Output pipelining
DSP system_i/generator_accelerator_0/inst/u_gnn/mac_product_bus0__10 multiplier stage system_i/generator_accelerator_0/inst/u_gnn/mac_product_bus0__10/P[47:0] is not pipelined (MREG=0). Pipelining the multiplier function will improve performance and will save significant power so it is suggested whenever possible to fully pipeline this function.  If this multiplier was inferred, it is suggested to describe an additional register stage after this function.  If there is no registered adder/accumulator following the multiply function, two pipeline stages are suggested to allow both the MREG and PREG registers to be used.  If the DSP48 was instantiated in the design, it is suggested to set both the MREG and PREG attributes to 1 when performing multiply functions.
Related violations: <none>

DPOP-2#49 Warning
MREG Output pipelining
DSP system_i/generator_accelerator_0/inst/u_gnn/mac_product_bus0__11 multiplier stage system_i/generator_accelerator_0/inst/u_gnn/mac_product_bus0__11/P[47:0] is not pipelined (MREG=0). Pipelining the multiplier function will improve performance and will save significant power so it is suggested whenever possible to fully pipeline this function.  If this multiplier was inferred, it is suggested to describe an additional register stage after this function.  If there is no registered adder/accumulator following the multiply function, two pipeline stages are suggested to allow both the MREG and PREG registers to be used.  If the DSP48 was instantiated in the design, it is suggested to set both the MREG and PREG attributes to 1 when performing multiply functions.
Related violations: <none>

DPOP-2#50 Warning
MREG Output pipelining
DSP system_i/generator_accelerator_0/inst/u_gnn/mac_product_bus0__12 multiplier stage system_i/generator_accelerator_0/inst/u_gnn/mac_product_bus0__12/P[47:0] is not pipelined (MREG=0). Pipelining the multiplier function will improve performance and will save significant power so it is suggested whenever possible to fully pipeline this function.  If this multiplier was inferred, it is suggested to describe an additional register stage after this function.  If there is no registered adder/accumulator following the multiply function, two pipeline stages are suggested to allow both the MREG and PREG registers to be used.  If the DSP48 was instantiated in the design, it is suggested to set both the MREG and PREG attributes to 1 when performing multiply functions.
Related violations: <none>

DPOP-2#51 Warning
MREG Output pipelining
DSP system_i/generator_accelerator_0/inst/u_gnn/mac_product_bus0__13 multiplier stage system_i/generator_accelerator_0/inst/u_gnn/mac_product_bus0__13/P[47:0] is not pipelined (MREG=0). Pipelining the multiplier function will improve performance and will save significant power so it is suggested whenever possible to fully pipeline this function.  If this multiplier was inferred, it is suggested to describe an additional register stage after this function.  If there is no registered adder/accumulator following the multiply function, two pipeline stages are suggested to allow both the MREG and PREG registers to be used.  If the DSP48 was instantiated in the design, it is suggested to set both the MREG and PREG attributes to 1 when performing multiply functions.
Related violations: <none>

DPOP-2#52 Warning
MREG Output pipelining
DSP system_i/generator_accelerator_0/inst/u_gnn/mac_product_bus0__14 multiplier stage system_i/generator_accelerator_0/inst/u_gnn/mac_product_bus0__14/P[47:0] is not pipelined (MREG=0). Pipelining the multiplier function will improve performance and will save significant power so it is suggested whenever possible to fully pipeline this function.  If this multiplier was inferred, it is suggested to describe an additional register stage after this function.  If there is no registered adder/accumulator following the multiply function, two pipeline stages are suggested to allow both the MREG and PREG registers to be used.  If the DSP48 was instantiated in the design, it is suggested to set both the MREG and PREG attributes to 1 when performing multiply functions.
Related violations: <none>

DPOP-2#53 Warning
MREG Output pipelining
DSP system_i/generator_accelerator_0/inst/u_gnn/mac_product_bus0__15 multiplier stage system_i/generator_accelerator_0/inst/u_gnn/mac_product_bus0__15/P[47:0] is not pipelined (MREG=0). Pipelining the multiplier function will improve performance and will save significant power so it is suggested whenever possible to fully pipeline this function.  If this multiplier was inferred, it is suggested to describe an additional register stage after this function.  If there is no registered adder/accumulator following the multiply function, two pipeline stages are suggested to allow both the MREG and PREG registers to be used.  If the DSP48 was instantiated in the design, it is suggested to set both the MREG and PREG attributes to 1 when performing multiply functions.
Related violations: <none>

DPOP-2#54 Warning
MREG Output pipelining
DSP system_i/generator_accelerator_0/inst/u_gnn/mac_product_bus0__16 multiplier stage system_i/generator_accelerator_0/inst/u_gnn/mac_product_bus0__16/P[47:0] is not pipelined (MREG=0). Pipelining the multiplier function will improve performance and will save significant power so it is suggested whenever possible to fully pipeline this function.  If this multiplier was inferred, it is suggested to describe an additional register stage after this function.  If there is no registered adder/accumulator following the multiply function, two pipeline stages are suggested to allow both the MREG and PREG registers to be used.  If the DSP48 was instantiated in the design, it is suggested to set both the MREG and PREG attributes to 1 when performing multiply functions.
Related violations: <none>

DPOP-2#55 Warning
MREG Output pipelining
DSP system_i/generator_accelerator_0/inst/u_gnn/mac_product_bus0__17 multiplier stage system_i/generator_accelerator_0/inst/u_gnn/mac_product_bus0__17/P[47:0] is not pipelined (MREG=0). Pipelining the multiplier function will improve performance and will save significant power so it is suggested whenever possible to fully pipeline this function.  If this multiplier was inferred, it is suggested to describe an additional register stage after this function.  If there is no registered adder/accumulator following the multiply function, two pipeline stages are suggested to allow both the MREG and PREG registers to be used.  If the DSP48 was instantiated in the design, it is suggested to set both the MREG and PREG attributes to 1 when performing multiply functions.
Related violations: <none>

DPOP-2#56 Warning
MREG Output pipelining
DSP system_i/generator_accelerator_0/inst/u_gnn/mac_product_bus0__18 multiplier stage system_i/generator_accelerator_0/inst/u_gnn/mac_product_bus0__18/P[47:0] is not pipelined (MREG=0). Pipelining the multiplier function will improve performance and will save significant power so it is suggested whenever possible to fully pipeline this function.  If this multiplier was inferred, it is suggested to describe an additional register stage after this function.  If there is no registered adder/accumulator following the multiply function, two pipeline stages are suggested to allow both the MREG and PREG registers to be used.  If the DSP48 was instantiated in the design, it is suggested to set both the MREG and PREG attributes to 1 when performing multiply functions.
Related violations: <none>

DPOP-2#57 Warning
MREG Output pipelining
DSP system_i/generator_accelerator_0/inst/u_gnn/mac_product_bus0__19 multiplier stage system_i/generator_accelerator_0/inst/u_gnn/mac_product_bus0__19/P[47:0] is not pipelined (MREG=0). Pipelining the multiplier function will improve performance and will save significant power so it is suggested whenever possible to fully pipeline this function.  If this multiplier was inferred, it is suggested to describe an additional register stage after this function.  If there is no registered adder/accumulator following the multiply function, two pipeline stages are suggested to allow both the MREG and PREG registers to be used.  If the DSP48 was instantiated in the design, it is suggested to set both the MREG and PREG attributes to 1 when performing multiply functions.
Related violations: <none>

DPOP-2#58 Warning
MREG Output pipelining
DSP system_i/generator_accelerator_0/inst/u_gnn/mac_product_bus0__2 multiplier stage system_i/generator_accelerator_0/inst/u_gnn/mac_product_bus0__2/P[47:0] is not pipelined (MREG=0). Pipelining the multiplier function will improve performance and will save significant power so it is suggested whenever possible to fully pipeline this function.  If this multiplier was inferred, it is suggested to describe an additional register stage after this function.  If there is no registered adder/accumulator following the multiply function, two pipeline stages are suggested to allow both the MREG and PREG registers to be used.  If the DSP48 was instantiated in the design, it is suggested to set both the MREG and PREG attributes to 1 when performing multiply functions.
Related violations: <none>

DPOP-2#59 Warning
MREG Output pipelining
DSP system_i/generator_accelerator_0/inst/u_gnn/mac_product_bus0__20 multiplier stage system_i/generator_accelerator_0/inst/u_gnn/mac_product_bus0__20/P[47:0] is not pipelined (MREG=0). Pipelining the multiplier function will improve performance and will save significant power so it is suggested whenever possible to fully pipeline this function.  If this multiplier was inferred, it is suggested to describe an additional register stage after this function.  If there is no registered adder/accumulator following the multiply function, two pipeline stages are suggested to allow both the MREG and PREG registers to be used.  If the DSP48 was instantiated in the design, it is suggested to set both the MREG and PREG attributes to 1 when performing multiply functions.
Related violations: <none>

DPOP-2#60 Warning
MREG Output pipelining
DSP system_i/generator_accelerator_0/inst/u_gnn/mac_product_bus0__21 multiplier stage system_i/generator_accelerator_0/inst/u_gnn/mac_product_bus0__21/P[47:0] is not pipelined (MREG=0). Pipelining the multiplier function will improve performance and will save significant power so it is suggested whenever possible to fully pipeline this function.  If this multiplier was inferred, it is suggested to describe an additional register stage after this function.  If there is no registered adder/accumulator following the multiply function, two pipeline stages are suggested to allow both the MREG and PREG registers to be used.  If the DSP48 was instantiated in the design, it is suggested to set both the MREG and PREG attributes to 1 when performing multiply functions.
Related violations: <none>

DPOP-2#61 Warning
MREG Output pipelining
DSP system_i/generator_accelerator_0/inst/u_gnn/mac_product_bus0__22 multiplier stage system_i/generator_accelerator_0/inst/u_gnn/mac_product_bus0__22/P[47:0] is not pipelined (MREG=0). Pipelining the multiplier function will improve performance and will save significant power so it is suggested whenever possible to fully pipeline this function.  If this multiplier was inferred, it is suggested to describe an additional register stage after this function.  If there is no registered adder/accumulator following the multiply function, two pipeline stages are suggested to allow both the MREG and PREG registers to be used.  If the DSP48 was instantiated in the design, it is suggested to set both the MREG and PREG attributes to 1 when performing multiply functions.
Related violations: <none>

DPOP-2#62 Warning
MREG Output pipelining
DSP system_i/generator_accelerator_0/inst/u_gnn/mac_product_bus0__23 multiplier stage system_i/generator_accelerator_0/inst/u_gnn/mac_product_bus0__23/P[47:0] is not pipelined (MREG=0). Pipelining the multiplier function will improve performance and will save significant power so it is suggested whenever possible to fully pipeline this function.  If this multiplier was inferred, it is suggested to describe an additional register stage after this function.  If there is no registered adder/accumulator following the multiply function, two pipeline stages are suggested to allow both the MREG and PREG registers to be used.  If the DSP48 was instantiated in the design, it is suggested to set both the MREG and PREG attributes to 1 when performing multiply functions.
Related violations: <none>

DPOP-2#63 Warning
MREG Output pipelining
DSP system_i/generator_accelerator_0/inst/u_gnn/mac_product_bus0__24 multiplier stage system_i/generator_accelerator_0/inst/u_gnn/mac_product_bus0__24/P[47:0] is not pipelined (MREG=0). Pipelining the multiplier function will improve performance and will save significant power so it is suggested whenever possible to fully pipeline this function.  If this multiplier was inferred, it is suggested to describe an additional register stage after this function.  If there is no registered adder/accumulator following the multiply function, two pipeline stages are suggested to allow both the MREG and PREG registers to be used.  If the DSP48 was instantiated in the design, it is suggested to set both the MREG and PREG attributes to 1 when performing multiply functions.
Related violations: <none>

DPOP-2#64 Warning
MREG Output pipelining
DSP system_i/generator_accelerator_0/inst/u_gnn/mac_product_bus0__25 multiplier stage system_i/generator_accelerator_0/inst/u_gnn/mac_product_bus0__25/P[47:0] is not pipelined (MREG=0). Pipelining the multiplier function will improve performance and will save significant power so it is suggested whenever possible to fully pipeline this function.  If this multiplier was inferred, it is suggested to describe an additional register stage after this function.  If there is no registered adder/accumulator following the multiply function, two pipeline stages are suggested to allow both the MREG and PREG registers to be used.  If the DSP48 was instantiated in the design, it is suggested to set both the MREG and PREG attributes to 1 when performing multiply functions.
Related violations: <none>

DPOP-2#65 Warning
MREG Output pipelining
DSP system_i/generator_accelerator_0/inst/u_gnn/mac_product_bus0__26 multiplier stage system_i/generator_accelerator_0/inst/u_gnn/mac_product_bus0__26/P[47:0] is not pipelined (MREG=0). Pipelining the multiplier function will improve performance and will save significant power so it is suggested whenever possible to fully pipeline this function.  If this multiplier was inferred, it is suggested to describe an additional register stage after this function.  If there is no registered adder/accumulator following the multiply function, two pipeline stages are suggested to allow both the MREG and PREG registers to be used.  If the DSP48 was instantiated in the design, it is suggested to set both the MREG and PREG attributes to 1 when performing multiply functions.
Related violations: <none>

DPOP-2#66 Warning
MREG Output pipelining
DSP system_i/generator_accelerator_0/inst/u_gnn/mac_product_bus0__27 multiplier stage system_i/generator_accelerator_0/inst/u_gnn/mac_product_bus0__27/P[47:0] is not pipelined (MREG=0). Pipelining the multiplier function will improve performance and will save significant power so it is suggested whenever possible to fully pipeline this function.  If this multiplier was inferred, it is suggested to describe an additional register stage after this function.  If there is no registered adder/accumulator following the multiply function, two pipeline stages are suggested to allow both the MREG and PREG registers to be used.  If the DSP48 was instantiated in the design, it is suggested to set both the MREG and PREG attributes to 1 when performing multiply functions.
Related violations: <none>

DPOP-2#67 Warning
MREG Output pipelining
DSP system_i/generator_accelerator_0/inst/u_gnn/mac_product_bus0__28 multiplier stage system_i/generator_accelerator_0/inst/u_gnn/mac_product_bus0__28/P[47:0] is not pipelined (MREG=0). Pipelining the multiplier function will improve performance and will save significant power so it is suggested whenever possible to fully pipeline this function.  If this multiplier was inferred, it is suggested to describe an additional register stage after this function.  If there is no registered adder/accumulator following the multiply function, two pipeline stages are suggested to allow both the MREG and PREG registers to be used.  If the DSP48 was instantiated in the design, it is suggested to set both the MREG and PREG attributes to 1 when performing multiply functions.
Related violations: <none>

DPOP-2#68 Warning
MREG Output pipelining
DSP system_i/generator_accelerator_0/inst/u_gnn/mac_product_bus0__29 multiplier stage system_i/generator_accelerator_0/inst/u_gnn/mac_product_bus0__29/P[47:0] is not pipelined (MREG=0). Pipelining the multiplier function will improve performance and will save significant power so it is suggested whenever possible to fully pipeline this function.  If this multiplier was inferred, it is suggested to describe an additional register stage after this function.  If there is no registered adder/accumulator following the multiply function, two pipeline stages are suggested to allow both the MREG and PREG registers to be used.  If the DSP48 was instantiated in the design, it is suggested to set both the MREG and PREG attributes to 1 when performing multiply functions.
Related violations: <none>

DPOP-2#69 Warning
MREG Output pipelining
DSP system_i/generator_accelerator_0/inst/u_gnn/mac_product_bus0__3 multiplier stage system_i/generator_accelerator_0/inst/u_gnn/mac_product_bus0__3/P[47:0] is not pipelined (MREG=0). Pipelining the multiplier function will improve performance and will save significant power so it is suggested whenever possible to fully pipeline this function.  If this multiplier was inferred, it is suggested to describe an additional register stage after this function.  If there is no registered adder/accumulator following the multiply function, two pipeline stages are suggested to allow both the MREG and PREG registers to be used.  If the DSP48 was instantiated in the design, it is suggested to set both the MREG and PREG attributes to 1 when performing multiply functions.
Related violations: <none>

DPOP-2#70 Warning
MREG Output pipelining
DSP system_i/generator_accelerator_0/inst/u_gnn/mac_product_bus0__30 multiplier stage system_i/generator_accelerator_0/inst/u_gnn/mac_product_bus0__30/P[47:0] is not pipelined (MREG=0). Pipelining the multiplier function will improve performance and will save significant power so it is suggested whenever possible to fully pipeline this function.  If this multiplier was inferred, it is suggested to describe an additional register stage after this function.  If there is no registered adder/accumulator following the multiply function, two pipeline stages are suggested to allow both the MREG and PREG registers to be used.  If the DSP48 was instantiated in the design, it is suggested to set both the MREG and PREG attributes to 1 when performing multiply functions.
Related violations: <none>

DPOP-2#71 Warning
MREG Output pipelining
DSP system_i/generator_accelerator_0/inst/u_gnn/mac_product_bus0__4 multiplier stage system_i/generator_accelerator_0/inst/u_gnn/mac_product_bus0__4/P[47:0] is not pipelined (MREG=0). Pipelining the multiplier function will improve performance and will save significant power so it is suggested whenever possible to fully pipeline this function.  If this multiplier was inferred, it is suggested to describe an additional register stage after this function.  If there is no registered adder/accumulator following the multiply function, two pipeline stages are suggested to allow both the MREG and PREG registers to be used.  If the DSP48 was instantiated in the design, it is suggested to set both the MREG and PREG attributes to 1 when performing multiply functions.
Related violations: <none>

DPOP-2#72 Warning
MREG Output pipelining
DSP system_i/generator_accelerator_0/inst/u_gnn/mac_product_bus0__5 multiplier stage system_i/generator_accelerator_0/inst/u_gnn/mac_product_bus0__5/P[47:0] is not pipelined (MREG=0). Pipelining the multiplier function will improve performance and will save significant power so it is suggested whenever possible to fully pipeline this function.  If this multiplier was inferred, it is suggested to describe an additional register stage after this function.  If there is no registered adder/accumulator following the multiply function, two pipeline stages are suggested to allow both the MREG and PREG registers to be used.  If the DSP48 was instantiated in the design, it is suggested to set both the MREG and PREG attributes to 1 when performing multiply functions.
Related violations: <none>

DPOP-2#73 Warning
MREG Output pipelining
DSP system_i/generator_accelerator_0/inst/u_gnn/mac_product_bus0__6 multiplier stage system_i/generator_accelerator_0/inst/u_gnn/mac_product_bus0__6/P[47:0] is not pipelined (MREG=0). Pipelining the multiplier function will improve performance and will save significant power so it is suggested whenever possible to fully pipeline this function.  If this multiplier was inferred, it is suggested to describe an additional register stage after this function.  If there is no registered adder/accumulator following the multiply function, two pipeline stages are suggested to allow both the MREG and PREG registers to be used.  If the DSP48 was instantiated in the design, it is suggested to set both the MREG and PREG attributes to 1 when performing multiply functions.
Related violations: <none>

DPOP-2#74 Warning
MREG Output pipelining
DSP system_i/generator_accelerator_0/inst/u_gnn/mac_product_bus0__7 multiplier stage system_i/generator_accelerator_0/inst/u_gnn/mac_product_bus0__7/P[47:0] is not pipelined (MREG=0). Pipelining the multiplier function will improve performance and will save significant power so it is suggested whenever possible to fully pipeline this function.  If this multiplier was inferred, it is suggested to describe an additional register stage after this function.  If there is no registered adder/accumulator following the multiply function, two pipeline stages are suggested to allow both the MREG and PREG registers to be used.  If the DSP48 was instantiated in the design, it is suggested to set both the MREG and PREG attributes to 1 when performing multiply functions.
Related violations: <none>

DPOP-2#75 Warning
MREG Output pipelining
DSP system_i/generator_accelerator_0/inst/u_gnn/mac_product_bus0__8 multiplier stage system_i/generator_accelerator_0/inst/u_gnn/mac_product_bus0__8/P[47:0] is not pipelined (MREG=0). Pipelining the multiplier function will improve performance and will save significant power so it is suggested whenever possible to fully pipeline this function.  If this multiplier was inferred, it is suggested to describe an additional register stage after this function.  If there is no registered adder/accumulator following the multiply function, two pipeline stages are suggested to allow both the MREG and PREG registers to be used.  If the DSP48 was instantiated in the design, it is suggested to set both the MREG and PREG attributes to 1 when performing multiply functions.
Related violations: <none>

DPOP-2#76 Warning
MREG Output pipelining
DSP system_i/generator_accelerator_0/inst/u_gnn/mac_product_bus0__9 multiplier stage system_i/generator_accelerator_0/inst/u_gnn/mac_product_bus0__9/P[47:0] is not pipelined (MREG=0). Pipelining the multiplier function will improve performance and will save significant power so it is suggested whenever possible to fully pipeline this function.  If this multiplier was inferred, it is suggested to describe an additional register stage after this function.  If there is no registered adder/accumulator following the multiply function, two pipeline stages are suggested to allow both the MREG and PREG registers to be used.  If the DSP48 was instantiated in the design, it is suggested to set both the MREG and PREG attributes to 1 when performing multiply functions.
Related violations: <none>

DPOP-2#77 Warning
MREG Output pipelining
DSP system_i/generator_accelerator_0/inst/u_tanimoto/quotient_product_reg0 multiplier stage system_i/generator_accelerator_0/inst/u_tanimoto/quotient_product_reg0/P[47:0] is not pipelined (MREG=0). Pipelining the multiplier function will improve performance and will save significant power so it is suggested whenever possible to fully pipeline this function.  If this multiplier was inferred, it is suggested to describe an additional register stage after this function.  If there is no registered adder/accumulator following the multiply function, two pipeline stages are suggested to allow both the MREG and PREG registers to be used.  If the DSP48 was instantiated in the design, it is suggested to set both the MREG and PREG attributes to 1 when performing multiply functions.
Related violations: <none>

DPOP-2#78 Warning
MREG Output pipelining
DSP system_i/generator_accelerator_0/inst/u_tanimoto/quotient_product_reg0__0 multiplier stage system_i/generator_accelerator_0/inst/u_tanimoto/quotient_product_reg0__0/P[47:0] is not pipelined (MREG=0). Pipelining the multiplier function will improve performance and will save significant power so it is suggested whenever possible to fully pipeline this function.  If this multiplier was inferred, it is suggested to describe an additional register stage after this function.  If there is no registered adder/accumulator following the multiply function, two pipeline stages are suggested to allow both the MREG and PREG registers to be used.  If the DSP48 was instantiated in the design, it is suggested to set both the MREG and PREG attributes to 1 when performing multiply functions.
Related violations: <none>

REQP-1840#1 Warning
RAMB18 async control check
The RAMB18E1 system_i/generator_accelerator_0/inst/u_gnn/gen_output_bank[0].bank/memory_reg has an input control pin system_i/generator_accelerator_0/inst/u_gnn/gen_output_bank[0].bank/memory_reg/ADDRARDADDR[10] (net: system_i/generator_accelerator_0/inst/u_gnn/gen_output_bank[0].bank/ADDRARDADDR[5]) which is driven by a register (system_i/generator_accelerator_0/inst/gnn_output_addr_reg[8]) that has an active asychronous set or reset. This may cause corruption of the memory contents and/or read values when the set/reset is asserted and is not analyzed by the default static timing analysis. It is suggested to eliminate the use of a set/reset to registers driving this RAMB pin or else use a synchronous reset in which the assertion of the reset is timed by default.
Related violations: <none>

REQP-1840#2 Warning
RAMB18 async control check
The RAMB18E1 system_i/generator_accelerator_0/inst/u_gnn/gen_output_bank[0].bank/memory_reg has an input control pin system_i/generator_accelerator_0/inst/u_gnn/gen_output_bank[0].bank/memory_reg/ADDRARDADDR[10] (net: system_i/generator_accelerator_0/inst/u_gnn/gen_output_bank[0].bank/ADDRARDADDR[5]) which is driven by a register (system_i/generator_accelerator_0/inst/u_dma_backend/gnn_output_addr_reg_reg[8]) that has an active asychronous set or reset. This may cause corruption of the memory contents and/or read values when the set/reset is asserted and is not analyzed by the default static timing analysis. It is suggested to eliminate the use of a set/reset to registers driving this RAMB pin or else use a synchronous reset in which the assertion of the reset is timed by default.
Related violations: <none>

REQP-1840#3 Warning
RAMB18 async control check
The RAMB18E1 system_i/generator_accelerator_0/inst/u_gnn/gen_output_bank[0].bank/memory_reg has an input control pin system_i/generator_accelerator_0/inst/u_gnn/gen_output_bank[0].bank/memory_reg/ADDRARDADDR[10] (net: system_i/generator_accelerator_0/inst/u_gnn/gen_output_bank[0].bank/ADDRARDADDR[5]) which is driven by a register (system_i/generator_accelerator_0/inst/u_dma_queue/dma_active_reg_rep) that has an active asychronous set or reset. This may cause corruption of the memory contents and/or read values when the set/reset is asserted and is not analyzed by the default static timing analysis. It is suggested to eliminate the use of a set/reset to registers driving this RAMB pin or else use a synchronous reset in which the assertion of the reset is timed by default.
Related violations: <none>

REQP-1840#4 Warning
RAMB18 async control check
The RAMB18E1 system_i/generator_accelerator_0/inst/u_gnn/gen_output_bank[0].bank/memory_reg has an input control pin system_i/generator_accelerator_0/inst/u_gnn/gen_output_bank[0].bank/memory_reg/ADDRARDADDR[11] (net: system_i/generator_accelerator_0/inst/u_gnn/gen_output_bank[0].bank/ADDRARDADDR[6]) which is driven by a register (system_i/generator_accelerator_0/inst/gnn_output_addr_reg[9]) that has an active asychronous set or reset. This may cause corruption of the memory contents and/or read values when the set/reset is asserted and is not analyzed by the default static timing analysis. It is suggested to eliminate the use of a set/reset to registers driving this RAMB pin or else use a synchronous reset in which the assertion of the reset is timed by default.
Related violations: <none>

REQP-1840#5 Warning
RAMB18 async control check
The RAMB18E1 system_i/generator_accelerator_0/inst/u_gnn/gen_output_bank[0].bank/memory_reg has an input control pin system_i/generator_accelerator_0/inst/u_gnn/gen_output_bank[0].bank/memory_reg/ADDRARDADDR[11] (net: system_i/generator_accelerator_0/inst/u_gnn/gen_output_bank[0].bank/ADDRARDADDR[6]) which is driven by a register (system_i/generator_accelerator_0/inst/u_dma_backend/gnn_output_addr_reg_reg[9]) that has an active asychronous set or reset. This may cause corruption of the memory contents and/or read values when the set/reset is asserted and is not analyzed by the default static timing analysis. It is suggested to eliminate the use of a set/reset to registers driving this RAMB pin or else use a synchronous reset in which the assertion of the reset is timed by default.
Related violations: <none>

REQP-1840#6 Warning
RAMB18 async control check
The RAMB18E1 system_i/generator_accelerator_0/inst/u_gnn/gen_output_bank[0].bank/memory_reg has an input control pin system_i/generator_accelerator_0/inst/u_gnn/gen_output_bank[0].bank/memory_reg/ADDRARDADDR[11] (net: system_i/generator_accelerator_0/inst/u_gnn/gen_output_bank[0].bank/ADDRARDADDR[6]) which is driven by a register (system_i/generator_accelerator_0/inst/u_dma_queue/dma_active_reg_rep) that has an active asychronous set or reset. This may cause corruption of the memory contents and/or read values when the set/reset is asserted and is not analyzed by the default static timing analysis. It is suggested to eliminate the use of a set/reset to registers driving this RAMB pin or else use a synchronous reset in which the assertion of the reset is timed by default.
Related violations: <none>

REQP-1840#7 Warning
RAMB18 async control check
The RAMB18E1 system_i/generator_accelerator_0/inst/u_gnn/gen_output_bank[0].bank/memory_reg has an input control pin system_i/generator_accelerator_0/inst/u_gnn/gen_output_bank[0].bank/memory_reg/ADDRARDADDR[12] (net: system_i/generator_accelerator_0/inst/u_gnn/gen_output_bank[0].bank/ADDRARDADDR[7]) which is driven by a register (system_i/generator_accelerator_0/inst/gnn_output_addr_reg[10]) that has an active asychronous set or reset. This may cause corruption of the memory contents and/or read values when the set/reset is asserted and is not analyzed by the default static timing analysis. It is suggested to eliminate the use of a set/reset to registers driving this RAMB pin or else use a synchronous reset in which the assertion of the reset is timed by default.
Related violations: <none>

REQP-1840#8 Warning
RAMB18 async control check
The RAMB18E1 system_i/generator_accelerator_0/inst/u_gnn/gen_output_bank[0].bank/memory_reg has an input control pin system_i/generator_accelerator_0/inst/u_gnn/gen_output_bank[0].bank/memory_reg/ADDRARDADDR[12] (net: system_i/generator_accelerator_0/inst/u_gnn/gen_output_bank[0].bank/ADDRARDADDR[7]) which is driven by a register (system_i/generator_accelerator_0/inst/u_dma_backend/gnn_output_addr_reg_reg[10]) that has an active asychronous set or reset. This may cause corruption of the memory contents and/or read values when the set/reset is asserted and is not analyzed by the default static timing analysis. It is suggested to eliminate the use of a set/reset to registers driving this RAMB pin or else use a synchronous reset in which the assertion of the reset is timed by default.
Related violations: <none>

REQP-1840#9 Warning
RAMB18 async control check
The RAMB18E1 system_i/generator_accelerator_0/inst/u_gnn/gen_output_bank[0].bank/memory_reg has an input control pin system_i/generator_accelerator_0/inst/u_gnn/gen_output_bank[0].bank/memory_reg/ADDRARDADDR[12] (net: system_i/generator_accelerator_0/inst/u_gnn/gen_output_bank[0].bank/ADDRARDADDR[7]) which is driven by a register (system_i/generator_accelerator_0/inst/u_dma_queue/dma_active_reg_rep) that has an active asychronous set or reset. This may cause corruption of the memory contents and/or read values when the set/reset is asserted and is not analyzed by the default static timing analysis. It is suggested to eliminate the use of a set/reset to registers driving this RAMB pin or else use a synchronous reset in which the assertion of the reset is timed by default.
Related violations: <none>

REQP-1840#10 Warning
RAMB18 async control check
The RAMB18E1 system_i/generator_accelerator_0/inst/u_gnn/gen_output_bank[0].bank/memory_reg has an input control pin system_i/generator_accelerator_0/inst/u_gnn/gen_output_bank[0].bank/memory_reg/ADDRARDADDR[13] (net: system_i/generator_accelerator_0/inst/u_gnn/gen_output_bank[0].bank/ADDRARDADDR[8]) which is driven by a register (system_i/generator_accelerator_0/inst/gnn_output_addr_reg[11]) that has an active asychronous set or reset. This may cause corruption of the memory contents and/or read values when the set/reset is asserted and is not analyzed by the default static timing analysis. It is suggested to eliminate the use of a set/reset to registers driving this RAMB pin or else use a synchronous reset in which the assertion of the reset is timed by default.
Related violations: <none>

REQP-1840#11 Warning
RAMB18 async control check
The RAMB18E1 system_i/generator_accelerator_0/inst/u_gnn/gen_output_bank[0].bank/memory_reg has an input control pin system_i/generator_accelerator_0/inst/u_gnn/gen_output_bank[0].bank/memory_reg/ADDRARDADDR[13] (net: system_i/generator_accelerator_0/inst/u_gnn/gen_output_bank[0].bank/ADDRARDADDR[8]) which is driven by a register (system_i/generator_accelerator_0/inst/u_dma_backend/gnn_output_addr_reg_reg[11]) that has an active asychronous set or reset. This may cause corruption of the memory contents and/or read values when the set/reset is asserted and is not analyzed by the default static timing analysis. It is suggested to eliminate the use of a set/reset to registers driving this RAMB pin or else use a synchronous reset in which the assertion of the reset is timed by default.
Related violations: <none>

REQP-1840#12 Warning
RAMB18 async control check
The RAMB18E1 system_i/generator_accelerator_0/inst/u_gnn/gen_output_bank[0].bank/memory_reg has an input control pin system_i/generator_accelerator_0/inst/u_gnn/gen_output_bank[0].bank/memory_reg/ADDRARDADDR[13] (net: system_i/generator_accelerator_0/inst/u_gnn/gen_output_bank[0].bank/ADDRARDADDR[8]) which is driven by a register (system_i/generator_accelerator_0/inst/u_dma_queue/dma_active_reg_rep) that has an active asychronous set or reset. This may cause corruption of the memory contents and/or read values when the set/reset is asserted and is not analyzed by the default static timing analysis. It is suggested to eliminate the use of a set/reset to registers driving this RAMB pin or else use a synchronous reset in which the assertion of the reset is timed by default.
Related violations: <none>

REQP-1840#13 Warning
RAMB18 async control check
The RAMB18E1 system_i/generator_accelerator_0/inst/u_gnn/gen_output_bank[0].bank/memory_reg has an input control pin system_i/generator_accelerator_0/inst/u_gnn/gen_output_bank[0].bank/memory_reg/ADDRARDADDR[7] (net: system_i/generator_accelerator_0/inst/u_gnn/gen_output_bank[0].bank/ADDRARDADDR[2]) which is driven by a register (system_i/generator_accelerator_0/inst/gnn_output_addr_reg[5]) that has an active asychronous set or reset. This may cause corruption of the memory contents and/or read values when the set/reset is asserted and is not analyzed by the default static timing analysis. It is suggested to eliminate the use of a set/reset to registers driving this RAMB pin or else use a synchronous reset in which the assertion of the reset is timed by default.
Related violations: <none>

REQP-1840#14 Warning
RAMB18 async control check
The RAMB18E1 system_i/generator_accelerator_0/inst/u_gnn/gen_output_bank[0].bank/memory_reg has an input control pin system_i/generator_accelerator_0/inst/u_gnn/gen_output_bank[0].bank/memory_reg/ADDRARDADDR[7] (net: system_i/generator_accelerator_0/inst/u_gnn/gen_output_bank[0].bank/ADDRARDADDR[2]) which is driven by a register (system_i/generator_accelerator_0/inst/u_dma_queue/dma_active_reg_rep) that has an active asychronous set or reset. This may cause corruption of the memory contents and/or read values when the set/reset is asserted and is not analyzed by the default static timing analysis. It is suggested to eliminate the use of a set/reset to registers driving this RAMB pin or else use a synchronous reset in which the assertion of the reset is timed by default.
Related violations: <none>

REQP-1840#15 Warning
RAMB18 async control check
The RAMB18E1 system_i/generator_accelerator_0/inst/u_gnn/gen_output_bank[0].bank/memory_reg has an input control pin system_i/generator_accelerator_0/inst/u_gnn/gen_output_bank[0].bank/memory_reg/ADDRARDADDR[8] (net: system_i/generator_accelerator_0/inst/u_gnn/gen_output_bank[0].bank/ADDRARDADDR[3]) which is driven by a register (system_i/generator_accelerator_0/inst/gnn_output_addr_reg[6]) that has an active asychronous set or reset. This may cause corruption of the memory contents and/or read values when the set/reset is asserted and is not analyzed by the default static timing analysis. It is suggested to eliminate the use of a set/reset to registers driving this RAMB pin or else use a synchronous reset in which the assertion of the reset is timed by default.
Related violations: <none>

REQP-1840#16 Warning
RAMB18 async control check
The RAMB18E1 system_i/generator_accelerator_0/inst/u_gnn/gen_output_bank[0].bank/memory_reg has an input control pin system_i/generator_accelerator_0/inst/u_gnn/gen_output_bank[0].bank/memory_reg/ADDRARDADDR[8] (net: system_i/generator_accelerator_0/inst/u_gnn/gen_output_bank[0].bank/ADDRARDADDR[3]) which is driven by a register (system_i/generator_accelerator_0/inst/u_dma_backend/gnn_output_addr_reg_reg[6]) that has an active asychronous set or reset. This may cause corruption of the memory contents and/or read values when the set/reset is asserted and is not analyzed by the default static timing analysis. It is suggested to eliminate the use of a set/reset to registers driving this RAMB pin or else use a synchronous reset in which the assertion of the reset is timed by default.
Related violations: <none>

REQP-1840#17 Warning
RAMB18 async control check
The RAMB18E1 system_i/generator_accelerator_0/inst/u_gnn/gen_output_bank[0].bank/memory_reg has an input control pin system_i/generator_accelerator_0/inst/u_gnn/gen_output_bank[0].bank/memory_reg/ADDRARDADDR[8] (net: system_i/generator_accelerator_0/inst/u_gnn/gen_output_bank[0].bank/ADDRARDADDR[3]) which is driven by a register (system_i/generator_accelerator_0/inst/u_dma_queue/dma_active_reg_rep) that has an active asychronous set or reset. This may cause corruption of the memory contents and/or read values when the set/reset is asserted and is not analyzed by the default static timing analysis. It is suggested to eliminate the use of a set/reset to registers driving this RAMB pin or else use a synchronous reset in which the assertion of the reset is timed by default.
Related violations: <none>

REQP-1840#18 Warning
RAMB18 async control check
The RAMB18E1 system_i/generator_accelerator_0/inst/u_gnn/gen_output_bank[0].bank/memory_reg has an input control pin system_i/generator_accelerator_0/inst/u_gnn/gen_output_bank[0].bank/memory_reg/ADDRARDADDR[9] (net: system_i/generator_accelerator_0/inst/u_gnn/gen_output_bank[0].bank/ADDRARDADDR[4]) which is driven by a register (system_i/generator_accelerator_0/inst/gnn_output_addr_reg[7]) that has an active asychronous set or reset. This may cause corruption of the memory contents and/or read values when the set/reset is asserted and is not analyzed by the default static timing analysis. It is suggested to eliminate the use of a set/reset to registers driving this RAMB pin or else use a synchronous reset in which the assertion of the reset is timed by default.
Related violations: <none>

REQP-1840#19 Warning
RAMB18 async control check
The RAMB18E1 system_i/generator_accelerator_0/inst/u_gnn/gen_output_bank[0].bank/memory_reg has an input control pin system_i/generator_accelerator_0/inst/u_gnn/gen_output_bank[0].bank/memory_reg/ADDRARDADDR[9] (net: system_i/generator_accelerator_0/inst/u_gnn/gen_output_bank[0].bank/ADDRARDADDR[4]) which is driven by a register (system_i/generator_accelerator_0/inst/u_dma_backend/gnn_output_addr_reg_reg[7]) that has an active asychronous set or reset. This may cause corruption of the memory contents and/or read values when the set/reset is asserted and is not analyzed by the default static timing analysis. It is suggested to eliminate the use of a set/reset to registers driving this RAMB pin or else use a synchronous reset in which the assertion of the reset is timed by default.
Related violations: <none>

REQP-1840#20 Warning
RAMB18 async control check
The RAMB18E1 system_i/generator_accelerator_0/inst/u_gnn/gen_output_bank[0].bank/memory_reg has an input control pin system_i/generator_accelerator_0/inst/u_gnn/gen_output_bank[0].bank/memory_reg/ADDRARDADDR[9] (net: system_i/generator_accelerator_0/inst/u_gnn/gen_output_bank[0].bank/ADDRARDADDR[4]) which is driven by a register (system_i/generator_accelerator_0/inst/u_dma_queue/dma_active_reg_rep) that has an active asychronous set or reset. This may cause corruption of the memory contents and/or read values when the set/reset is asserted and is not analyzed by the default static timing analysis. It is suggested to eliminate the use of a set/reset to registers driving this RAMB pin or else use a synchronous reset in which the assertion of the reset is timed by default.
Related violations: <none>

REQP-165#1 Advisory
writefirst
Synchronous clocking is detected for BRAM (system_i/axi_dma_0/U0/I_PRMRY_DATAMOVER/GEN_MM2S_FULL.I_MM2S_FULL_WRAPPER/GEN_INCLUDE_MM2S_SF.I_RD_SF/I_DATA_FIFO/BLK_MEM.I_SYNC_FIFOGEN_FIFO/xpm_fifo_instance.xpm_fifo_sync_inst/xpm_fifo_base_inst/gen_sdpram.xpm_memory_base_inst/gen_wr_a.gen_word_narrow.mem_reg_2) in SDP mode with WRITE_FIRST write-mode. This is the preferred mode for best power characteristics, however it may exhibit address collisions if the same address appears on both read and write ports resulting in unknown or corrupted read data. It is suggested to confirm via simulation that an address collision never occurs and if so it is suggested to try and avoid this situation. If address collisions cannot be avoided, the write-mode may be set to READ_FIRST which guarantees that the read data is the prior contents of the memory at the cost of additional power in the design. See the FPGA Memory Resources User Guide for additional information.
Related violations: <none>

REQP-165#2 Advisory
writefirst
Synchronous clocking is detected for BRAM (system_i/axi_dma_0/U0/I_PRMRY_DATAMOVER/GEN_S2MM_FULL.I_S2MM_FULL_WRAPPER/GEN_ENABLE_INDET_BTT_SF.I_INDET_BTT/I_DATA_FIFO/BLK_MEM.I_SYNC_FIFOGEN_FIFO/xpm_fifo_instance.xpm_fifo_sync_inst/xpm_fifo_base_inst/gen_sdpram.xpm_memory_base_inst/gen_wr_a.gen_word_narrow.mem_reg_2) in SDP mode with WRITE_FIRST write-mode. This is the preferred mode for best power characteristics, however it may exhibit address collisions if the same address appears on both read and write ports resulting in unknown or corrupted read data. It is suggested to confirm via simulation that an address collision never occurs and if so it is suggested to try and avoid this situation. If address collisions cannot be avoided, the write-mode may be set to READ_FIRST which guarantees that the read data is the prior contents of the memory at the cost of additional power in the design. See the FPGA Memory Resources User Guide for additional information.
Related violations: <none>

REQP-181#1 Advisory
writefirst
Synchronous clocking is detected for BRAM (system_i/axi_dma_0/U0/I_PRMRY_DATAMOVER/GEN_MM2S_FULL.I_MM2S_FULL_WRAPPER/GEN_INCLUDE_MM2S_SF.I_RD_SF/I_DATA_FIFO/BLK_MEM.I_SYNC_FIFOGEN_FIFO/xpm_fifo_instance.xpm_fifo_sync_inst/xpm_fifo_base_inst/gen_sdpram.xpm_memory_base_inst/gen_wr_a.gen_word_narrow.mem_reg_0) in SDP mode with WRITE_FIRST write-mode. This is the preferred mode for best power characteristics, however it may exhibit address collisions if the same address appears on both read and write ports resulting in unknown or corrupted read data. It is suggested to confirm via simulation that an address collision never occurs and if so it is suggested to try and avoid this situation. If address collisions cannot be avoided, the write-mode may be set to READ_FIRST which guarantees that the read data is the prior contents of the memory at the cost of additional power in the design. See the FPGA Memory Resources User Guide for additional information.
Related violations: <none>

REQP-181#2 Advisory
writefirst
Synchronous clocking is detected for BRAM (system_i/axi_dma_0/U0/I_PRMRY_DATAMOVER/GEN_MM2S_FULL.I_MM2S_FULL_WRAPPER/GEN_INCLUDE_MM2S_SF.I_RD_SF/I_DATA_FIFO/BLK_MEM.I_SYNC_FIFOGEN_FIFO/xpm_fifo_instance.xpm_fifo_sync_inst/xpm_fifo_base_inst/gen_sdpram.xpm_memory_base_inst/gen_wr_a.gen_word_narrow.mem_reg_1) in SDP mode with WRITE_FIRST write-mode. This is the preferred mode for best power characteristics, however it may exhibit address collisions if the same address appears on both read and write ports resulting in unknown or corrupted read data. It is suggested to confirm via simulation that an address collision never occurs and if so it is suggested to try and avoid this situation. If address collisions cannot be avoided, the write-mode may be set to READ_FIRST which guarantees that the read data is the prior contents of the memory at the cost of additional power in the design. See the FPGA Memory Resources User Guide for additional information.
Related violations: <none>

REQP-181#3 Advisory
writefirst
Synchronous clocking is detected for BRAM (system_i/axi_dma_0/U0/I_PRMRY_DATAMOVER/GEN_S2MM_FULL.I_S2MM_FULL_WRAPPER/GEN_ENABLE_INDET_BTT_SF.I_INDET_BTT/I_DATA_FIFO/BLK_MEM.I_SYNC_FIFOGEN_FIFO/xpm_fifo_instance.xpm_fifo_sync_inst/xpm_fifo_base_inst/gen_sdpram.xpm_memory_base_inst/gen_wr_a.gen_word_narrow.mem_reg_0) in SDP mode with WRITE_FIRST write-mode. This is the preferred mode for best power characteristics, however it may exhibit address collisions if the same address appears on both read and write ports resulting in unknown or corrupted read data. It is suggested to confirm via simulation that an address collision never occurs and if so it is suggested to try and avoid this situation. If address collisions cannot be avoided, the write-mode may be set to READ_FIRST which guarantees that the read data is the prior contents of the memory at the cost of additional power in the design. See the FPGA Memory Resources User Guide for additional information.
Related violations: <none>

REQP-181#4 Advisory
writefirst
Synchronous clocking is detected for BRAM (system_i/axi_dma_0/U0/I_PRMRY_DATAMOVER/GEN_S2MM_FULL.I_S2MM_FULL_WRAPPER/GEN_ENABLE_INDET_BTT_SF.I_INDET_BTT/I_DATA_FIFO/BLK_MEM.I_SYNC_FIFOGEN_FIFO/xpm_fifo_instance.xpm_fifo_sync_inst/xpm_fifo_base_inst/gen_sdpram.xpm_memory_base_inst/gen_wr_a.gen_word_narrow.mem_reg_1) in SDP mode with WRITE_FIRST write-mode. This is the preferred mode for best power characteristics, however it may exhibit address collisions if the same address appears on both read and write ports resulting in unknown or corrupted read data. It is suggested to confirm via simulation that an address collision never occurs and if so it is suggested to try and avoid this situation. If address collisions cannot be avoided, the write-mode may be set to READ_FIRST which guarantees that the read data is the prior contents of the memory at the cost of additional power in the design. See the FPGA Memory Resources User Guide for additional information.
Related violations: <none>
