Copyright 1986-2019 Xilinx, Inc. All Rights Reserved.
--------------------------------------------------------------------------------------------------------------------------------------
| Tool Version : Vivado v.2019.2 (win64) Build 2708876 Wed Nov  6 21:40:23 MST 2019
| Date         : Mon Aug 10 22:37:39 2026
| Host         : LAPTOP-C1GK89UB running 64-bit major release  (build 9200)
| Command      : report_timing -delay_type min -max_paths 50 -sort_by group -file D:/FPGA/reports/dma_batch/impl/worst_hold_paths.rpt
| Design       : system_wrapper
| Device       : 7z015-clg485
| Speed File   : -2  PRODUCTION 1.11 2014-09-11
--------------------------------------------------------------------------------------------------------------------------------------

Timing Report

Slack (MET) :             0.036ns  (arrival time - required time)
  Source:                 system_i/axi_dma_0/U0/I_PRMRY_DATAMOVER/GEN_S2MM_FULL.I_S2MM_FULL_WRAPPER/GEN_INCLUDE_REALIGNER.I_S2MM_REALIGNER/GEN_INCLUDE_SCATTER.I_S2MM_SCATTER/SLICE_INSERTION/storage_data_reg[0]/C
                            (rising edge-triggered cell FDRE clocked by clk_fpga_1  {rise@0.000ns fall@3.333ns period=6.666ns})
  Destination:            system_i/axi_dma_0/U0/I_PRMRY_DATAMOVER/GEN_S2MM_FULL.I_S2MM_FULL_WRAPPER/GEN_INCLUDE_REALIGNER.I_S2MM_REALIGNER/GEN_INCLUDE_SCATTER.I_S2MM_SCATTER/I_TSTRB_FIFO/USE_SYNC_FIFO.I_SYNC_FIFO/NON_BLK_MEM.I_SYNC_FIFOGEN_FIFO/xpm_fifo_instance.xpm_fifo_sync_inst/xpm_fifo_base_inst/gen_sdpram.xpm_memory_base_inst/gen_wr_a.gen_word_narrow.mem_reg_0_15_0_5/RAMA/I
                            (rising edge-triggered cell RAMD32 clocked by clk_fpga_1  {rise@0.000ns fall@3.333ns period=6.666ns})
  Path Group:             clk_fpga_1
  Path Type:              Hold (Min at Fast Process Corner)
  Requirement:            0.000ns  (clk_fpga_1 rise@0.000ns - clk_fpga_1 rise@0.000ns)
  Data Path Delay:        0.196ns  (logic 0.141ns (71.838%)  route 0.055ns (28.162%))
  Logic Levels:           0
  Clock Path Skew:        0.013ns (DCD - SCD - CPR)
    Destination Clock Delay (DCD):    1.217ns
    Source Clock Delay      (SCD):    0.914ns
    Clock Pessimism Removal (CPR):    0.290ns

    Location             Delay type                Incr(ns)  Path(ns)    Netlist Resource(s)
  -------------------------------------------------------------------    -------------------
                         (clock clk_fpga_1 rise edge)
                                                      0.000     0.000 r
    PS7_X0Y0             PS7                          0.000     0.000 r  system_i/processing_system7_0/inst/PS7_i/FCLKCLK[1]
                         net (fo=1, routed)           0.303     0.303    system_i/processing_system7_0/inst/FCLK_CLK_unbuffered[1]
    BUFGCTRL_X0Y17       BUFG (Prop_bufg_I_O)         0.026     0.329 r  system_i/processing_system7_0/inst/buffer_fclk_clk_1.FCLK_CLK_1_BUFG/O
                         net (fo=8926, routed)        0.585     0.914    system_i/axi_dma_0/U0/I_PRMRY_DATAMOVER/GEN_S2MM_FULL.I_S2MM_FULL_WRAPPER/GEN_INCLUDE_REALIGNER.I_S2MM_REALIGNER/GEN_INCLUDE_SCATTER.I_S2MM_SCATTER/SLICE_INSERTION/m_axi_s2mm_aclk
    SLICE_X21Y4          FDRE                                         r  system_i/axi_dma_0/U0/I_PRMRY_DATAMOVER/GEN_S2MM_FULL.I_S2MM_FULL_WRAPPER/GEN_INCLUDE_REALIGNER.I_S2MM_REALIGNER/GEN_INCLUDE_SCATTER.I_S2MM_SCATTER/SLICE_INSERTION/storage_data_reg[0]/C
  -------------------------------------------------------------------    -------------------
    SLICE_X21Y4          FDRE (Prop_fdre_C_Q)         0.141     1.055 r  system_i/axi_dma_0/U0/I_PRMRY_DATAMOVER/GEN_S2MM_FULL.I_S2MM_FULL_WRAPPER/GEN_INCLUDE_REALIGNER.I_S2MM_REALIGNER/GEN_INCLUDE_SCATTER.I_S2MM_SCATTER/SLICE_INSERTION/storage_data_reg[0]/Q
                         net (fo=1, routed)           0.055     1.110    system_i/axi_dma_0/U0/I_PRMRY_DATAMOVER/GEN_S2MM_FULL.I_S2MM_FULL_WRAPPER/GEN_INCLUDE_REALIGNER.I_S2MM_REALIGNER/GEN_INCLUDE_SCATTER.I_S2MM_SCATTER/I_TSTRB_FIFO/USE_SYNC_FIFO.I_SYNC_FIFO/NON_BLK_MEM.I_SYNC_FIFOGEN_FIFO/xpm_fifo_instance.xpm_fifo_sync_inst/xpm_fifo_base_inst/gen_sdpram.xpm_memory_base_inst/gen_wr_a.gen_word_narrow.mem_reg_0_15_0_5/DIA0
    SLICE_X20Y4          RAMD32                                       r  system_i/axi_dma_0/U0/I_PRMRY_DATAMOVER/GEN_S2MM_FULL.I_S2MM_FULL_WRAPPER/GEN_INCLUDE_REALIGNER.I_S2MM_REALIGNER/GEN_INCLUDE_SCATTER.I_S2MM_SCATTER/I_TSTRB_FIFO/USE_SYNC_FIFO.I_SYNC_FIFO/NON_BLK_MEM.I_SYNC_FIFOGEN_FIFO/xpm_fifo_instance.xpm_fifo_sync_inst/xpm_fifo_base_inst/gen_sdpram.xpm_memory_base_inst/gen_wr_a.gen_word_narrow.mem_reg_0_15_0_5/RAMA/I
  -------------------------------------------------------------------    -------------------

                         (clock clk_fpga_1 rise edge)
                                                      0.000     0.000 r
    PS7_X0Y0             PS7                          0.000     0.000 r  system_i/processing_system7_0/inst/PS7_i/FCLKCLK[1]
                         net (fo=1, routed)           0.331     0.331    system_i/processing_system7_0/inst/FCLK_CLK_unbuffered[1]
    BUFGCTRL_X0Y17       BUFG (Prop_bufg_I_O)         0.029     0.360 r  system_i/processing_system7_0/inst/buffer_fclk_clk_1.FCLK_CLK_1_BUFG/O
                         net (fo=8926, routed)        0.857     1.217    system_i/axi_dma_0/U0/I_PRMRY_DATAMOVER/GEN_S2MM_FULL.I_S2MM_FULL_WRAPPER/GEN_INCLUDE_REALIGNER.I_S2MM_REALIGNER/GEN_INCLUDE_SCATTER.I_S2MM_SCATTER/I_TSTRB_FIFO/USE_SYNC_FIFO.I_SYNC_FIFO/NON_BLK_MEM.I_SYNC_FIFOGEN_FIFO/xpm_fifo_instance.xpm_fifo_sync_inst/xpm_fifo_base_inst/gen_sdpram.xpm_memory_base_inst/gen_wr_a.gen_word_narrow.mem_reg_0_15_0_5/WCLK
    SLICE_X20Y4          RAMD32                                       r  system_i/axi_dma_0/U0/I_PRMRY_DATAMOVER/GEN_S2MM_FULL.I_S2MM_FULL_WRAPPER/GEN_INCLUDE_REALIGNER.I_S2MM_REALIGNER/GEN_INCLUDE_SCATTER.I_S2MM_SCATTER/I_TSTRB_FIFO/USE_SYNC_FIFO.I_SYNC_FIFO/NON_BLK_MEM.I_SYNC_FIFOGEN_FIFO/xpm_fifo_instance.xpm_fifo_sync_inst/xpm_fifo_base_inst/gen_sdpram.xpm_memory_base_inst/gen_wr_a.gen_word_narrow.mem_reg_0_15_0_5/RAMA/CLK
                         clock pessimism             -0.290     0.927
    SLICE_X20Y4          RAMD32 (Hold_ramd32_CLK_I)
                                                      0.147     1.074    system_i/axi_dma_0/U0/I_PRMRY_DATAMOVER/GEN_S2MM_FULL.I_S2MM_FULL_WRAPPER/GEN_INCLUDE_REALIGNER.I_S2MM_REALIGNER/GEN_INCLUDE_SCATTER.I_S2MM_SCATTER/I_TSTRB_FIFO/USE_SYNC_FIFO.I_SYNC_FIFO/NON_BLK_MEM.I_SYNC_FIFOGEN_FIFO/xpm_fifo_instance.xpm_fifo_sync_inst/xpm_fifo_base_inst/gen_sdpram.xpm_memory_base_inst/gen_wr_a.gen_word_narrow.mem_reg_0_15_0_5/RAMA
  -------------------------------------------------------------------
                         required time                         -1.074
                         arrival time                           1.110
  -------------------------------------------------------------------
                         slack                                  0.036

Slack (MET) :             0.036ns  (arrival time - required time)
  Source:                 system_i/dma_mem_smartconnect/inst/switchboards/r_switchboard/inst/gen_mi[0].inst_opipe_payld/gen_pipe[1].pipe_reg[1][42]/C
                            (rising edge-triggered cell FDRE clocked by clk_fpga_1  {rise@0.000ns fall@3.333ns period=6.666ns})
  Destination:            system_i/dma_mem_smartconnect/inst/s00_nodes/s00_r_node/inst/inst_mi_handler/gen_normal_area.inst_fifo_node_payld/gen_xpm_memory_fifo.inst_fifo/gen_mem_rep[0].inst_xpm_memory/xpm_memory_base_inst/gen_wr_a.gen_word_narrow.mem_reg_0_31_42_47/RAMA/I
                            (rising edge-triggered cell RAMD32 clocked by clk_fpga_1  {rise@0.000ns fall@3.333ns period=6.666ns})
  Path Group:             clk_fpga_1
  Path Type:              Hold (Min at Fast Process Corner)
  Requirement:            0.000ns  (clk_fpga_1 rise@0.000ns - clk_fpga_1 rise@0.000ns)
  Data Path Delay:        0.196ns  (logic 0.141ns (71.838%)  route 0.055ns (28.162%))
  Logic Levels:           0
  Clock Path Skew:        0.013ns (DCD - SCD - CPR)
    Destination Clock Delay (DCD):    1.207ns
    Source Clock Delay      (SCD):    0.905ns
    Clock Pessimism Removal (CPR):    0.289ns

    Location             Delay type                Incr(ns)  Path(ns)    Netlist Resource(s)
  -------------------------------------------------------------------    -------------------
                         (clock clk_fpga_1 rise edge)
                                                      0.000     0.000 r
    PS7_X0Y0             PS7                          0.000     0.000 r  system_i/processing_system7_0/inst/PS7_i/FCLKCLK[1]
                         net (fo=1, routed)           0.303     0.303    system_i/processing_system7_0/inst/FCLK_CLK_unbuffered[1]
    BUFGCTRL_X0Y17       BUFG (Prop_bufg_I_O)         0.026     0.329 r  system_i/processing_system7_0/inst/buffer_fclk_clk_1.FCLK_CLK_1_BUFG/O
                         net (fo=8926, routed)        0.576     0.905    system_i/dma_mem_smartconnect/inst/switchboards/r_switchboard/inst/gen_mi[0].inst_opipe_payld/aclk
    SLICE_X39Y38         FDRE                                         r  system_i/dma_mem_smartconnect/inst/switchboards/r_switchboard/inst/gen_mi[0].inst_opipe_payld/gen_pipe[1].pipe_reg[1][42]/C
  -------------------------------------------------------------------    -------------------
    SLICE_X39Y38         FDRE (Prop_fdre_C_Q)         0.141     1.046 r  system_i/dma_mem_smartconnect/inst/switchboards/r_switchboard/inst/gen_mi[0].inst_opipe_payld/gen_pipe[1].pipe_reg[1][42]/Q
                         net (fo=1, routed)           0.055     1.101    system_i/dma_mem_smartconnect/inst/s00_nodes/s00_r_node/inst/inst_mi_handler/gen_normal_area.inst_fifo_node_payld/gen_xpm_memory_fifo.inst_fifo/gen_mem_rep[0].inst_xpm_memory/xpm_memory_base_inst/gen_wr_a.gen_word_narrow.mem_reg_0_31_42_47/DIA0
    SLICE_X38Y38         RAMD32                                       r  system_i/dma_mem_smartconnect/inst/s00_nodes/s00_r_node/inst/inst_mi_handler/gen_normal_area.inst_fifo_node_payld/gen_xpm_memory_fifo.inst_fifo/gen_mem_rep[0].inst_xpm_memory/xpm_memory_base_inst/gen_wr_a.gen_word_narrow.mem_reg_0_31_42_47/RAMA/I
  -------------------------------------------------------------------    -------------------

                         (clock clk_fpga_1 rise edge)
                                                      0.000     0.000 r
    PS7_X0Y0             PS7                          0.000     0.000 r  system_i/processing_system7_0/inst/PS7_i/FCLKCLK[1]
                         net (fo=1, routed)           0.331     0.331    system_i/processing_system7_0/inst/FCLK_CLK_unbuffered[1]
    BUFGCTRL_X0Y17       BUFG (Prop_bufg_I_O)         0.029     0.360 r  system_i/processing_system7_0/inst/buffer_fclk_clk_1.FCLK_CLK_1_BUFG/O
                         net (fo=8926, routed)        0.847     1.207    system_i/dma_mem_smartconnect/inst/s00_nodes/s00_r_node/inst/inst_mi_handler/gen_normal_area.inst_fifo_node_payld/gen_xpm_memory_fifo.inst_fifo/gen_mem_rep[0].inst_xpm_memory/xpm_memory_base_inst/gen_wr_a.gen_word_narrow.mem_reg_0_31_42_47/WCLK
    SLICE_X38Y38         RAMD32                                       r  system_i/dma_mem_smartconnect/inst/s00_nodes/s00_r_node/inst/inst_mi_handler/gen_normal_area.inst_fifo_node_payld/gen_xpm_memory_fifo.inst_fifo/gen_mem_rep[0].inst_xpm_memory/xpm_memory_base_inst/gen_wr_a.gen_word_narrow.mem_reg_0_31_42_47/RAMA/CLK
                         clock pessimism             -0.289     0.918
    SLICE_X38Y38         RAMD32 (Hold_ramd32_CLK_I)
                                                      0.147     1.064    system_i/dma_mem_smartconnect/inst/s00_nodes/s00_r_node/inst/inst_mi_handler/gen_normal_area.inst_fifo_node_payld/gen_xpm_memory_fifo.inst_fifo/gen_mem_rep[0].inst_xpm_memory/xpm_memory_base_inst/gen_wr_a.gen_word_narrow.mem_reg_0_31_42_47/RAMA
  -------------------------------------------------------------------
                         required time                         -1.065
                         arrival time                           1.101
  -------------------------------------------------------------------
                         slack                                  0.036

Slack (MET) :             0.036ns  (arrival time - required time)
  Source:                 system_i/dma_mem_smartconnect/inst/s01_entry_pipeline/s01_mmu/inst/w_sreg/m_vector_i_reg[1112]/C
                            (rising edge-triggered cell FDRE clocked by clk_fpga_1  {rise@0.000ns fall@3.333ns period=6.666ns})
  Destination:            system_i/dma_mem_smartconnect/inst/s01_nodes/s01_w_node/inst/inst_mi_handler/gen_normal_area.inst_fifo_node_payld/gen_xpm_memory_fifo.inst_fifo/gen_mem_rep[0].inst_xpm_memory/xpm_memory_base_inst/gen_wr_a.gen_word_narrow.mem_reg_0_31_114_119/RAMA/I
                            (rising edge-triggered cell RAMD32 clocked by clk_fpga_1  {rise@0.000ns fall@3.333ns period=6.666ns})
  Path Group:             clk_fpga_1
  Path Type:              Hold (Min at Fast Process Corner)
  Requirement:            0.000ns  (clk_fpga_1 rise@0.000ns - clk_fpga_1 rise@0.000ns)
  Data Path Delay:        0.196ns  (logic 0.141ns (71.838%)  route 0.055ns (28.162%))
  Logic Levels:           0
  Clock Path Skew:        0.013ns (DCD - SCD - CPR)
    Destination Clock Delay (DCD):    1.206ns
    Source Clock Delay      (SCD):    0.907ns
    Clock Pessimism Removal (CPR):    0.286ns

    Location             Delay type                Incr(ns)  Path(ns)    Netlist Resource(s)
  -------------------------------------------------------------------    -------------------
                         (clock clk_fpga_1 rise edge)
                                                      0.000     0.000 r
    PS7_X0Y0             PS7                          0.000     0.000 r  system_i/processing_system7_0/inst/PS7_i/FCLKCLK[1]
                         net (fo=1, routed)           0.303     0.303    system_i/processing_system7_0/inst/FCLK_CLK_unbuffered[1]
    BUFGCTRL_X0Y17       BUFG (Prop_bufg_I_O)         0.026     0.329 r  system_i/processing_system7_0/inst/buffer_fclk_clk_1.FCLK_CLK_1_BUFG/O
                         net (fo=8926, routed)        0.578     0.907    system_i/dma_mem_smartconnect/inst/s01_entry_pipeline/s01_mmu/inst/w_sreg/aclk
    SLICE_X31Y15         FDRE                                         r  system_i/dma_mem_smartconnect/inst/s01_entry_pipeline/s01_mmu/inst/w_sreg/m_vector_i_reg[1112]/C
  -------------------------------------------------------------------    -------------------
    SLICE_X31Y15         FDRE (Prop_fdre_C_Q)         0.141     1.048 r  system_i/dma_mem_smartconnect/inst/s01_entry_pipeline/s01_mmu/inst/w_sreg/m_vector_i_reg[1112]/Q
                         net (fo=1, routed)           0.055     1.103    system_i/dma_mem_smartconnect/inst/s01_nodes/s01_w_node/inst/inst_mi_handler/gen_normal_area.inst_fifo_node_payld/gen_xpm_memory_fifo.inst_fifo/gen_mem_rep[0].inst_xpm_memory/xpm_memory_base_inst/gen_wr_a.gen_word_narrow.mem_reg_0_31_114_119/DIA0
    SLICE_X30Y15         RAMD32                                       r  system_i/dma_mem_smartconnect/inst/s01_nodes/s01_w_node/inst/inst_mi_handler/gen_normal_area.inst_fifo_node_payld/gen_xpm_memory_fifo.inst_fifo/gen_mem_rep[0].inst_xpm_memory/xpm_memory_base_inst/gen_wr_a.gen_word_narrow.mem_reg_0_31_114_119/RAMA/I
  -------------------------------------------------------------------    -------------------

                         (clock clk_fpga_1 rise edge)
                                                      0.000     0.000 r
    PS7_X0Y0             PS7                          0.000     0.000 r  system_i/processing_system7_0/inst/PS7_i/FCLKCLK[1]
                         net (fo=1, routed)           0.331     0.331    system_i/processing_system7_0/inst/FCLK_CLK_unbuffered[1]
    BUFGCTRL_X0Y17       BUFG (Prop_bufg_I_O)         0.029     0.360 r  system_i/processing_system7_0/inst/buffer_fclk_clk_1.FCLK_CLK_1_BUFG/O
                         net (fo=8926, routed)        0.846     1.206    system_i/dma_mem_smartconnect/inst/s01_nodes/s01_w_node/inst/inst_mi_handler/gen_normal_area.inst_fifo_node_payld/gen_xpm_memory_fifo.inst_fifo/gen_mem_rep[0].inst_xpm_memory/xpm_memory_base_inst/gen_wr_a.gen_word_narrow.mem_reg_0_31_114_119/WCLK
    SLICE_X30Y15         RAMD32                                       r  system_i/dma_mem_smartconnect/inst/s01_nodes/s01_w_node/inst/inst_mi_handler/gen_normal_area.inst_fifo_node_payld/gen_xpm_memory_fifo.inst_fifo/gen_mem_rep[0].inst_xpm_memory/xpm_memory_base_inst/gen_wr_a.gen_word_narrow.mem_reg_0_31_114_119/RAMA/CLK
                         clock pessimism             -0.286     0.920
    SLICE_X30Y15         RAMD32 (Hold_ramd32_CLK_I)
                                                      0.147     1.067    system_i/dma_mem_smartconnect/inst/s01_nodes/s01_w_node/inst/inst_mi_handler/gen_normal_area.inst_fifo_node_payld/gen_xpm_memory_fifo.inst_fifo/gen_mem_rep[0].inst_xpm_memory/xpm_memory_base_inst/gen_wr_a.gen_word_narrow.mem_reg_0_31_114_119/RAMA
  -------------------------------------------------------------------
                         required time                         -1.067
                         arrival time                           1.103
  -------------------------------------------------------------------
                         slack                                  0.036

Slack (MET) :             0.036ns  (arrival time - required time)
  Source:                 system_i/dma_mem_smartconnect/inst/switchboards/w_switchboard/inst/gen_mi[0].inst_opipe_payld/gen_pipe[1].pipe_reg[1][72]/C
                            (rising edge-triggered cell FDRE clocked by clk_fpga_1  {rise@0.000ns fall@3.333ns period=6.666ns})
  Destination:            system_i/dma_mem_smartconnect/inst/m00_nodes/m00_w_node/inst/inst_mi_handler/gen_normal_area.inst_fifo_node_payld/gen_xpm_memory_fifo.inst_fifo/gen_mem_rep[0].inst_xpm_memory/xpm_memory_base_inst/gen_wr_a.gen_word_narrow.mem_reg_0_31_72_77/RAMA/I
                            (rising edge-triggered cell RAMD32 clocked by clk_fpga_1  {rise@0.000ns fall@3.333ns period=6.666ns})
  Path Group:             clk_fpga_1
  Path Type:              Hold (Min at Fast Process Corner)
  Requirement:            0.000ns  (clk_fpga_1 rise@0.000ns - clk_fpga_1 rise@0.000ns)
  Data Path Delay:        0.196ns  (logic 0.141ns (71.838%)  route 0.055ns (28.162%))
  Logic Levels:           0
  Clock Path Skew:        0.013ns (DCD - SCD - CPR)
    Destination Clock Delay (DCD):    1.200ns
    Source Clock Delay      (SCD):    0.901ns
    Clock Pessimism Removal (CPR):    0.287ns

    Location             Delay type                Incr(ns)  Path(ns)    Netlist Resource(s)
  -------------------------------------------------------------------    -------------------
                         (clock clk_fpga_1 rise edge)
                                                      0.000     0.000 r
    PS7_X0Y0             PS7                          0.000     0.000 r  system_i/processing_system7_0/inst/PS7_i/FCLKCLK[1]
                         net (fo=1, routed)           0.303     0.303    system_i/processing_system7_0/inst/FCLK_CLK_unbuffered[1]
    BUFGCTRL_X0Y17       BUFG (Prop_bufg_I_O)         0.026     0.329 r  system_i/processing_system7_0/inst/buffer_fclk_clk_1.FCLK_CLK_1_BUFG/O
                         net (fo=8926, routed)        0.572     0.901    system_i/dma_mem_smartconnect/inst/switchboards/w_switchboard/inst/gen_mi[0].inst_opipe_payld/aclk
    SLICE_X31Y28         FDRE                                         r  system_i/dma_mem_smartconnect/inst/switchboards/w_switchboard/inst/gen_mi[0].inst_opipe_payld/gen_pipe[1].pipe_reg[1][72]/C
  -------------------------------------------------------------------    -------------------
    SLICE_X31Y28         FDRE (Prop_fdre_C_Q)         0.141     1.042 r  system_i/dma_mem_smartconnect/inst/switchboards/w_switchboard/inst/gen_mi[0].inst_opipe_payld/gen_pipe[1].pipe_reg[1][72]/Q
                         net (fo=1, routed)           0.055     1.097    system_i/dma_mem_smartconnect/inst/m00_nodes/m00_w_node/inst/inst_mi_handler/gen_normal_area.inst_fifo_node_payld/gen_xpm_memory_fifo.inst_fifo/gen_mem_rep[0].inst_xpm_memory/xpm_memory_base_inst/gen_wr_a.gen_word_narrow.mem_reg_0_31_72_77/DIA0
    SLICE_X30Y28         RAMD32                                       r  system_i/dma_mem_smartconnect/inst/m00_nodes/m00_w_node/inst/inst_mi_handler/gen_normal_area.inst_fifo_node_payld/gen_xpm_memory_fifo.inst_fifo/gen_mem_rep[0].inst_xpm_memory/xpm_memory_base_inst/gen_wr_a.gen_word_narrow.mem_reg_0_31_72_77/RAMA/I
  -------------------------------------------------------------------    -------------------

                         (clock clk_fpga_1 rise edge)
                                                      0.000     0.000 r
    PS7_X0Y0             PS7                          0.000     0.000 r  system_i/processing_system7_0/inst/PS7_i/FCLKCLK[1]
                         net (fo=1, routed)           0.331     0.331    system_i/processing_system7_0/inst/FCLK_CLK_unbuffered[1]
    BUFGCTRL_X0Y17       BUFG (Prop_bufg_I_O)         0.029     0.360 r  system_i/processing_system7_0/inst/buffer_fclk_clk_1.FCLK_CLK_1_BUFG/O
                         net (fo=8926, routed)        0.840     1.200    system_i/dma_mem_smartconnect/inst/m00_nodes/m00_w_node/inst/inst_mi_handler/gen_normal_area.inst_fifo_node_payld/gen_xpm_memory_fifo.inst_fifo/gen_mem_rep[0].inst_xpm_memory/xpm_memory_base_inst/gen_wr_a.gen_word_narrow.mem_reg_0_31_72_77/WCLK
    SLICE_X30Y28         RAMD32                                       r  system_i/dma_mem_smartconnect/inst/m00_nodes/m00_w_node/inst/inst_mi_handler/gen_normal_area.inst_fifo_node_payld/gen_xpm_memory_fifo.inst_fifo/gen_mem_rep[0].inst_xpm_memory/xpm_memory_base_inst/gen_wr_a.gen_word_narrow.mem_reg_0_31_72_77/RAMA/CLK
                         clock pessimism             -0.287     0.914
    SLICE_X30Y28         RAMD32 (Hold_ramd32_CLK_I)
                                                      0.147     1.061    system_i/dma_mem_smartconnect/inst/m00_nodes/m00_w_node/inst/inst_mi_handler/gen_normal_area.inst_fifo_node_payld/gen_xpm_memory_fifo.inst_fifo/gen_mem_rep[0].inst_xpm_memory/xpm_memory_base_inst/gen_wr_a.gen_word_narrow.mem_reg_0_31_72_77/RAMA
  -------------------------------------------------------------------
                         required time                         -1.061
                         arrival time                           1.097
  -------------------------------------------------------------------
                         slack                                  0.036

Slack (MET) :             0.036ns  (arrival time - required time)
  Source:                 system_i/dma_mem_smartconnect/inst/switchboards/r_switchboard/inst/gen_mi[0].inst_opipe_payld/gen_pipe[1].pipe_reg[1][138]/C
                            (rising edge-triggered cell FDRE clocked by clk_fpga_1  {rise@0.000ns fall@3.333ns period=6.666ns})
  Destination:            system_i/dma_mem_smartconnect/inst/s00_nodes/s00_r_node/inst/inst_mi_handler/gen_normal_area.inst_fifo_node_payld/gen_xpm_memory_fifo.inst_fifo/gen_mem_rep[0].inst_xpm_memory/xpm_memory_base_inst/gen_wr_a.gen_word_narrow.mem_reg_0_31_138_143/RAMA/I
                            (rising edge-triggered cell RAMD32 clocked by clk_fpga_1  {rise@0.000ns fall@3.333ns period=6.666ns})
  Path Group:             clk_fpga_1
  Path Type:              Hold (Min at Fast Process Corner)
  Requirement:            0.000ns  (clk_fpga_1 rise@0.000ns - clk_fpga_1 rise@0.000ns)
  Data Path Delay:        0.196ns  (logic 0.141ns (71.838%)  route 0.055ns (28.162%))
  Logic Levels:           0
  Clock Path Skew:        0.013ns (DCD - SCD - CPR)
    Destination Clock Delay (DCD):    1.213ns
    Source Clock Delay      (SCD):    0.912ns
    Clock Pessimism Removal (CPR):    0.288ns

    Location             Delay type                Incr(ns)  Path(ns)    Netlist Resource(s)
  -------------------------------------------------------------------    -------------------
                         (clock clk_fpga_1 rise edge)
                                                      0.000     0.000 r
    PS7_X0Y0             PS7                          0.000     0.000 r  system_i/processing_system7_0/inst/PS7_i/FCLKCLK[1]
                         net (fo=1, routed)           0.303     0.303    system_i/processing_system7_0/inst/FCLK_CLK_unbuffered[1]
    BUFGCTRL_X0Y17       BUFG (Prop_bufg_I_O)         0.026     0.329 r  system_i/processing_system7_0/inst/buffer_fclk_clk_1.FCLK_CLK_1_BUFG/O
                         net (fo=8926, routed)        0.583     0.912    system_i/dma_mem_smartconnect/inst/switchboards/r_switchboard/inst/gen_mi[0].inst_opipe_payld/aclk
    SLICE_X31Y49         FDRE                                         r  system_i/dma_mem_smartconnect/inst/switchboards/r_switchboard/inst/gen_mi[0].inst_opipe_payld/gen_pipe[1].pipe_reg[1][138]/C
  -------------------------------------------------------------------    -------------------
    SLICE_X31Y49         FDRE (Prop_fdre_C_Q)         0.141     1.053 r  system_i/dma_mem_smartconnect/inst/switchboards/r_switchboard/inst/gen_mi[0].inst_opipe_payld/gen_pipe[1].pipe_reg[1][138]/Q
                         net (fo=1, routed)           0.055     1.108    system_i/dma_mem_smartconnect/inst/s00_nodes/s00_r_node/inst/inst_mi_handler/gen_normal_area.inst_fifo_node_payld/gen_xpm_memory_fifo.inst_fifo/gen_mem_rep[0].inst_xpm_memory/xpm_memory_base_inst/gen_wr_a.gen_word_narrow.mem_reg_0_31_138_143/DIA0
    SLICE_X30Y49         RAMD32                                       r  system_i/dma_mem_smartconnect/inst/s00_nodes/s00_r_node/inst/inst_mi_handler/gen_normal_area.inst_fifo_node_payld/gen_xpm_memory_fifo.inst_fifo/gen_mem_rep[0].inst_xpm_memory/xpm_memory_base_inst/gen_wr_a.gen_word_narrow.mem_reg_0_31_138_143/RAMA/I
  -------------------------------------------------------------------    -------------------

                         (clock clk_fpga_1 rise edge)
                                                      0.000     0.000 r
    PS7_X0Y0             PS7                          0.000     0.000 r  system_i/processing_system7_0/inst/PS7_i/FCLKCLK[1]
                         net (fo=1, routed)           0.331     0.331    system_i/processing_system7_0/inst/FCLK_CLK_unbuffered[1]
    BUFGCTRL_X0Y17       BUFG (Prop_bufg_I_O)         0.029     0.360 r  system_i/processing_system7_0/inst/buffer_fclk_clk_1.FCLK_CLK_1_BUFG/O
                         net (fo=8926, routed)        0.853     1.213    system_i/dma_mem_smartconnect/inst/s00_nodes/s00_r_node/inst/inst_mi_handler/gen_normal_area.inst_fifo_node_payld/gen_xpm_memory_fifo.inst_fifo/gen_mem_rep[0].inst_xpm_memory/xpm_memory_base_inst/gen_wr_a.gen_word_narrow.mem_reg_0_31_138_143/WCLK
    SLICE_X30Y49         RAMD32                                       r  system_i/dma_mem_smartconnect/inst/s00_nodes/s00_r_node/inst/inst_mi_handler/gen_normal_area.inst_fifo_node_payld/gen_xpm_memory_fifo.inst_fifo/gen_mem_rep[0].inst_xpm_memory/xpm_memory_base_inst/gen_wr_a.gen_word_narrow.mem_reg_0_31_138_143/RAMA/CLK
                         clock pessimism             -0.288     0.925
    SLICE_X30Y49         RAMD32 (Hold_ramd32_CLK_I)
                                                      0.147     1.072    system_i/dma_mem_smartconnect/inst/s00_nodes/s00_r_node/inst/inst_mi_handler/gen_normal_area.inst_fifo_node_payld/gen_xpm_memory_fifo.inst_fifo/gen_mem_rep[0].inst_xpm_memory/xpm_memory_base_inst/gen_wr_a.gen_word_narrow.mem_reg_0_31_138_143/RAMA
  -------------------------------------------------------------------
                         required time                         -1.071
                         arrival time                           1.108
  -------------------------------------------------------------------
                         slack                                  0.036

Slack (MET) :             0.041ns  (arrival time - required time)
  Source:                 system_i/dma_ctrl_protocol_converter/inst/gen_axilite.gen_b2s_conv.axilite_b2s/WR.aw_channel_0/s_awid_r_reg[7]/C
                            (rising edge-triggered cell FDRE clocked by clk_fpga_0  {rise@0.000ns fall@5.000ns period=10.000ns})
  Destination:            system_i/dma_ctrl_protocol_converter/inst/gen_axilite.gen_b2s_conv.axilite_b2s/WR.b_channel_0/bid_fifo_0/memory_reg[3][15]_srl4/D
                            (rising edge-triggered cell SRL16E clocked by clk_fpga_0  {rise@0.000ns fall@5.000ns period=10.000ns})
  Path Group:             clk_fpga_0
  Path Type:              Hold (Min at Fast Process Corner)
  Requirement:            0.000ns  (clk_fpga_0 rise@0.000ns - clk_fpga_0 rise@0.000ns)
  Data Path Delay:        0.240ns  (logic 0.141ns (58.816%)  route 0.099ns (41.184%))
  Logic Levels:           0
  Clock Path Skew:        0.016ns (DCD - SCD - CPR)
    Destination Clock Delay (DCD):    1.276ns
    Source Clock Delay      (SCD):    0.970ns
    Clock Pessimism Removal (CPR):    0.290ns

    Location             Delay type                Incr(ns)  Path(ns)    Netlist Resource(s)
  -------------------------------------------------------------------    -------------------
                         (clock clk_fpga_0 rise edge)
                                                      0.000     0.000 r
    PS7_X0Y0             PS7                          0.000     0.000 r  system_i/processing_system7_0/inst/PS7_i/FCLKCLK[0]
                         net (fo=1, routed)           0.303     0.303    system_i/processing_system7_0/inst/FCLK_CLK_unbuffered[0]
    BUFGCTRL_X0Y16       BUFG (Prop_bufg_I_O)         0.026     0.329 r  system_i/processing_system7_0/inst/buffer_fclk_clk_0.FCLK_CLK_0_BUFG/O
                         net (fo=20688, routed)       0.641     0.970    system_i/dma_ctrl_protocol_converter/inst/gen_axilite.gen_b2s_conv.axilite_b2s/WR.aw_channel_0/aclk
    SLICE_X29Y109        FDRE                                         r  system_i/dma_ctrl_protocol_converter/inst/gen_axilite.gen_b2s_conv.axilite_b2s/WR.aw_channel_0/s_awid_r_reg[7]/C
  -------------------------------------------------------------------    -------------------
    SLICE_X29Y109        FDRE (Prop_fdre_C_Q)         0.141     1.111 r  system_i/dma_ctrl_protocol_converter/inst/gen_axilite.gen_b2s_conv.axilite_b2s/WR.aw_channel_0/s_awid_r_reg[7]/Q
                         net (fo=1, routed)           0.099     1.210    system_i/dma_ctrl_protocol_converter/inst/gen_axilite.gen_b2s_conv.axilite_b2s/WR.b_channel_0/bid_fifo_0/in[11]
    SLICE_X30Y108        SRL16E                                       r  system_i/dma_ctrl_protocol_converter/inst/gen_axilite.gen_b2s_conv.axilite_b2s/WR.b_channel_0/bid_fifo_0/memory_reg[3][15]_srl4/D
  -------------------------------------------------------------------    -------------------

                         (clock clk_fpga_0 rise edge)
                                                      0.000     0.000 r
    PS7_X0Y0             PS7                          0.000     0.000 r  system_i/processing_system7_0/inst/PS7_i/FCLKCLK[0]
                         net (fo=1, routed)           0.331     0.331    system_i/processing_system7_0/inst/FCLK_CLK_unbuffered[0]
    BUFGCTRL_X0Y16       BUFG (Prop_bufg_I_O)         0.029     0.360 r  system_i/processing_system7_0/inst/buffer_fclk_clk_0.FCLK_CLK_0_BUFG/O
                         net (fo=20688, routed)       0.916     1.276    system_i/dma_ctrl_protocol_converter/inst/gen_axilite.gen_b2s_conv.axilite_b2s/WR.b_channel_0/bid_fifo_0/aclk
    SLICE_X30Y108        SRL16E                                       r  system_i/dma_ctrl_protocol_converter/inst/gen_axilite.gen_b2s_conv.axilite_b2s/WR.b_channel_0/bid_fifo_0/memory_reg[3][15]_srl4/CLK
                         clock pessimism             -0.290     0.986
    SLICE_X30Y108        SRL16E (Hold_srl16e_CLK_D)
                                                      0.183     1.169    system_i/dma_ctrl_protocol_converter/inst/gen_axilite.gen_b2s_conv.axilite_b2s/WR.b_channel_0/bid_fifo_0/memory_reg[3][15]_srl4
  -------------------------------------------------------------------
                         required time                         -1.169
                         arrival time                           1.210
  -------------------------------------------------------------------
                         slack                                  0.041

Slack (MET) :             0.046ns  (arrival time - required time)
  Source:                 system_i/dma_mem_smartconnect/inst/m00_exit_pipeline/m00_exit/inst/r_reg/skid_buffer_reg[1104]/C
                            (rising edge-triggered cell FDRE clocked by clk_fpga_1  {rise@0.000ns fall@3.333ns period=6.666ns})
  Destination:            system_i/dma_mem_smartconnect/inst/m00_exit_pipeline/m00_exit/inst/r_reg/m_vector_i_reg[1104]/D
                            (rising edge-triggered cell FDRE clocked by clk_fpga_1  {rise@0.000ns fall@3.333ns period=6.666ns})
  Path Group:             clk_fpga_1
  Path Type:              Hold (Min at Fast Process Corner)
  Requirement:            0.000ns  (clk_fpga_1 rise@0.000ns - clk_fpga_1 rise@0.000ns)
  Data Path Delay:        0.443ns  (logic 0.224ns (50.534%)  route 0.219ns (49.466%))
  Logic Levels:           1  (LUT3=1)
  Clock Path Skew:        0.290ns (DCD - SCD - CPR)
    Destination Clock Delay (DCD):    1.211ns
    Source Clock Delay      (SCD):    0.890ns
    Clock Pessimism Removal (CPR):    0.031ns

    Location             Delay type                Incr(ns)  Path(ns)    Netlist Resource(s)
  -------------------------------------------------------------------    -------------------
                         (clock clk_fpga_1 rise edge)
                                                      0.000     0.000 r
    PS7_X0Y0             PS7                          0.000     0.000 r  system_i/processing_system7_0/inst/PS7_i/FCLKCLK[1]
                         net (fo=1, routed)           0.303     0.303    system_i/processing_system7_0/inst/FCLK_CLK_unbuffered[1]
    BUFGCTRL_X0Y17       BUFG (Prop_bufg_I_O)         0.026     0.329 r  system_i/processing_system7_0/inst/buffer_fclk_clk_1.FCLK_CLK_1_BUFG/O
                         net (fo=8926, routed)        0.561     0.890    system_i/dma_mem_smartconnect/inst/m00_exit_pipeline/m00_exit/inst/r_reg/aclk
    SLICE_X35Y50         FDRE                                         r  system_i/dma_mem_smartconnect/inst/m00_exit_pipeline/m00_exit/inst/r_reg/skid_buffer_reg[1104]/C
  -------------------------------------------------------------------    -------------------
    SLICE_X35Y50         FDRE (Prop_fdre_C_Q)         0.128     1.018 r  system_i/dma_mem_smartconnect/inst/m00_exit_pipeline/m00_exit/inst/r_reg/skid_buffer_reg[1104]/Q
                         net (fo=1, routed)           0.219     1.237    system_i/dma_mem_smartconnect/inst/m00_exit_pipeline/m00_exit/inst/r_reg/skid_buffer_reg_n_0_[1104]
    SLICE_X35Y49         LUT3 (Prop_lut3_I0_O)        0.096     1.333 r  system_i/dma_mem_smartconnect/inst/m00_exit_pipeline/m00_exit/inst/r_reg/m_vector_i[1104]_i_1/O
                         net (fo=1, routed)           0.000     1.333    system_i/dma_mem_smartconnect/inst/m00_exit_pipeline/m00_exit/inst/r_reg/m_vector_i[1104]_i_1_n_0
    SLICE_X35Y49         FDRE                                         r  system_i/dma_mem_smartconnect/inst/m00_exit_pipeline/m00_exit/inst/r_reg/m_vector_i_reg[1104]/D
  -------------------------------------------------------------------    -------------------

                         (clock clk_fpga_1 rise edge)
                                                      0.000     0.000 r
    PS7_X0Y0             PS7                          0.000     0.000 r  system_i/processing_system7_0/inst/PS7_i/FCLKCLK[1]
                         net (fo=1, routed)           0.331     0.331    system_i/processing_system7_0/inst/FCLK_CLK_unbuffered[1]
    BUFGCTRL_X0Y17       BUFG (Prop_bufg_I_O)         0.029     0.360 r  system_i/processing_system7_0/inst/buffer_fclk_clk_1.FCLK_CLK_1_BUFG/O
                         net (fo=8926, routed)        0.851     1.211    system_i/dma_mem_smartconnect/inst/m00_exit_pipeline/m00_exit/inst/r_reg/aclk
    SLICE_X35Y49         FDRE                                         r  system_i/dma_mem_smartconnect/inst/m00_exit_pipeline/m00_exit/inst/r_reg/m_vector_i_reg[1104]/C
                         clock pessimism             -0.031     1.180
    SLICE_X35Y49         FDRE (Hold_fdre_C_D)         0.107     1.287    system_i/dma_mem_smartconnect/inst/m00_exit_pipeline/m00_exit/inst/r_reg/m_vector_i_reg[1104]
  -------------------------------------------------------------------
                         required time                         -1.287
                         arrival time                           1.333
  -------------------------------------------------------------------
                         slack                                  0.046

Slack (MET) :             0.052ns  (arrival time - required time)
  Source:                 system_i/dma_ctrl_protocol_converter/inst/gen_axilite.gen_b2s_conv.axilite_b2s/RD.r_channel_0/r_arid_r_reg[3]/C
                            (rising edge-triggered cell FDRE clocked by clk_fpga_0  {rise@0.000ns fall@5.000ns period=10.000ns})
  Destination:            system_i/dma_ctrl_protocol_converter/inst/gen_axilite.gen_b2s_conv.axilite_b2s/RD.r_channel_0/transaction_fifo_0/memory_reg[31][4]_srl32/D
                            (rising edge-triggered cell SRLC32E clocked by clk_fpga_0  {rise@0.000ns fall@5.000ns period=10.000ns})
  Path Group:             clk_fpga_0
  Path Type:              Hold (Min at Fast Process Corner)
  Requirement:            0.000ns  (clk_fpga_0 rise@0.000ns - clk_fpga_0 rise@0.000ns)
  Data Path Delay:        0.251ns  (logic 0.141ns (56.078%)  route 0.110ns (43.922%))
  Logic Levels:           0
  Clock Path Skew:        0.016ns (DCD - SCD - CPR)
    Destination Clock Delay (DCD):    1.277ns
    Source Clock Delay      (SCD):    0.971ns
    Clock Pessimism Removal (CPR):    0.290ns

    Location             Delay type                Incr(ns)  Path(ns)    Netlist Resource(s)
  -------------------------------------------------------------------    -------------------
                         (clock clk_fpga_0 rise edge)
                                                      0.000     0.000 r
    PS7_X0Y0             PS7                          0.000     0.000 r  system_i/processing_system7_0/inst/PS7_i/FCLKCLK[0]
                         net (fo=1, routed)           0.303     0.303    system_i/processing_system7_0/inst/FCLK_CLK_unbuffered[0]
    BUFGCTRL_X0Y16       BUFG (Prop_bufg_I_O)         0.026     0.329 r  system_i/processing_system7_0/inst/buffer_fclk_clk_0.FCLK_CLK_0_BUFG/O
                         net (fo=20688, routed)       0.642     0.971    system_i/dma_ctrl_protocol_converter/inst/gen_axilite.gen_b2s_conv.axilite_b2s/RD.r_channel_0/aclk
    SLICE_X31Y103        FDRE                                         r  system_i/dma_ctrl_protocol_converter/inst/gen_axilite.gen_b2s_conv.axilite_b2s/RD.r_channel_0/r_arid_r_reg[3]/C
  -------------------------------------------------------------------    -------------------
    SLICE_X31Y103        FDRE (Prop_fdre_C_Q)         0.141     1.112 r  system_i/dma_ctrl_protocol_converter/inst/gen_axilite.gen_b2s_conv.axilite_b2s/RD.r_channel_0/r_arid_r_reg[3]/Q
                         net (fo=1, routed)           0.110     1.222    system_i/dma_ctrl_protocol_converter/inst/gen_axilite.gen_b2s_conv.axilite_b2s/RD.r_channel_0/transaction_fifo_0/in[4]
    SLICE_X30Y104        SRLC32E                                      r  system_i/dma_ctrl_protocol_converter/inst/gen_axilite.gen_b2s_conv.axilite_b2s/RD.r_channel_0/transaction_fifo_0/memory_reg[31][4]_srl32/D
  -------------------------------------------------------------------    -------------------

                         (clock clk_fpga_0 rise edge)
                                                      0.000     0.000 r
    PS7_X0Y0             PS7                          0.000     0.000 r  system_i/processing_system7_0/inst/PS7_i/FCLKCLK[0]
                         net (fo=1, routed)           0.331     0.331    system_i/processing_system7_0/inst/FCLK_CLK_unbuffered[0]
    BUFGCTRL_X0Y16       BUFG (Prop_bufg_I_O)         0.029     0.360 r  system_i/processing_system7_0/inst/buffer_fclk_clk_0.FCLK_CLK_0_BUFG/O
                         net (fo=20688, routed)       0.917     1.277    system_i/dma_ctrl_protocol_converter/inst/gen_axilite.gen_b2s_conv.axilite_b2s/RD.r_channel_0/transaction_fifo_0/aclk
    SLICE_X30Y104        SRLC32E                                      r  system_i/dma_ctrl_protocol_converter/inst/gen_axilite.gen_b2s_conv.axilite_b2s/RD.r_channel_0/transaction_fifo_0/memory_reg[31][4]_srl32/CLK
                         clock pessimism             -0.290     0.987
    SLICE_X30Y104        SRLC32E (Hold_srlc32e_CLK_D)
                                                      0.183     1.170    system_i/dma_ctrl_protocol_converter/inst/gen_axilite.gen_b2s_conv.axilite_b2s/RD.r_channel_0/transaction_fifo_0/memory_reg[31][4]_srl32
  -------------------------------------------------------------------
                         required time                         -1.170
                         arrival time                           1.222
  -------------------------------------------------------------------
                         slack                                  0.052

Slack (MET) :             0.056ns  (arrival time - required time)
  Source:                 system_i/generator_accelerator_0/inst/admet_cfg_addr_reg[4]_rep/C
                            (rising edge-triggered cell FDCE clocked by clk_fpga_0  {rise@0.000ns fall@5.000ns period=10.000ns})
  Destination:            system_i/generator_accelerator_0/inst/u_admet/gen_model[0].u_fc_network/hidden_weights_reg_r1_0_63_12_14/RAMA/WADR4
                            (rising edge-triggered cell RAMD64E clocked by clk_fpga_0  {rise@0.000ns fall@5.000ns period=10.000ns})
  Path Group:             clk_fpga_0
  Path Type:              Hold (Min at Fast Process Corner)
  Requirement:            0.000ns  (clk_fpga_0 rise@0.000ns - clk_fpga_0 rise@0.000ns)
  Data Path Delay:        0.292ns  (logic 0.141ns (48.246%)  route 0.151ns (51.754%))
  Logic Levels:           0
  Clock Path Skew:        0.036ns (DCD - SCD - CPR)
    Destination Clock Delay (DCD):    1.209ns
    Source Clock Delay      (SCD):    0.908ns
    Clock Pessimism Removal (CPR):    0.265ns

    Location             Delay type                Incr(ns)  Path(ns)    Netlist Resource(s)
  -------------------------------------------------------------------    -------------------
                         (clock clk_fpga_0 rise edge)
                                                      0.000     0.000 r
    PS7_X0Y0             PS7                          0.000     0.000 r  system_i/processing_system7_0/inst/PS7_i/FCLKCLK[0]
                         net (fo=1, routed)           0.303     0.303    system_i/processing_system7_0/inst/FCLK_CLK_unbuffered[0]
    BUFGCTRL_X0Y16       BUFG (Prop_bufg_I_O)         0.026     0.329 r  system_i/processing_system7_0/inst/buffer_fclk_clk_0.FCLK_CLK_0_BUFG/O
                         net (fo=20688, routed)       0.579     0.908    system_i/generator_accelerator_0/inst/s_axi_aclk
    SLICE_X85Y85         FDCE                                         r  system_i/generator_accelerator_0/inst/admet_cfg_addr_reg[4]_rep/C
  -------------------------------------------------------------------    -------------------
    SLICE_X85Y85         FDCE (Prop_fdce_C_Q)         0.141     1.049 r  system_i/generator_accelerator_0/inst/admet_cfg_addr_reg[4]_rep/Q
                         net (fo=449, routed)         0.151     1.200    system_i/generator_accelerator_0/inst/u_admet/gen_model[0].u_fc_network/hidden_weights_reg_r1_0_63_12_14/ADDRD4
    SLICE_X82Y85         RAMD64E                                      r  system_i/generator_accelerator_0/inst/u_admet/gen_model[0].u_fc_network/hidden_weights_reg_r1_0_63_12_14/RAMA/WADR4
  -------------------------------------------------------------------    -------------------

                         (clock clk_fpga_0 rise edge)
                                                      0.000     0.000 r
    PS7_X0Y0             PS7                          0.000     0.000 r  system_i/processing_system7_0/inst/PS7_i/FCLKCLK[0]
                         net (fo=1, routed)           0.331     0.331    system_i/processing_system7_0/inst/FCLK_CLK_unbuffered[0]
    BUFGCTRL_X0Y16       BUFG (Prop_bufg_I_O)         0.029     0.360 r  system_i/processing_system7_0/inst/buffer_fclk_clk_0.FCLK_CLK_0_BUFG/O
                         net (fo=20688, routed)       0.849     1.209    system_i/generator_accelerator_0/inst/u_admet/gen_model[0].u_fc_network/hidden_weights_reg_r1_0_63_12_14/WCLK
    SLICE_X82Y85         RAMD64E                                      r  system_i/generator_accelerator_0/inst/u_admet/gen_model[0].u_fc_network/hidden_weights_reg_r1_0_63_12_14/RAMA/CLK
                         clock pessimism             -0.265     0.944
    SLICE_X82Y85         RAMD64E (Hold_ramd64e_CLK_WADR4)
                                                      0.200     1.144    system_i/generator_accelerator_0/inst/u_admet/gen_model[0].u_fc_network/hidden_weights_reg_r1_0_63_12_14/RAMA
  -------------------------------------------------------------------
                         required time                         -1.144
                         arrival time                           1.200
  -------------------------------------------------------------------
                         slack                                  0.056

Slack (MET) :             0.056ns  (arrival time - required time)
  Source:                 system_i/generator_accelerator_0/inst/admet_cfg_addr_reg[4]_rep/C
                            (rising edge-triggered cell FDCE clocked by clk_fpga_0  {rise@0.000ns fall@5.000ns period=10.000ns})
  Destination:            system_i/generator_accelerator_0/inst/u_admet/gen_model[0].u_fc_network/hidden_weights_reg_r1_0_63_12_14/RAMB/WADR4
                            (rising edge-triggered cell RAMD64E clocked by clk_fpga_0  {rise@0.000ns fall@5.000ns period=10.000ns})
  Path Group:             clk_fpga_0
  Path Type:              Hold (Min at Fast Process Corner)
  Requirement:            0.000ns  (clk_fpga_0 rise@0.000ns - clk_fpga_0 rise@0.000ns)
  Data Path Delay:        0.292ns  (logic 0.141ns (48.246%)  route 0.151ns (51.754%))
  Logic Levels:           0
  Clock Path Skew:        0.036ns (DCD - SCD - CPR)
    Destination Clock Delay (DCD):    1.209ns
    Source Clock Delay      (SCD):    0.908ns
    Clock Pessimism Removal (CPR):    0.265ns

    Location             Delay type                Incr(ns)  Path(ns)    Netlist Resource(s)
  -------------------------------------------------------------------    -------------------
                         (clock clk_fpga_0 rise edge)
                                                      0.000     0.000 r
    PS7_X0Y0             PS7                          0.000     0.000 r  system_i/processing_system7_0/inst/PS7_i/FCLKCLK[0]
                         net (fo=1, routed)           0.303     0.303    system_i/processing_system7_0/inst/FCLK_CLK_unbuffered[0]
    BUFGCTRL_X0Y16       BUFG (Prop_bufg_I_O)         0.026     0.329 r  system_i/processing_system7_0/inst/buffer_fclk_clk_0.FCLK_CLK_0_BUFG/O
                         net (fo=20688, routed)       0.579     0.908    system_i/generator_accelerator_0/inst/s_axi_aclk
    SLICE_X85Y85         FDCE                                         r  system_i/generator_accelerator_0/inst/admet_cfg_addr_reg[4]_rep/C
  -------------------------------------------------------------------    -------------------
    SLICE_X85Y85         FDCE (Prop_fdce_C_Q)         0.141     1.049 r  system_i/generator_accelerator_0/inst/admet_cfg_addr_reg[4]_rep/Q
                         net (fo=449, routed)         0.151     1.200    system_i/generator_accelerator_0/inst/u_admet/gen_model[0].u_fc_network/hidden_weights_reg_r1_0_63_12_14/ADDRD4
    SLICE_X82Y85         RAMD64E                                      r  system_i/generator_accelerator_0/inst/u_admet/gen_model[0].u_fc_network/hidden_weights_reg_r1_0_63_12_14/RAMB/WADR4
  -------------------------------------------------------------------    -------------------

                         (clock clk_fpga_0 rise edge)
                                                      0.000     0.000 r
    PS7_X0Y0             PS7                          0.000     0.000 r  system_i/processing_system7_0/inst/PS7_i/FCLKCLK[0]
                         net (fo=1, routed)           0.331     0.331    system_i/processing_system7_0/inst/FCLK_CLK_unbuffered[0]
    BUFGCTRL_X0Y16       BUFG (Prop_bufg_I_O)         0.029     0.360 r  system_i/processing_system7_0/inst/buffer_fclk_clk_0.FCLK_CLK_0_BUFG/O
                         net (fo=20688, routed)       0.849     1.209    system_i/generator_accelerator_0/inst/u_admet/gen_model[0].u_fc_network/hidden_weights_reg_r1_0_63_12_14/WCLK
    SLICE_X82Y85         RAMD64E                                      r  system_i/generator_accelerator_0/inst/u_admet/gen_model[0].u_fc_network/hidden_weights_reg_r1_0_63_12_14/RAMB/CLK
                         clock pessimism             -0.265     0.944
    SLICE_X82Y85         RAMD64E (Hold_ramd64e_CLK_WADR4)
                                                      0.200     1.144    system_i/generator_accelerator_0/inst/u_admet/gen_model[0].u_fc_network/hidden_weights_reg_r1_0_63_12_14/RAMB
  -------------------------------------------------------------------
                         required time                         -1.144
                         arrival time                           1.200
  -------------------------------------------------------------------
                         slack                                  0.056

Slack (MET) :             0.056ns  (arrival time - required time)
  Source:                 system_i/generator_accelerator_0/inst/admet_cfg_addr_reg[4]_rep/C
                            (rising edge-triggered cell FDCE clocked by clk_fpga_0  {rise@0.000ns fall@5.000ns period=10.000ns})
  Destination:            system_i/generator_accelerator_0/inst/u_admet/gen_model[0].u_fc_network/hidden_weights_reg_r1_0_63_12_14/RAMC/WADR4
                            (rising edge-triggered cell RAMD64E clocked by clk_fpga_0  {rise@0.000ns fall@5.000ns period=10.000ns})
  Path Group:             clk_fpga_0
  Path Type:              Hold (Min at Fast Process Corner)
  Requirement:            0.000ns  (clk_fpga_0 rise@0.000ns - clk_fpga_0 rise@0.000ns)
  Data Path Delay:        0.292ns  (logic 0.141ns (48.246%)  route 0.151ns (51.754%))
  Logic Levels:           0
  Clock Path Skew:        0.036ns (DCD - SCD - CPR)
    Destination Clock Delay (DCD):    1.209ns
    Source Clock Delay      (SCD):    0.908ns
    Clock Pessimism Removal (CPR):    0.265ns

    Location             Delay type                Incr(ns)  Path(ns)    Netlist Resource(s)
  -------------------------------------------------------------------    -------------------
                         (clock clk_fpga_0 rise edge)
                                                      0.000     0.000 r
    PS7_X0Y0             PS7                          0.000     0.000 r  system_i/processing_system7_0/inst/PS7_i/FCLKCLK[0]
                         net (fo=1, routed)           0.303     0.303    system_i/processing_system7_0/inst/FCLK_CLK_unbuffered[0]
    BUFGCTRL_X0Y16       BUFG (Prop_bufg_I_O)         0.026     0.329 r  system_i/processing_system7_0/inst/buffer_fclk_clk_0.FCLK_CLK_0_BUFG/O
                         net (fo=20688, routed)       0.579     0.908    system_i/generator_accelerator_0/inst/s_axi_aclk
    SLICE_X85Y85         FDCE                                         r  system_i/generator_accelerator_0/inst/admet_cfg_addr_reg[4]_rep/C
  -------------------------------------------------------------------    -------------------
    SLICE_X85Y85         FDCE (Prop_fdce_C_Q)         0.141     1.049 r  system_i/generator_accelerator_0/inst/admet_cfg_addr_reg[4]_rep/Q
                         net (fo=449, routed)         0.151     1.200    system_i/generator_accelerator_0/inst/u_admet/gen_model[0].u_fc_network/hidden_weights_reg_r1_0_63_12_14/ADDRD4
    SLICE_X82Y85         RAMD64E                                      r  system_i/generator_accelerator_0/inst/u_admet/gen_model[0].u_fc_network/hidden_weights_reg_r1_0_63_12_14/RAMC/WADR4
  -------------------------------------------------------------------    -------------------

                         (clock clk_fpga_0 rise edge)
                                                      0.000     0.000 r
    PS7_X0Y0             PS7                          0.000     0.000 r  system_i/processing_system7_0/inst/PS7_i/FCLKCLK[0]
                         net (fo=1, routed)           0.331     0.331    system_i/processing_system7_0/inst/FCLK_CLK_unbuffered[0]
    BUFGCTRL_X0Y16       BUFG (Prop_bufg_I_O)         0.029     0.360 r  system_i/processing_system7_0/inst/buffer_fclk_clk_0.FCLK_CLK_0_BUFG/O
                         net (fo=20688, routed)       0.849     1.209    system_i/generator_accelerator_0/inst/u_admet/gen_model[0].u_fc_network/hidden_weights_reg_r1_0_63_12_14/WCLK
    SLICE_X82Y85         RAMD64E                                      r  system_i/generator_accelerator_0/inst/u_admet/gen_model[0].u_fc_network/hidden_weights_reg_r1_0_63_12_14/RAMC/CLK
                         clock pessimism             -0.265     0.944
    SLICE_X82Y85         RAMD64E (Hold_ramd64e_CLK_WADR4)
                                                      0.200     1.144    system_i/generator_accelerator_0/inst/u_admet/gen_model[0].u_fc_network/hidden_weights_reg_r1_0_63_12_14/RAMC
  -------------------------------------------------------------------
                         required time                         -1.144
                         arrival time                           1.200
  -------------------------------------------------------------------
                         slack                                  0.056

Slack (MET) :             0.056ns  (arrival time - required time)
  Source:                 system_i/generator_accelerator_0/inst/admet_cfg_addr_reg[4]_rep/C
                            (rising edge-triggered cell FDCE clocked by clk_fpga_0  {rise@0.000ns fall@5.000ns period=10.000ns})
  Destination:            system_i/generator_accelerator_0/inst/u_admet/gen_model[0].u_fc_network/hidden_weights_reg_r1_0_63_12_14/RAMD/WADR4
                            (rising edge-triggered cell RAMD64E clocked by clk_fpga_0  {rise@0.000ns fall@5.000ns period=10.000ns})
  Path Group:             clk_fpga_0
  Path Type:              Hold (Min at Fast Process Corner)
  Requirement:            0.000ns  (clk_fpga_0 rise@0.000ns - clk_fpga_0 rise@0.000ns)
  Data Path Delay:        0.292ns  (logic 0.141ns (48.246%)  route 0.151ns (51.754%))
  Logic Levels:           0
  Clock Path Skew:        0.036ns (DCD - SCD - CPR)
    Destination Clock Delay (DCD):    1.209ns
    Source Clock Delay      (SCD):    0.908ns
    Clock Pessimism Removal (CPR):    0.265ns

    Location             Delay type                Incr(ns)  Path(ns)    Netlist Resource(s)
  -------------------------------------------------------------------    -------------------
                         (clock clk_fpga_0 rise edge)
                                                      0.000     0.000 r
    PS7_X0Y0             PS7                          0.000     0.000 r  system_i/processing_system7_0/inst/PS7_i/FCLKCLK[0]
                         net (fo=1, routed)           0.303     0.303    system_i/processing_system7_0/inst/FCLK_CLK_unbuffered[0]
    BUFGCTRL_X0Y16       BUFG (Prop_bufg_I_O)         0.026     0.329 r  system_i/processing_system7_0/inst/buffer_fclk_clk_0.FCLK_CLK_0_BUFG/O
                         net (fo=20688, routed)       0.579     0.908    system_i/generator_accelerator_0/inst/s_axi_aclk
    SLICE_X85Y85         FDCE                                         r  system_i/generator_accelerator_0/inst/admet_cfg_addr_reg[4]_rep/C
  -------------------------------------------------------------------    -------------------
    SLICE_X85Y85         FDCE (Prop_fdce_C_Q)         0.141     1.049 r  system_i/generator_accelerator_0/inst/admet_cfg_addr_reg[4]_rep/Q
                         net (fo=449, routed)         0.151     1.200    system_i/generator_accelerator_0/inst/u_admet/gen_model[0].u_fc_network/hidden_weights_reg_r1_0_63_12_14/ADDRD4
    SLICE_X82Y85         RAMD64E                                      r  system_i/generator_accelerator_0/inst/u_admet/gen_model[0].u_fc_network/hidden_weights_reg_r1_0_63_12_14/RAMD/WADR4
  -------------------------------------------------------------------    -------------------

                         (clock clk_fpga_0 rise edge)
                                                      0.000     0.000 r
    PS7_X0Y0             PS7                          0.000     0.000 r  system_i/processing_system7_0/inst/PS7_i/FCLKCLK[0]
                         net (fo=1, routed)           0.331     0.331    system_i/processing_system7_0/inst/FCLK_CLK_unbuffered[0]
    BUFGCTRL_X0Y16       BUFG (Prop_bufg_I_O)         0.029     0.360 r  system_i/processing_system7_0/inst/buffer_fclk_clk_0.FCLK_CLK_0_BUFG/O
                         net (fo=20688, routed)       0.849     1.209    system_i/generator_accelerator_0/inst/u_admet/gen_model[0].u_fc_network/hidden_weights_reg_r1_0_63_12_14/WCLK
    SLICE_X82Y85         RAMD64E                                      r  system_i/generator_accelerator_0/inst/u_admet/gen_model[0].u_fc_network/hidden_weights_reg_r1_0_63_12_14/RAMD/CLK
                         clock pessimism             -0.265     0.944
    SLICE_X82Y85         RAMD64E (Hold_ramd64e_CLK_WADR4)
                                                      0.200     1.144    system_i/generator_accelerator_0/inst/u_admet/gen_model[0].u_fc_network/hidden_weights_reg_r1_0_63_12_14/RAMD
  -------------------------------------------------------------------
                         required time                         -1.144
                         arrival time                           1.200
  -------------------------------------------------------------------
                         slack                                  0.056

Slack (MET) :             0.060ns  (arrival time - required time)
  Source:                 system_i/dma_mem_smartconnect/inst/m00_nodes/m00_aw_node/inst/inst_mi_handler/gen_normal_area.inst_fifo_node_payld/gen_xpm_memory_fifo.inst_fifo/gen_mem_rep[0].inst_wr_addra/count_r_reg[0]/C
                            (rising edge-triggered cell FDRE clocked by clk_fpga_1  {rise@0.000ns fall@3.333ns period=6.666ns})
  Destination:            system_i/dma_mem_smartconnect/inst/m00_nodes/m00_aw_node/inst/inst_mi_handler/gen_normal_area.inst_fifo_node_payld/gen_xpm_memory_fifo.inst_fifo/gen_mem_rep[0].inst_xpm_memory/xpm_memory_base_inst/gen_wr_a.gen_word_narrow.mem_reg_0_31_0_5/RAMA/WADR0
                            (rising edge-triggered cell RAMD32 clocked by clk_fpga_1  {rise@0.000ns fall@3.333ns period=6.666ns})
  Path Group:             clk_fpga_1
  Path Type:              Hold (Min at Fast Process Corner)
  Requirement:            0.000ns  (clk_fpga_1 rise@0.000ns - clk_fpga_1 rise@0.000ns)
  Data Path Delay:        0.386ns  (logic 0.141ns (36.526%)  route 0.245ns (63.474%))
  Logic Levels:           0
  Clock Path Skew:        0.016ns (DCD - SCD - CPR)
    Destination Clock Delay (DCD):    1.247ns
    Source Clock Delay      (SCD):    0.943ns
    Clock Pessimism Removal (CPR):    0.288ns

    Location             Delay type                Incr(ns)  Path(ns)    Netlist Resource(s)
  -------------------------------------------------------------------    -------------------
                         (clock clk_fpga_1 rise edge)
                                                      0.000     0.000 r
    PS7_X0Y0             PS7                          0.000     0.000 r  system_i/processing_system7_0/inst/PS7_i/FCLKCLK[1]
                         net (fo=1, routed)           0.303     0.303    system_i/processing_system7_0/inst/FCLK_CLK_unbuffered[1]
    BUFGCTRL_X0Y17       BUFG (Prop_bufg_I_O)         0.026     0.329 r  system_i/processing_system7_0/inst/buffer_fclk_clk_1.FCLK_CLK_1_BUFG/O
                         net (fo=8926, routed)        0.614     0.943    system_i/dma_mem_smartconnect/inst/m00_nodes/m00_aw_node/inst/inst_mi_handler/gen_normal_area.inst_fifo_node_payld/gen_xpm_memory_fifo.inst_fifo/gen_mem_rep[0].inst_wr_addra/s_sc_aclk
    SLICE_X7Y40          FDRE                                         r  system_i/dma_mem_smartconnect/inst/m00_nodes/m00_aw_node/inst/inst_mi_handler/gen_normal_area.inst_fifo_node_payld/gen_xpm_memory_fifo.inst_fifo/gen_mem_rep[0].inst_wr_addra/count_r_reg[0]/C
  -------------------------------------------------------------------    -------------------
    SLICE_X7Y40          FDRE (Prop_fdre_C_Q)         0.141     1.084 r  system_i/dma_mem_smartconnect/inst/m00_nodes/m00_aw_node/inst/inst_mi_handler/gen_normal_area.inst_fifo_node_payld/gen_xpm_memory_fifo.inst_fifo/gen_mem_rep[0].inst_wr_addra/count_r_reg[0]/Q
                         net (fo=103, routed)         0.245     1.329    system_i/dma_mem_smartconnect/inst/m00_nodes/m00_aw_node/inst/inst_mi_handler/gen_normal_area.inst_fifo_node_payld/gen_xpm_memory_fifo.inst_fifo/gen_mem_rep[0].inst_xpm_memory/xpm_memory_base_inst/gen_wr_a.gen_word_narrow.mem_reg_0_31_0_5/ADDRD0
    SLICE_X4Y41          RAMD32                                       r  system_i/dma_mem_smartconnect/inst/m00_nodes/m00_aw_node/inst/inst_mi_handler/gen_normal_area.inst_fifo_node_payld/gen_xpm_memory_fifo.inst_fifo/gen_mem_rep[0].inst_xpm_memory/xpm_memory_base_inst/gen_wr_a.gen_word_narrow.mem_reg_0_31_0_5/RAMA/WADR0
  -------------------------------------------------------------------    -------------------

                         (clock clk_fpga_1 rise edge)
                                                      0.000     0.000 r
    PS7_X0Y0             PS7                          0.000     0.000 r  system_i/processing_system7_0/inst/PS7_i/FCLKCLK[1]
                         net (fo=1, routed)           0.331     0.331    system_i/processing_system7_0/inst/FCLK_CLK_unbuffered[1]
    BUFGCTRL_X0Y17       BUFG (Prop_bufg_I_O)         0.029     0.360 r  system_i/processing_system7_0/inst/buffer_fclk_clk_1.FCLK_CLK_1_BUFG/O
                         net (fo=8926, routed)        0.887     1.247    system_i/dma_mem_smartconnect/inst/m00_nodes/m00_aw_node/inst/inst_mi_handler/gen_normal_area.inst_fifo_node_payld/gen_xpm_memory_fifo.inst_fifo/gen_mem_rep[0].inst_xpm_memory/xpm_memory_base_inst/gen_wr_a.gen_word_narrow.mem_reg_0_31_0_5/WCLK
    SLICE_X4Y41          RAMD32                                       r  system_i/dma_mem_smartconnect/inst/m00_nodes/m00_aw_node/inst/inst_mi_handler/gen_normal_area.inst_fifo_node_payld/gen_xpm_memory_fifo.inst_fifo/gen_mem_rep[0].inst_xpm_memory/xpm_memory_base_inst/gen_wr_a.gen_word_narrow.mem_reg_0_31_0_5/RAMA/CLK
                         clock pessimism             -0.288     0.959
    SLICE_X4Y41          RAMD32 (Hold_ramd32_CLK_WADR0)
                                                      0.310     1.269    system_i/dma_mem_smartconnect/inst/m00_nodes/m00_aw_node/inst/inst_mi_handler/gen_normal_area.inst_fifo_node_payld/gen_xpm_memory_fifo.inst_fifo/gen_mem_rep[0].inst_xpm_memory/xpm_memory_base_inst/gen_wr_a.gen_word_narrow.mem_reg_0_31_0_5/RAMA
  -------------------------------------------------------------------
                         required time                         -1.269
                         arrival time                           1.329
  -------------------------------------------------------------------
                         slack                                  0.060

Slack (MET) :             0.060ns  (arrival time - required time)
  Source:                 system_i/dma_mem_smartconnect/inst/m00_nodes/m00_aw_node/inst/inst_mi_handler/gen_normal_area.inst_fifo_node_payld/gen_xpm_memory_fifo.inst_fifo/gen_mem_rep[0].inst_wr_addra/count_r_reg[0]/C
                            (rising edge-triggered cell FDRE clocked by clk_fpga_1  {rise@0.000ns fall@3.333ns period=6.666ns})
  Destination:            system_i/dma_mem_smartconnect/inst/m00_nodes/m00_aw_node/inst/inst_mi_handler/gen_normal_area.inst_fifo_node_payld/gen_xpm_memory_fifo.inst_fifo/gen_mem_rep[0].inst_xpm_memory/xpm_memory_base_inst/gen_wr_a.gen_word_narrow.mem_reg_0_31_0_5/RAMA_D1/WADR0
                            (rising edge-triggered cell RAMD32 clocked by clk_fpga_1  {rise@0.000ns fall@3.333ns period=6.666ns})
  Path Group:             clk_fpga_1
  Path Type:              Hold (Min at Fast Process Corner)
  Requirement:            0.000ns  (clk_fpga_1 rise@0.000ns - clk_fpga_1 rise@0.000ns)
  Data Path Delay:        0.386ns  (logic 0.141ns (36.526%)  route 0.245ns (63.474%))
  Logic Levels:           0
  Clock Path Skew:        0.016ns (DCD - SCD - CPR)
    Destination Clock Delay (DCD):    1.247ns
    Source Clock Delay      (SCD):    0.943ns
    Clock Pessimism Removal (CPR):    0.288ns

    Location             Delay type                Incr(ns)  Path(ns)    Netlist Resource(s)
  -------------------------------------------------------------------    -------------------
                         (clock clk_fpga_1 rise edge)
                                                      0.000     0.000 r
    PS7_X0Y0             PS7                          0.000     0.000 r  system_i/processing_system7_0/inst/PS7_i/FCLKCLK[1]
                         net (fo=1, routed)           0.303     0.303    system_i/processing_system7_0/inst/FCLK_CLK_unbuffered[1]
    BUFGCTRL_X0Y17       BUFG (Prop_bufg_I_O)         0.026     0.329 r  system_i/processing_system7_0/inst/buffer_fclk_clk_1.FCLK_CLK_1_BUFG/O
                         net (fo=8926, routed)        0.614     0.943    system_i/dma_mem_smartconnect/inst/m00_nodes/m00_aw_node/inst/inst_mi_handler/gen_normal_area.inst_fifo_node_payld/gen_xpm_memory_fifo.inst_fifo/gen_mem_rep[0].inst_wr_addra/s_sc_aclk
    SLICE_X7Y40          FDRE                                         r  system_i/dma_mem_smartconnect/inst/m00_nodes/m00_aw_node/inst/inst_mi_handler/gen_normal_area.inst_fifo_node_payld/gen_xpm_memory_fifo.inst_fifo/gen_mem_rep[0].inst_wr_addra/count_r_reg[0]/C
  -------------------------------------------------------------------    -------------------
    SLICE_X7Y40          FDRE (Prop_fdre_C_Q)         0.141     1.084 r  system_i/dma_mem_smartconnect/inst/m00_nodes/m00_aw_node/inst/inst_mi_handler/gen_normal_area.inst_fifo_node_payld/gen_xpm_memory_fifo.inst_fifo/gen_mem_rep[0].inst_wr_addra/count_r_reg[0]/Q
                         net (fo=103, routed)         0.245     1.329    system_i/dma_mem_smartconnect/inst/m00_nodes/m00_aw_node/inst/inst_mi_handler/gen_normal_area.inst_fifo_node_payld/gen_xpm_memory_fifo.inst_fifo/gen_mem_rep[0].inst_xpm_memory/xpm_memory_base_inst/gen_wr_a.gen_word_narrow.mem_reg_0_31_0_5/ADDRD0
    SLICE_X4Y41          RAMD32                                       r  system_i/dma_mem_smartconnect/inst/m00_nodes/m00_aw_node/inst/inst_mi_handler/gen_normal_area.inst_fifo_node_payld/gen_xpm_memory_fifo.inst_fifo/gen_mem_rep[0].inst_xpm_memory/xpm_memory_base_inst/gen_wr_a.gen_word_narrow.mem_reg_0_31_0_5/RAMA_D1/WADR0
  -------------------------------------------------------------------    -------------------

                         (clock clk_fpga_1 rise edge)
                                                      0.000     0.000 r
    PS7_X0Y0             PS7                          0.000     0.000 r  system_i/processing_system7_0/inst/PS7_i/FCLKCLK[1]
                         net (fo=1, routed)           0.331     0.331    system_i/processing_system7_0/inst/FCLK_CLK_unbuffered[1]
    BUFGCTRL_X0Y17       BUFG (Prop_bufg_I_O)         0.029     0.360 r  system_i/processing_system7_0/inst/buffer_fclk_clk_1.FCLK_CLK_1_BUFG/O
                         net (fo=8926, routed)        0.887     1.247    system_i/dma_mem_smartconnect/inst/m00_nodes/m00_aw_node/inst/inst_mi_handler/gen_normal_area.inst_fifo_node_payld/gen_xpm_memory_fifo.inst_fifo/gen_mem_rep[0].inst_xpm_memory/xpm_memory_base_inst/gen_wr_a.gen_word_narrow.mem_reg_0_31_0_5/WCLK
    SLICE_X4Y41          RAMD32                                       r  system_i/dma_mem_smartconnect/inst/m00_nodes/m00_aw_node/inst/inst_mi_handler/gen_normal_area.inst_fifo_node_payld/gen_xpm_memory_fifo.inst_fifo/gen_mem_rep[0].inst_xpm_memory/xpm_memory_base_inst/gen_wr_a.gen_word_narrow.mem_reg_0_31_0_5/RAMA_D1/CLK
                         clock pessimism             -0.288     0.959
    SLICE_X4Y41          RAMD32 (Hold_ramd32_CLK_WADR0)
                                                      0.310     1.269    system_i/dma_mem_smartconnect/inst/m00_nodes/m00_aw_node/inst/inst_mi_handler/gen_normal_area.inst_fifo_node_payld/gen_xpm_memory_fifo.inst_fifo/gen_mem_rep[0].inst_xpm_memory/xpm_memory_base_inst/gen_wr_a.gen_word_narrow.mem_reg_0_31_0_5/RAMA_D1
  -------------------------------------------------------------------
                         required time                         -1.269
                         arrival time                           1.329
  -------------------------------------------------------------------
                         slack                                  0.060

Slack (MET) :             0.060ns  (arrival time - required time)
  Source:                 system_i/dma_mem_smartconnect/inst/m00_nodes/m00_aw_node/inst/inst_mi_handler/gen_normal_area.inst_fifo_node_payld/gen_xpm_memory_fifo.inst_fifo/gen_mem_rep[0].inst_wr_addra/count_r_reg[0]/C
                            (rising edge-triggered cell FDRE clocked by clk_fpga_1  {rise@0.000ns fall@3.333ns period=6.666ns})
  Destination:            system_i/dma_mem_smartconnect/inst/m00_nodes/m00_aw_node/inst/inst_mi_handler/gen_normal_area.inst_fifo_node_payld/gen_xpm_memory_fifo.inst_fifo/gen_mem_rep[0].inst_xpm_memory/xpm_memory_base_inst/gen_wr_a.gen_word_narrow.mem_reg_0_31_0_5/RAMB/WADR0
                            (rising edge-triggered cell RAMD32 clocked by clk_fpga_1  {rise@0.000ns fall@3.333ns period=6.666ns})
  Path Group:             clk_fpga_1
  Path Type:              Hold (Min at Fast Process Corner)
  Requirement:            0.000ns  (clk_fpga_1 rise@0.000ns - clk_fpga_1 rise@0.000ns)
  Data Path Delay:        0.386ns  (logic 0.141ns (36.526%)  route 0.245ns (63.474%))
  Logic Levels:           0
  Clock Path Skew:        0.016ns (DCD - SCD - CPR)
    Destination Clock Delay (DCD):    1.247ns
    Source Clock Delay      (SCD):    0.943ns
    Clock Pessimism Removal (CPR):    0.288ns

    Location             Delay type                Incr(ns)  Path(ns)    Netlist Resource(s)
  -------------------------------------------------------------------    -------------------
                         (clock clk_fpga_1 rise edge)
                                                      0.000     0.000 r
    PS7_X0Y0             PS7                          0.000     0.000 r  system_i/processing_system7_0/inst/PS7_i/FCLKCLK[1]
                         net (fo=1, routed)           0.303     0.303    system_i/processing_system7_0/inst/FCLK_CLK_unbuffered[1]
    BUFGCTRL_X0Y17       BUFG (Prop_bufg_I_O)         0.026     0.329 r  system_i/processing_system7_0/inst/buffer_fclk_clk_1.FCLK_CLK_1_BUFG/O
                         net (fo=8926, routed)        0.614     0.943    system_i/dma_mem_smartconnect/inst/m00_nodes/m00_aw_node/inst/inst_mi_handler/gen_normal_area.inst_fifo_node_payld/gen_xpm_memory_fifo.inst_fifo/gen_mem_rep[0].inst_wr_addra/s_sc_aclk
    SLICE_X7Y40          FDRE                                         r  system_i/dma_mem_smartconnect/inst/m00_nodes/m00_aw_node/inst/inst_mi_handler/gen_normal_area.inst_fifo_node_payld/gen_xpm_memory_fifo.inst_fifo/gen_mem_rep[0].inst_wr_addra/count_r_reg[0]/C
  -------------------------------------------------------------------    -------------------
    SLICE_X7Y40          FDRE (Prop_fdre_C_Q)         0.141     1.084 r  system_i/dma_mem_smartconnect/inst/m00_nodes/m00_aw_node/inst/inst_mi_handler/gen_normal_area.inst_fifo_node_payld/gen_xpm_memory_fifo.inst_fifo/gen_mem_rep[0].inst_wr_addra/count_r_reg[0]/Q
                         net (fo=103, routed)         0.245     1.329    system_i/dma_mem_smartconnect/inst/m00_nodes/m00_aw_node/inst/inst_mi_handler/gen_normal_area.inst_fifo_node_payld/gen_xpm_memory_fifo.inst_fifo/gen_mem_rep[0].inst_xpm_memory/xpm_memory_base_inst/gen_wr_a.gen_word_narrow.mem_reg_0_31_0_5/ADDRD0
    SLICE_X4Y41          RAMD32                                       r  system_i/dma_mem_smartconnect/inst/m00_nodes/m00_aw_node/inst/inst_mi_handler/gen_normal_area.inst_fifo_node_payld/gen_xpm_memory_fifo.inst_fifo/gen_mem_rep[0].inst_xpm_memory/xpm_memory_base_inst/gen_wr_a.gen_word_narrow.mem_reg_0_31_0_5/RAMB/WADR0
  -------------------------------------------------------------------    -------------------

                         (clock clk_fpga_1 rise edge)
                                                      0.000     0.000 r
    PS7_X0Y0             PS7                          0.000     0.000 r  system_i/processing_system7_0/inst/PS7_i/FCLKCLK[1]
                         net (fo=1, routed)           0.331     0.331    system_i/processing_system7_0/inst/FCLK_CLK_unbuffered[1]
    BUFGCTRL_X0Y17       BUFG (Prop_bufg_I_O)         0.029     0.360 r  system_i/processing_system7_0/inst/buffer_fclk_clk_1.FCLK_CLK_1_BUFG/O
                         net (fo=8926, routed)        0.887     1.247    system_i/dma_mem_smartconnect/inst/m00_nodes/m00_aw_node/inst/inst_mi_handler/gen_normal_area.inst_fifo_node_payld/gen_xpm_memory_fifo.inst_fifo/gen_mem_rep[0].inst_xpm_memory/xpm_memory_base_inst/gen_wr_a.gen_word_narrow.mem_reg_0_31_0_5/WCLK
    SLICE_X4Y41          RAMD32                                       r  system_i/dma_mem_smartconnect/inst/m00_nodes/m00_aw_node/inst/inst_mi_handler/gen_normal_area.inst_fifo_node_payld/gen_xpm_memory_fifo.inst_fifo/gen_mem_rep[0].inst_xpm_memory/xpm_memory_base_inst/gen_wr_a.gen_word_narrow.mem_reg_0_31_0_5/RAMB/CLK
                         clock pessimism             -0.288     0.959
    SLICE_X4Y41          RAMD32 (Hold_ramd32_CLK_WADR0)
                                                      0.310     1.269    system_i/dma_mem_smartconnect/inst/m00_nodes/m00_aw_node/inst/inst_mi_handler/gen_normal_area.inst_fifo_node_payld/gen_xpm_memory_fifo.inst_fifo/gen_mem_rep[0].inst_xpm_memory/xpm_memory_base_inst/gen_wr_a.gen_word_narrow.mem_reg_0_31_0_5/RAMB
  -------------------------------------------------------------------
                         required time                         -1.269
                         arrival time                           1.329
  -------------------------------------------------------------------
                         slack                                  0.060

Slack (MET) :             0.060ns  (arrival time - required time)
  Source:                 system_i/dma_mem_smartconnect/inst/m00_nodes/m00_aw_node/inst/inst_mi_handler/gen_normal_area.inst_fifo_node_payld/gen_xpm_memory_fifo.inst_fifo/gen_mem_rep[0].inst_wr_addra/count_r_reg[0]/C
                            (rising edge-triggered cell FDRE clocked by clk_fpga_1  {rise@0.000ns fall@3.333ns period=6.666ns})
  Destination:            system_i/dma_mem_smartconnect/inst/m00_nodes/m00_aw_node/inst/inst_mi_handler/gen_normal_area.inst_fifo_node_payld/gen_xpm_memory_fifo.inst_fifo/gen_mem_rep[0].inst_xpm_memory/xpm_memory_base_inst/gen_wr_a.gen_word_narrow.mem_reg_0_31_0_5/RAMB_D1/WADR0
                            (rising edge-triggered cell RAMD32 clocked by clk_fpga_1  {rise@0.000ns fall@3.333ns period=6.666ns})
  Path Group:             clk_fpga_1
  Path Type:              Hold (Min at Fast Process Corner)
  Requirement:            0.000ns  (clk_fpga_1 rise@0.000ns - clk_fpga_1 rise@0.000ns)
  Data Path Delay:        0.386ns  (logic 0.141ns (36.526%)  route 0.245ns (63.474%))
  Logic Levels:           0
  Clock Path Skew:        0.016ns (DCD - SCD - CPR)
    Destination Clock Delay (DCD):    1.247ns
    Source Clock Delay      (SCD):    0.943ns
    Clock Pessimism Removal (CPR):    0.288ns

    Location             Delay type                Incr(ns)  Path(ns)    Netlist Resource(s)
  -------------------------------------------------------------------    -------------------
                         (clock clk_fpga_1 rise edge)
                                                      0.000     0.000 r
    PS7_X0Y0             PS7                          0.000     0.000 r  system_i/processing_system7_0/inst/PS7_i/FCLKCLK[1]
                         net (fo=1, routed)           0.303     0.303    system_i/processing_system7_0/inst/FCLK_CLK_unbuffered[1]
    BUFGCTRL_X0Y17       BUFG (Prop_bufg_I_O)         0.026     0.329 r  system_i/processing_system7_0/inst/buffer_fclk_clk_1.FCLK_CLK_1_BUFG/O
                         net (fo=8926, routed)        0.614     0.943    system_i/dma_mem_smartconnect/inst/m00_nodes/m00_aw_node/inst/inst_mi_handler/gen_normal_area.inst_fifo_node_payld/gen_xpm_memory_fifo.inst_fifo/gen_mem_rep[0].inst_wr_addra/s_sc_aclk
    SLICE_X7Y40          FDRE                                         r  system_i/dma_mem_smartconnect/inst/m00_nodes/m00_aw_node/inst/inst_mi_handler/gen_normal_area.inst_fifo_node_payld/gen_xpm_memory_fifo.inst_fifo/gen_mem_rep[0].inst_wr_addra/count_r_reg[0]/C
  -------------------------------------------------------------------    -------------------
    SLICE_X7Y40          FDRE (Prop_fdre_C_Q)         0.141     1.084 r  system_i/dma_mem_smartconnect/inst/m00_nodes/m00_aw_node/inst/inst_mi_handler/gen_normal_area.inst_fifo_node_payld/gen_xpm_memory_fifo.inst_fifo/gen_mem_rep[0].inst_wr_addra/count_r_reg[0]/Q
                         net (fo=103, routed)         0.245     1.329    system_i/dma_mem_smartconnect/inst/m00_nodes/m00_aw_node/inst/inst_mi_handler/gen_normal_area.inst_fifo_node_payld/gen_xpm_memory_fifo.inst_fifo/gen_mem_rep[0].inst_xpm_memory/xpm_memory_base_inst/gen_wr_a.gen_word_narrow.mem_reg_0_31_0_5/ADDRD0
    SLICE_X4Y41          RAMD32                                       r  system_i/dma_mem_smartconnect/inst/m00_nodes/m00_aw_node/inst/inst_mi_handler/gen_normal_area.inst_fifo_node_payld/gen_xpm_memory_fifo.inst_fifo/gen_mem_rep[0].inst_xpm_memory/xpm_memory_base_inst/gen_wr_a.gen_word_narrow.mem_reg_0_31_0_5/RAMB_D1/WADR0
  -------------------------------------------------------------------    -------------------

                         (clock clk_fpga_1 rise edge)
                                                      0.000     0.000 r
    PS7_X0Y0             PS7                          0.000     0.000 r  system_i/processing_system7_0/inst/PS7_i/FCLKCLK[1]
                         net (fo=1, routed)           0.331     0.331    system_i/processing_system7_0/inst/FCLK_CLK_unbuffered[1]
    BUFGCTRL_X0Y17       BUFG (Prop_bufg_I_O)         0.029     0.360 r  system_i/processing_system7_0/inst/buffer_fclk_clk_1.FCLK_CLK_1_BUFG/O
                         net (fo=8926, routed)        0.887     1.247    system_i/dma_mem_smartconnect/inst/m00_nodes/m00_aw_node/inst/inst_mi_handler/gen_normal_area.inst_fifo_node_payld/gen_xpm_memory_fifo.inst_fifo/gen_mem_rep[0].inst_xpm_memory/xpm_memory_base_inst/gen_wr_a.gen_word_narrow.mem_reg_0_31_0_5/WCLK
    SLICE_X4Y41          RAMD32                                       r  system_i/dma_mem_smartconnect/inst/m00_nodes/m00_aw_node/inst/inst_mi_handler/gen_normal_area.inst_fifo_node_payld/gen_xpm_memory_fifo.inst_fifo/gen_mem_rep[0].inst_xpm_memory/xpm_memory_base_inst/gen_wr_a.gen_word_narrow.mem_reg_0_31_0_5/RAMB_D1/CLK
                         clock pessimism             -0.288     0.959
    SLICE_X4Y41          RAMD32 (Hold_ramd32_CLK_WADR0)
                                                      0.310     1.269    system_i/dma_mem_smartconnect/inst/m00_nodes/m00_aw_node/inst/inst_mi_handler/gen_normal_area.inst_fifo_node_payld/gen_xpm_memory_fifo.inst_fifo/gen_mem_rep[0].inst_xpm_memory/xpm_memory_base_inst/gen_wr_a.gen_word_narrow.mem_reg_0_31_0_5/RAMB_D1
  -------------------------------------------------------------------
                         required time                         -1.269
                         arrival time                           1.329
  -------------------------------------------------------------------
                         slack                                  0.060

Slack (MET) :             0.060ns  (arrival time - required time)
  Source:                 system_i/dma_mem_smartconnect/inst/m00_nodes/m00_aw_node/inst/inst_mi_handler/gen_normal_area.inst_fifo_node_payld/gen_xpm_memory_fifo.inst_fifo/gen_mem_rep[0].inst_wr_addra/count_r_reg[0]/C
                            (rising edge-triggered cell FDRE clocked by clk_fpga_1  {rise@0.000ns fall@3.333ns period=6.666ns})
  Destination:            system_i/dma_mem_smartconnect/inst/m00_nodes/m00_aw_node/inst/inst_mi_handler/gen_normal_area.inst_fifo_node_payld/gen_xpm_memory_fifo.inst_fifo/gen_mem_rep[0].inst_xpm_memory/xpm_memory_base_inst/gen_wr_a.gen_word_narrow.mem_reg_0_31_0_5/RAMC/WADR0
                            (rising edge-triggered cell RAMD32 clocked by clk_fpga_1  {rise@0.000ns fall@3.333ns period=6.666ns})
  Path Group:             clk_fpga_1
  Path Type:              Hold (Min at Fast Process Corner)
  Requirement:            0.000ns  (clk_fpga_1 rise@0.000ns - clk_fpga_1 rise@0.000ns)
  Data Path Delay:        0.386ns  (logic 0.141ns (36.526%)  route 0.245ns (63.474%))
  Logic Levels:           0
  Clock Path Skew:        0.016ns (DCD - SCD - CPR)
    Destination Clock Delay (DCD):    1.247ns
    Source Clock Delay      (SCD):    0.943ns
    Clock Pessimism Removal (CPR):    0.288ns

    Location             Delay type                Incr(ns)  Path(ns)    Netlist Resource(s)
  -------------------------------------------------------------------    -------------------
                         (clock clk_fpga_1 rise edge)
                                                      0.000     0.000 r
    PS7_X0Y0             PS7                          0.000     0.000 r  system_i/processing_system7_0/inst/PS7_i/FCLKCLK[1]
                         net (fo=1, routed)           0.303     0.303    system_i/processing_system7_0/inst/FCLK_CLK_unbuffered[1]
    BUFGCTRL_X0Y17       BUFG (Prop_bufg_I_O)         0.026     0.329 r  system_i/processing_system7_0/inst/buffer_fclk_clk_1.FCLK_CLK_1_BUFG/O
                         net (fo=8926, routed)        0.614     0.943    system_i/dma_mem_smartconnect/inst/m00_nodes/m00_aw_node/inst/inst_mi_handler/gen_normal_area.inst_fifo_node_payld/gen_xpm_memory_fifo.inst_fifo/gen_mem_rep[0].inst_wr_addra/s_sc_aclk
    SLICE_X7Y40          FDRE                                         r  system_i/dma_mem_smartconnect/inst/m00_nodes/m00_aw_node/inst/inst_mi_handler/gen_normal_area.inst_fifo_node_payld/gen_xpm_memory_fifo.inst_fifo/gen_mem_rep[0].inst_wr_addra/count_r_reg[0]/C
  -------------------------------------------------------------------    -------------------
    SLICE_X7Y40          FDRE (Prop_fdre_C_Q)         0.141     1.084 r  system_i/dma_mem_smartconnect/inst/m00_nodes/m00_aw_node/inst/inst_mi_handler/gen_normal_area.inst_fifo_node_payld/gen_xpm_memory_fifo.inst_fifo/gen_mem_rep[0].inst_wr_addra/count_r_reg[0]/Q
                         net (fo=103, routed)         0.245     1.329    system_i/dma_mem_smartconnect/inst/m00_nodes/m00_aw_node/inst/inst_mi_handler/gen_normal_area.inst_fifo_node_payld/gen_xpm_memory_fifo.inst_fifo/gen_mem_rep[0].inst_xpm_memory/xpm_memory_base_inst/gen_wr_a.gen_word_narrow.mem_reg_0_31_0_5/ADDRD0
    SLICE_X4Y41          RAMD32                                       r  system_i/dma_mem_smartconnect/inst/m00_nodes/m00_aw_node/inst/inst_mi_handler/gen_normal_area.inst_fifo_node_payld/gen_xpm_memory_fifo.inst_fifo/gen_mem_rep[0].inst_xpm_memory/xpm_memory_base_inst/gen_wr_a.gen_word_narrow.mem_reg_0_31_0_5/RAMC/WADR0
  -------------------------------------------------------------------    -------------------

                         (clock clk_fpga_1 rise edge)
                                                      0.000     0.000 r
    PS7_X0Y0             PS7                          0.000     0.000 r  system_i/processing_system7_0/inst/PS7_i/FCLKCLK[1]
                         net (fo=1, routed)           0.331     0.331    system_i/processing_system7_0/inst/FCLK_CLK_unbuffered[1]
    BUFGCTRL_X0Y17       BUFG (Prop_bufg_I_O)         0.029     0.360 r  system_i/processing_system7_0/inst/buffer_fclk_clk_1.FCLK_CLK_1_BUFG/O
                         net (fo=8926, routed)        0.887     1.247    system_i/dma_mem_smartconnect/inst/m00_nodes/m00_aw_node/inst/inst_mi_handler/gen_normal_area.inst_fifo_node_payld/gen_xpm_memory_fifo.inst_fifo/gen_mem_rep[0].inst_xpm_memory/xpm_memory_base_inst/gen_wr_a.gen_word_narrow.mem_reg_0_31_0_5/WCLK
    SLICE_X4Y41          RAMD32                                       r  system_i/dma_mem_smartconnect/inst/m00_nodes/m00_aw_node/inst/inst_mi_handler/gen_normal_area.inst_fifo_node_payld/gen_xpm_memory_fifo.inst_fifo/gen_mem_rep[0].inst_xpm_memory/xpm_memory_base_inst/gen_wr_a.gen_word_narrow.mem_reg_0_31_0_5/RAMC/CLK
                         clock pessimism             -0.288     0.959
    SLICE_X4Y41          RAMD32 (Hold_ramd32_CLK_WADR0)
                                                      0.310     1.269    system_i/dma_mem_smartconnect/inst/m00_nodes/m00_aw_node/inst/inst_mi_handler/gen_normal_area.inst_fifo_node_payld/gen_xpm_memory_fifo.inst_fifo/gen_mem_rep[0].inst_xpm_memory/xpm_memory_base_inst/gen_wr_a.gen_word_narrow.mem_reg_0_31_0_5/RAMC
  -------------------------------------------------------------------
                         required time                         -1.269
                         arrival time                           1.329
  -------------------------------------------------------------------
                         slack                                  0.060

Slack (MET) :             0.060ns  (arrival time - required time)
  Source:                 system_i/dma_mem_smartconnect/inst/m00_nodes/m00_aw_node/inst/inst_mi_handler/gen_normal_area.inst_fifo_node_payld/gen_xpm_memory_fifo.inst_fifo/gen_mem_rep[0].inst_wr_addra/count_r_reg[0]/C
                            (rising edge-triggered cell FDRE clocked by clk_fpga_1  {rise@0.000ns fall@3.333ns period=6.666ns})
  Destination:            system_i/dma_mem_smartconnect/inst/m00_nodes/m00_aw_node/inst/inst_mi_handler/gen_normal_area.inst_fifo_node_payld/gen_xpm_memory_fifo.inst_fifo/gen_mem_rep[0].inst_xpm_memory/xpm_memory_base_inst/gen_wr_a.gen_word_narrow.mem_reg_0_31_0_5/RAMC_D1/WADR0
                            (rising edge-triggered cell RAMD32 clocked by clk_fpga_1  {rise@0.000ns fall@3.333ns period=6.666ns})
  Path Group:             clk_fpga_1
  Path Type:              Hold (Min at Fast Process Corner)
  Requirement:            0.000ns  (clk_fpga_1 rise@0.000ns - clk_fpga_1 rise@0.000ns)
  Data Path Delay:        0.386ns  (logic 0.141ns (36.526%)  route 0.245ns (63.474%))
  Logic Levels:           0
  Clock Path Skew:        0.016ns (DCD - SCD - CPR)
    Destination Clock Delay (DCD):    1.247ns
    Source Clock Delay      (SCD):    0.943ns
    Clock Pessimism Removal (CPR):    0.288ns

    Location             Delay type                Incr(ns)  Path(ns)    Netlist Resource(s)
  -------------------------------------------------------------------    -------------------
                         (clock clk_fpga_1 rise edge)
                                                      0.000     0.000 r
    PS7_X0Y0             PS7                          0.000     0.000 r  system_i/processing_system7_0/inst/PS7_i/FCLKCLK[1]
                         net (fo=1, routed)           0.303     0.303    system_i/processing_system7_0/inst/FCLK_CLK_unbuffered[1]
    BUFGCTRL_X0Y17       BUFG (Prop_bufg_I_O)         0.026     0.329 r  system_i/processing_system7_0/inst/buffer_fclk_clk_1.FCLK_CLK_1_BUFG/O
                         net (fo=8926, routed)        0.614     0.943    system_i/dma_mem_smartconnect/inst/m00_nodes/m00_aw_node/inst/inst_mi_handler/gen_normal_area.inst_fifo_node_payld/gen_xpm_memory_fifo.inst_fifo/gen_mem_rep[0].inst_wr_addra/s_sc_aclk
    SLICE_X7Y40          FDRE                                         r  system_i/dma_mem_smartconnect/inst/m00_nodes/m00_aw_node/inst/inst_mi_handler/gen_normal_area.inst_fifo_node_payld/gen_xpm_memory_fifo.inst_fifo/gen_mem_rep[0].inst_wr_addra/count_r_reg[0]/C
  -------------------------------------------------------------------    -------------------
    SLICE_X7Y40          FDRE (Prop_fdre_C_Q)         0.141     1.084 r  system_i/dma_mem_smartconnect/inst/m00_nodes/m00_aw_node/inst/inst_mi_handler/gen_normal_area.inst_fifo_node_payld/gen_xpm_memory_fifo.inst_fifo/gen_mem_rep[0].inst_wr_addra/count_r_reg[0]/Q
                         net (fo=103, routed)         0.245     1.329    system_i/dma_mem_smartconnect/inst/m00_nodes/m00_aw_node/inst/inst_mi_handler/gen_normal_area.inst_fifo_node_payld/gen_xpm_memory_fifo.inst_fifo/gen_mem_rep[0].inst_xpm_memory/xpm_memory_base_inst/gen_wr_a.gen_word_narrow.mem_reg_0_31_0_5/ADDRD0
    SLICE_X4Y41          RAMD32                                       r  system_i/dma_mem_smartconnect/inst/m00_nodes/m00_aw_node/inst/inst_mi_handler/gen_normal_area.inst_fifo_node_payld/gen_xpm_memory_fifo.inst_fifo/gen_mem_rep[0].inst_xpm_memory/xpm_memory_base_inst/gen_wr_a.gen_word_narrow.mem_reg_0_31_0_5/RAMC_D1/WADR0
  -------------------------------------------------------------------    -------------------

                         (clock clk_fpga_1 rise edge)
                                                      0.000     0.000 r
    PS7_X0Y0             PS7                          0.000     0.000 r  system_i/processing_system7_0/inst/PS7_i/FCLKCLK[1]
                         net (fo=1, routed)           0.331     0.331    system_i/processing_system7_0/inst/FCLK_CLK_unbuffered[1]
    BUFGCTRL_X0Y17       BUFG (Prop_bufg_I_O)         0.029     0.360 r  system_i/processing_system7_0/inst/buffer_fclk_clk_1.FCLK_CLK_1_BUFG/O
                         net (fo=8926, routed)        0.887     1.247    system_i/dma_mem_smartconnect/inst/m00_nodes/m00_aw_node/inst/inst_mi_handler/gen_normal_area.inst_fifo_node_payld/gen_xpm_memory_fifo.inst_fifo/gen_mem_rep[0].inst_xpm_memory/xpm_memory_base_inst/gen_wr_a.gen_word_narrow.mem_reg_0_31_0_5/WCLK
    SLICE_X4Y41          RAMD32                                       r  system_i/dma_mem_smartconnect/inst/m00_nodes/m00_aw_node/inst/inst_mi_handler/gen_normal_area.inst_fifo_node_payld/gen_xpm_memory_fifo.inst_fifo/gen_mem_rep[0].inst_xpm_memory/xpm_memory_base_inst/gen_wr_a.gen_word_narrow.mem_reg_0_31_0_5/RAMC_D1/CLK
                         clock pessimism             -0.288     0.959
    SLICE_X4Y41          RAMD32 (Hold_ramd32_CLK_WADR0)
                                                      0.310     1.269    system_i/dma_mem_smartconnect/inst/m00_nodes/m00_aw_node/inst/inst_mi_handler/gen_normal_area.inst_fifo_node_payld/gen_xpm_memory_fifo.inst_fifo/gen_mem_rep[0].inst_xpm_memory/xpm_memory_base_inst/gen_wr_a.gen_word_narrow.mem_reg_0_31_0_5/RAMC_D1
  -------------------------------------------------------------------
                         required time                         -1.269
                         arrival time                           1.329
  -------------------------------------------------------------------
                         slack                                  0.060

Slack (MET) :             0.060ns  (arrival time - required time)
  Source:                 system_i/dma_mem_smartconnect/inst/m00_nodes/m00_aw_node/inst/inst_mi_handler/gen_normal_area.inst_fifo_node_payld/gen_xpm_memory_fifo.inst_fifo/gen_mem_rep[0].inst_wr_addra/count_r_reg[0]/C
                            (rising edge-triggered cell FDRE clocked by clk_fpga_1  {rise@0.000ns fall@3.333ns period=6.666ns})
  Destination:            system_i/dma_mem_smartconnect/inst/m00_nodes/m00_aw_node/inst/inst_mi_handler/gen_normal_area.inst_fifo_node_payld/gen_xpm_memory_fifo.inst_fifo/gen_mem_rep[0].inst_xpm_memory/xpm_memory_base_inst/gen_wr_a.gen_word_narrow.mem_reg_0_31_0_5/RAMD/ADR0
                            (rising edge-triggered cell RAMS32 clocked by clk_fpga_1  {rise@0.000ns fall@3.333ns period=6.666ns})
  Path Group:             clk_fpga_1
  Path Type:              Hold (Min at Fast Process Corner)
  Requirement:            0.000ns  (clk_fpga_1 rise@0.000ns - clk_fpga_1 rise@0.000ns)
  Data Path Delay:        0.386ns  (logic 0.141ns (36.526%)  route 0.245ns (63.474%))
  Logic Levels:           0
  Clock Path Skew:        0.016ns (DCD - SCD - CPR)
    Destination Clock Delay (DCD):    1.247ns
    Source Clock Delay      (SCD):    0.943ns
    Clock Pessimism Removal (CPR):    0.288ns

    Location             Delay type                Incr(ns)  Path(ns)    Netlist Resource(s)
  -------------------------------------------------------------------    -------------------
                         (clock clk_fpga_1 rise edge)
                                                      0.000     0.000 r
    PS7_X0Y0             PS7                          0.000     0.000 r  system_i/processing_system7_0/inst/PS7_i/FCLKCLK[1]
                         net (fo=1, routed)           0.303     0.303    system_i/processing_system7_0/inst/FCLK_CLK_unbuffered[1]
    BUFGCTRL_X0Y17       BUFG (Prop_bufg_I_O)         0.026     0.329 r  system_i/processing_system7_0/inst/buffer_fclk_clk_1.FCLK_CLK_1_BUFG/O
                         net (fo=8926, routed)        0.614     0.943    system_i/dma_mem_smartconnect/inst/m00_nodes/m00_aw_node/inst/inst_mi_handler/gen_normal_area.inst_fifo_node_payld/gen_xpm_memory_fifo.inst_fifo/gen_mem_rep[0].inst_wr_addra/s_sc_aclk
    SLICE_X7Y40          FDRE                                         r  system_i/dma_mem_smartconnect/inst/m00_nodes/m00_aw_node/inst/inst_mi_handler/gen_normal_area.inst_fifo_node_payld/gen_xpm_memory_fifo.inst_fifo/gen_mem_rep[0].inst_wr_addra/count_r_reg[0]/C
  -------------------------------------------------------------------    -------------------
    SLICE_X7Y40          FDRE (Prop_fdre_C_Q)         0.141     1.084 r  system_i/dma_mem_smartconnect/inst/m00_nodes/m00_aw_node/inst/inst_mi_handler/gen_normal_area.inst_fifo_node_payld/gen_xpm_memory_fifo.inst_fifo/gen_mem_rep[0].inst_wr_addra/count_r_reg[0]/Q
                         net (fo=103, routed)         0.245     1.329    system_i/dma_mem_smartconnect/inst/m00_nodes/m00_aw_node/inst/inst_mi_handler/gen_normal_area.inst_fifo_node_payld/gen_xpm_memory_fifo.inst_fifo/gen_mem_rep[0].inst_xpm_memory/xpm_memory_base_inst/gen_wr_a.gen_word_narrow.mem_reg_0_31_0_5/ADDRD0
    SLICE_X4Y41          RAMS32                                       r  system_i/dma_mem_smartconnect/inst/m00_nodes/m00_aw_node/inst/inst_mi_handler/gen_normal_area.inst_fifo_node_payld/gen_xpm_memory_fifo.inst_fifo/gen_mem_rep[0].inst_xpm_memory/xpm_memory_base_inst/gen_wr_a.gen_word_narrow.mem_reg_0_31_0_5/RAMD/ADR0
  -------------------------------------------------------------------    -------------------

                         (clock clk_fpga_1 rise edge)
                                                      0.000     0.000 r
    PS7_X0Y0             PS7                          0.000     0.000 r  system_i/processing_system7_0/inst/PS7_i/FCLKCLK[1]
                         net (fo=1, routed)           0.331     0.331    system_i/processing_system7_0/inst/FCLK_CLK_unbuffered[1]
    BUFGCTRL_X0Y17       BUFG (Prop_bufg_I_O)         0.029     0.360 r  system_i/processing_system7_0/inst/buffer_fclk_clk_1.FCLK_CLK_1_BUFG/O
                         net (fo=8926, routed)        0.887     1.247    system_i/dma_mem_smartconnect/inst/m00_nodes/m00_aw_node/inst/inst_mi_handler/gen_normal_area.inst_fifo_node_payld/gen_xpm_memory_fifo.inst_fifo/gen_mem_rep[0].inst_xpm_memory/xpm_memory_base_inst/gen_wr_a.gen_word_narrow.mem_reg_0_31_0_5/WCLK
    SLICE_X4Y41          RAMS32                                       r  system_i/dma_mem_smartconnect/inst/m00_nodes/m00_aw_node/inst/inst_mi_handler/gen_normal_area.inst_fifo_node_payld/gen_xpm_memory_fifo.inst_fifo/gen_mem_rep[0].inst_xpm_memory/xpm_memory_base_inst/gen_wr_a.gen_word_narrow.mem_reg_0_31_0_5/RAMD/CLK
                         clock pessimism             -0.288     0.959
    SLICE_X4Y41          RAMS32 (Hold_rams32_CLK_ADR0)
                                                      0.310     1.269    system_i/dma_mem_smartconnect/inst/m00_nodes/m00_aw_node/inst/inst_mi_handler/gen_normal_area.inst_fifo_node_payld/gen_xpm_memory_fifo.inst_fifo/gen_mem_rep[0].inst_xpm_memory/xpm_memory_base_inst/gen_wr_a.gen_word_narrow.mem_reg_0_31_0_5/RAMD
  -------------------------------------------------------------------
                         required time                         -1.269
                         arrival time                           1.329
  -------------------------------------------------------------------
                         slack                                  0.060

Slack (MET) :             0.060ns  (arrival time - required time)
  Source:                 system_i/dma_mem_smartconnect/inst/m00_nodes/m00_aw_node/inst/inst_mi_handler/gen_normal_area.inst_fifo_node_payld/gen_xpm_memory_fifo.inst_fifo/gen_mem_rep[0].inst_wr_addra/count_r_reg[0]/C
                            (rising edge-triggered cell FDRE clocked by clk_fpga_1  {rise@0.000ns fall@3.333ns period=6.666ns})
  Destination:            system_i/dma_mem_smartconnect/inst/m00_nodes/m00_aw_node/inst/inst_mi_handler/gen_normal_area.inst_fifo_node_payld/gen_xpm_memory_fifo.inst_fifo/gen_mem_rep[0].inst_xpm_memory/xpm_memory_base_inst/gen_wr_a.gen_word_narrow.mem_reg_0_31_0_5/RAMD_D1/ADR0
                            (rising edge-triggered cell RAMS32 clocked by clk_fpga_1  {rise@0.000ns fall@3.333ns period=6.666ns})
  Path Group:             clk_fpga_1
  Path Type:              Hold (Min at Fast Process Corner)
  Requirement:            0.000ns  (clk_fpga_1 rise@0.000ns - clk_fpga_1 rise@0.000ns)
  Data Path Delay:        0.386ns  (logic 0.141ns (36.526%)  route 0.245ns (63.474%))
  Logic Levels:           0
  Clock Path Skew:        0.016ns (DCD - SCD - CPR)
    Destination Clock Delay (DCD):    1.247ns
    Source Clock Delay      (SCD):    0.943ns
    Clock Pessimism Removal (CPR):    0.288ns

    Location             Delay type                Incr(ns)  Path(ns)    Netlist Resource(s)
  -------------------------------------------------------------------    -------------------
                         (clock clk_fpga_1 rise edge)
                                                      0.000     0.000 r
    PS7_X0Y0             PS7                          0.000     0.000 r  system_i/processing_system7_0/inst/PS7_i/FCLKCLK[1]
                         net (fo=1, routed)           0.303     0.303    system_i/processing_system7_0/inst/FCLK_CLK_unbuffered[1]
    BUFGCTRL_X0Y17       BUFG (Prop_bufg_I_O)         0.026     0.329 r  system_i/processing_system7_0/inst/buffer_fclk_clk_1.FCLK_CLK_1_BUFG/O
                         net (fo=8926, routed)        0.614     0.943    system_i/dma_mem_smartconnect/inst/m00_nodes/m00_aw_node/inst/inst_mi_handler/gen_normal_area.inst_fifo_node_payld/gen_xpm_memory_fifo.inst_fifo/gen_mem_rep[0].inst_wr_addra/s_sc_aclk
    SLICE_X7Y40          FDRE                                         r  system_i/dma_mem_smartconnect/inst/m00_nodes/m00_aw_node/inst/inst_mi_handler/gen_normal_area.inst_fifo_node_payld/gen_xpm_memory_fifo.inst_fifo/gen_mem_rep[0].inst_wr_addra/count_r_reg[0]/C
  -------------------------------------------------------------------    -------------------
    SLICE_X7Y40          FDRE (Prop_fdre_C_Q)         0.141     1.084 r  system_i/dma_mem_smartconnect/inst/m00_nodes/m00_aw_node/inst/inst_mi_handler/gen_normal_area.inst_fifo_node_payld/gen_xpm_memory_fifo.inst_fifo/gen_mem_rep[0].inst_wr_addra/count_r_reg[0]/Q
                         net (fo=103, routed)         0.245     1.329    system_i/dma_mem_smartconnect/inst/m00_nodes/m00_aw_node/inst/inst_mi_handler/gen_normal_area.inst_fifo_node_payld/gen_xpm_memory_fifo.inst_fifo/gen_mem_rep[0].inst_xpm_memory/xpm_memory_base_inst/gen_wr_a.gen_word_narrow.mem_reg_0_31_0_5/ADDRD0
    SLICE_X4Y41          RAMS32                                       r  system_i/dma_mem_smartconnect/inst/m00_nodes/m00_aw_node/inst/inst_mi_handler/gen_normal_area.inst_fifo_node_payld/gen_xpm_memory_fifo.inst_fifo/gen_mem_rep[0].inst_xpm_memory/xpm_memory_base_inst/gen_wr_a.gen_word_narrow.mem_reg_0_31_0_5/RAMD_D1/ADR0
  -------------------------------------------------------------------    -------------------

                         (clock clk_fpga_1 rise edge)
                                                      0.000     0.000 r
    PS7_X0Y0             PS7                          0.000     0.000 r  system_i/processing_system7_0/inst/PS7_i/FCLKCLK[1]
                         net (fo=1, routed)           0.331     0.331    system_i/processing_system7_0/inst/FCLK_CLK_unbuffered[1]
    BUFGCTRL_X0Y17       BUFG (Prop_bufg_I_O)         0.029     0.360 r  system_i/processing_system7_0/inst/buffer_fclk_clk_1.FCLK_CLK_1_BUFG/O
                         net (fo=8926, routed)        0.887     1.247    system_i/dma_mem_smartconnect/inst/m00_nodes/m00_aw_node/inst/inst_mi_handler/gen_normal_area.inst_fifo_node_payld/gen_xpm_memory_fifo.inst_fifo/gen_mem_rep[0].inst_xpm_memory/xpm_memory_base_inst/gen_wr_a.gen_word_narrow.mem_reg_0_31_0_5/WCLK
    SLICE_X4Y41          RAMS32                                       r  system_i/dma_mem_smartconnect/inst/m00_nodes/m00_aw_node/inst/inst_mi_handler/gen_normal_area.inst_fifo_node_payld/gen_xpm_memory_fifo.inst_fifo/gen_mem_rep[0].inst_xpm_memory/xpm_memory_base_inst/gen_wr_a.gen_word_narrow.mem_reg_0_31_0_5/RAMD_D1/CLK
                         clock pessimism             -0.288     0.959
    SLICE_X4Y41          RAMS32 (Hold_rams32_CLK_ADR0)
                                                      0.310     1.269    system_i/dma_mem_smartconnect/inst/m00_nodes/m00_aw_node/inst/inst_mi_handler/gen_normal_area.inst_fifo_node_payld/gen_xpm_memory_fifo.inst_fifo/gen_mem_rep[0].inst_xpm_memory/xpm_memory_base_inst/gen_wr_a.gen_word_narrow.mem_reg_0_31_0_5/RAMD_D1
  -------------------------------------------------------------------
                         required time                         -1.269
                         arrival time                           1.329
  -------------------------------------------------------------------
                         slack                                  0.060

Slack (MET) :             0.062ns  (arrival time - required time)
  Source:                 system_i/generator_accelerator_0/inst/u_dma_backend/gnn_adjacency_wdata_reg_reg[31]/C
                            (rising edge-triggered cell FDCE clocked by clk_fpga_0  {rise@0.000ns fall@5.000ns period=10.000ns})
  Destination:            system_i/generator_accelerator_0/inst/u_gnn/adjacency_memory_reg_0_63_0_0__30/SP/I
                            (rising edge-triggered cell RAMD64E clocked by clk_fpga_0  {rise@0.000ns fall@5.000ns period=10.000ns})
  Path Group:             clk_fpga_0
  Path Type:              Hold (Min at Fast Process Corner)
  Requirement:            0.000ns  (clk_fpga_0 rise@0.000ns - clk_fpga_0 rise@0.000ns)
  Data Path Delay:        0.472ns  (logic 0.226ns (47.918%)  route 0.246ns (52.082%))
  Logic Levels:           1  (LUT4=1)
  Clock Path Skew:        0.263ns (DCD - SCD - CPR)
    Destination Clock Delay (DCD):    1.171ns
    Source Clock Delay      (SCD):    0.872ns
    Clock Pessimism Removal (CPR):    0.036ns

    Location             Delay type                Incr(ns)  Path(ns)    Netlist Resource(s)
  -------------------------------------------------------------------    -------------------
                         (clock clk_fpga_0 rise edge)
                                                      0.000     0.000 r
    PS7_X0Y0             PS7                          0.000     0.000 r  system_i/processing_system7_0/inst/PS7_i/FCLKCLK[0]
                         net (fo=1, routed)           0.303     0.303    system_i/processing_system7_0/inst/FCLK_CLK_unbuffered[0]
    BUFGCTRL_X0Y16       BUFG (Prop_bufg_I_O)         0.026     0.329 r  system_i/processing_system7_0/inst/buffer_fclk_clk_0.FCLK_CLK_0_BUFG/O
                         net (fo=20688, routed)       0.543     0.872    system_i/generator_accelerator_0/inst/u_dma_backend/s_axi_aclk
    SLICE_X61Y73         FDCE                                         r  system_i/generator_accelerator_0/inst/u_dma_backend/gnn_adjacency_wdata_reg_reg[31]/C
  -------------------------------------------------------------------    -------------------
    SLICE_X61Y73         FDCE (Prop_fdce_C_Q)         0.128     1.000 r  system_i/generator_accelerator_0/inst/u_dma_backend/gnn_adjacency_wdata_reg_reg[31]/Q
                         net (fo=1, routed)           0.083     1.083    system_i/generator_accelerator_0/inst/u_dma_queue/adjacency_memory_reg_0_63_0_0__30[7]
    SLICE_X61Y73         LUT4 (Prop_lut4_I2_O)        0.098     1.181 r  system_i/generator_accelerator_0/inst/u_dma_queue/adjacency_memory_reg_0_63_0_0__30_i_1/O
                         net (fo=4, routed)           0.162     1.343    system_i/generator_accelerator_0/inst/u_gnn/adjacency_memory_reg_0_63_0_0__30/D
    SLICE_X58Y74         RAMD64E                                      r  system_i/generator_accelerator_0/inst/u_gnn/adjacency_memory_reg_0_63_0_0__30/SP/I
  -------------------------------------------------------------------    -------------------

                         (clock clk_fpga_0 rise edge)
                                                      0.000     0.000 r
    PS7_X0Y0             PS7                          0.000     0.000 r  system_i/processing_system7_0/inst/PS7_i/FCLKCLK[0]
                         net (fo=1, routed)           0.331     0.331    system_i/processing_system7_0/inst/FCLK_CLK_unbuffered[0]
    BUFGCTRL_X0Y16       BUFG (Prop_bufg_I_O)         0.029     0.360 r  system_i/processing_system7_0/inst/buffer_fclk_clk_0.FCLK_CLK_0_BUFG/O
                         net (fo=20688, routed)       0.811     1.171    system_i/generator_accelerator_0/inst/u_gnn/adjacency_memory_reg_0_63_0_0__30/WCLK
    SLICE_X58Y74         RAMD64E                                      r  system_i/generator_accelerator_0/inst/u_gnn/adjacency_memory_reg_0_63_0_0__30/SP/CLK
                         clock pessimism             -0.036     1.135
    SLICE_X58Y74         RAMD64E (Hold_ramd64e_CLK_I)
                                                      0.146     1.281    system_i/generator_accelerator_0/inst/u_gnn/adjacency_memory_reg_0_63_0_0__30/SP
  -------------------------------------------------------------------
                         required time                         -1.281
                         arrival time                           1.343
  -------------------------------------------------------------------
                         slack                                  0.062

Slack (MET) :             0.065ns  (arrival time - required time)
  Source:                 system_i/axi_dma_0/U0/INCLUDE_S2MM_SOF_EOF_GENERATOR.I_S2MM_DMA_MNGR/GEN_S2MM_DMA_CONTROL.GEN_SIMPLE_DMA_MODE.I_S2MM_SMPL_SM/GEN_CMD_BTT_LESS_23.cmnd_data_reg[11]/C
                            (rising edge-triggered cell FDRE clocked by clk_fpga_0  {rise@0.000ns fall@5.000ns period=10.000ns})
  Destination:            system_i/axi_dma_0/U0/I_PRMRY_DATAMOVER/GEN_S2MM_FULL.I_S2MM_FULL_WRAPPER/I_CMD_STATUS/I_CMD_FIFO/USE_ASYNC_FIFO.I_ASYNC_FIFO/I_ASYNC_FIFOGEN_FIFO/xpm_fifo_instance.xpm_fifo_async_inst/gnuram_async_fifo.xpm_fifo_base_inst/gen_sdpram.xpm_memory_base_inst/gen_wr_a.gen_word_narrow.mem_reg/DIADI[11]
                            (rising edge-triggered cell RAMB36E1 clocked by clk_fpga_0  {rise@0.000ns fall@5.000ns period=10.000ns})
  Path Group:             clk_fpga_0
  Path Type:              Hold (Min at Fast Process Corner)
  Requirement:            0.000ns  (clk_fpga_0 rise@0.000ns - clk_fpga_0 rise@0.000ns)
  Data Path Delay:        0.442ns  (logic 0.141ns (31.902%)  route 0.301ns (68.098%))
  Logic Levels:           0
  Clock Path Skew:        0.081ns (DCD - SCD - CPR)
    Destination Clock Delay (DCD):    1.257ns
    Source Clock Delay      (SCD):    0.912ns
    Clock Pessimism Removal (CPR):    0.264ns

    Location             Delay type                Incr(ns)  Path(ns)    Netlist Resource(s)
  -------------------------------------------------------------------    -------------------
                         (clock clk_fpga_0 rise edge)
                                                      0.000     0.000 r
    PS7_X0Y0             PS7                          0.000     0.000 r  system_i/processing_system7_0/inst/PS7_i/FCLKCLK[0]
                         net (fo=1, routed)           0.303     0.303    system_i/processing_system7_0/inst/FCLK_CLK_unbuffered[0]
    BUFGCTRL_X0Y16       BUFG (Prop_bufg_I_O)         0.026     0.329 r  system_i/processing_system7_0/inst/buffer_fclk_clk_0.FCLK_CLK_0_BUFG/O
                         net (fo=20688, routed)       0.583     0.912    system_i/axi_dma_0/U0/INCLUDE_S2MM_SOF_EOF_GENERATOR.I_S2MM_DMA_MNGR/GEN_S2MM_DMA_CONTROL.GEN_SIMPLE_DMA_MODE.I_S2MM_SMPL_SM/s_axi_lite_aclk
    SLICE_X15Y13         FDRE                                         r  system_i/axi_dma_0/U0/INCLUDE_S2MM_SOF_EOF_GENERATOR.I_S2MM_DMA_MNGR/GEN_S2MM_DMA_CONTROL.GEN_SIMPLE_DMA_MODE.I_S2MM_SMPL_SM/GEN_CMD_BTT_LESS_23.cmnd_data_reg[11]/C
  -------------------------------------------------------------------    -------------------
    SLICE_X15Y13         FDRE (Prop_fdre_C_Q)         0.141     1.053 r  system_i/axi_dma_0/U0/INCLUDE_S2MM_SOF_EOF_GENERATOR.I_S2MM_DMA_MNGR/GEN_S2MM_DMA_CONTROL.GEN_SIMPLE_DMA_MODE.I_S2MM_SMPL_SM/GEN_CMD_BTT_LESS_23.cmnd_data_reg[11]/Q
                         net (fo=1, routed)           0.301     1.353    system_i/axi_dma_0/U0/I_PRMRY_DATAMOVER/GEN_S2MM_FULL.I_S2MM_FULL_WRAPPER/I_CMD_STATUS/I_CMD_FIFO/USE_ASYNC_FIFO.I_ASYNC_FIFO/I_ASYNC_FIFOGEN_FIFO/xpm_fifo_instance.xpm_fifo_async_inst/gnuram_async_fifo.xpm_fifo_base_inst/gen_sdpram.xpm_memory_base_inst/dina[11]
    RAMB36_X0Y1          RAMB36E1                                     r  system_i/axi_dma_0/U0/I_PRMRY_DATAMOVER/GEN_S2MM_FULL.I_S2MM_FULL_WRAPPER/I_CMD_STATUS/I_CMD_FIFO/USE_ASYNC_FIFO.I_ASYNC_FIFO/I_ASYNC_FIFOGEN_FIFO/xpm_fifo_instance.xpm_fifo_async_inst/gnuram_async_fifo.xpm_fifo_base_inst/gen_sdpram.xpm_memory_base_inst/gen_wr_a.gen_word_narrow.mem_reg/DIADI[11]
  -------------------------------------------------------------------    -------------------

                         (clock clk_fpga_0 rise edge)
                                                      0.000     0.000 r
    PS7_X0Y0             PS7                          0.000     0.000 r  system_i/processing_system7_0/inst/PS7_i/FCLKCLK[0]
                         net (fo=1, routed)           0.331     0.331    system_i/processing_system7_0/inst/FCLK_CLK_unbuffered[0]
    BUFGCTRL_X0Y16       BUFG (Prop_bufg_I_O)         0.029     0.360 r  system_i/processing_system7_0/inst/buffer_fclk_clk_0.FCLK_CLK_0_BUFG/O
                         net (fo=20688, routed)       0.897     1.257    system_i/axi_dma_0/U0/I_PRMRY_DATAMOVER/GEN_S2MM_FULL.I_S2MM_FULL_WRAPPER/I_CMD_STATUS/I_CMD_FIFO/USE_ASYNC_FIFO.I_ASYNC_FIFO/I_ASYNC_FIFOGEN_FIFO/xpm_fifo_instance.xpm_fifo_async_inst/gnuram_async_fifo.xpm_fifo_base_inst/gen_sdpram.xpm_memory_base_inst/clka
    RAMB36_X0Y1          RAMB36E1                                     r  system_i/axi_dma_0/U0/I_PRMRY_DATAMOVER/GEN_S2MM_FULL.I_S2MM_FULL_WRAPPER/I_CMD_STATUS/I_CMD_FIFO/USE_ASYNC_FIFO.I_ASYNC_FIFO/I_ASYNC_FIFOGEN_FIFO/xpm_fifo_instance.xpm_fifo_async_inst/gnuram_async_fifo.xpm_fifo_base_inst/gen_sdpram.xpm_memory_base_inst/gen_wr_a.gen_word_narrow.mem_reg/CLKBWRCLK
                         clock pessimism             -0.264     0.992
    RAMB36_X0Y1          RAMB36E1 (Hold_ramb36e1_CLKBWRCLK_DIADI[11])
                                                      0.296     1.288    system_i/axi_dma_0/U0/I_PRMRY_DATAMOVER/GEN_S2MM_FULL.I_S2MM_FULL_WRAPPER/I_CMD_STATUS/I_CMD_FIFO/USE_ASYNC_FIFO.I_ASYNC_FIFO/I_ASYNC_FIFOGEN_FIFO/xpm_fifo_instance.xpm_fifo_async_inst/gnuram_async_fifo.xpm_fifo_base_inst/gen_sdpram.xpm_memory_base_inst/gen_wr_a.gen_word_narrow.mem_reg
  -------------------------------------------------------------------
                         required time                         -1.288
                         arrival time                           1.353
  -------------------------------------------------------------------
                         slack                                  0.065

Slack (MET) :             0.066ns  (arrival time - required time)
  Source:                 system_i/generator_accelerator_0/inst/gnn_weight_addr_reg[9]_rep__10/C
                            (rising edge-triggered cell FDCE clocked by clk_fpga_0  {rise@0.000ns fall@5.000ns period=10.000ns})
  Destination:            system_i/generator_accelerator_0/inst/u_gnn/gen_weight_bank[24].bank/memory_reg_0_127_13_13/DP.HIGH/WADR1
                            (rising edge-triggered cell RAMD64E clocked by clk_fpga_0  {rise@0.000ns fall@5.000ns period=10.000ns})
  Path Group:             clk_fpga_0
  Path Type:              Hold (Min at Fast Process Corner)
  Requirement:            0.000ns  (clk_fpga_0 rise@0.000ns - clk_fpga_0 rise@0.000ns)
  Data Path Delay:        0.411ns  (logic 0.141ns (34.324%)  route 0.270ns (65.676%))
  Logic Levels:           0
  Clock Path Skew:        0.036ns (DCD - SCD - CPR)
    Destination Clock Delay (DCD):    1.215ns
    Source Clock Delay      (SCD):    0.915ns
    Clock Pessimism Removal (CPR):    0.264ns

    Location             Delay type                Incr(ns)  Path(ns)    Netlist Resource(s)
  -------------------------------------------------------------------    -------------------
                         (clock clk_fpga_0 rise edge)
                                                      0.000     0.000 r
    PS7_X0Y0             PS7                          0.000     0.000 r  system_i/processing_system7_0/inst/PS7_i/FCLKCLK[0]
                         net (fo=1, routed)           0.303     0.303    system_i/processing_system7_0/inst/FCLK_CLK_unbuffered[0]
    BUFGCTRL_X0Y16       BUFG (Prop_bufg_I_O)         0.026     0.329 r  system_i/processing_system7_0/inst/buffer_fclk_clk_0.FCLK_CLK_0_BUFG/O
                         net (fo=20688, routed)       0.586     0.915    system_i/generator_accelerator_0/inst/s_axi_aclk
    SLICE_X91Y34         FDCE                                         r  system_i/generator_accelerator_0/inst/gnn_weight_addr_reg[9]_rep__10/C
  -------------------------------------------------------------------    -------------------
    SLICE_X91Y34         FDCE (Prop_fdce_C_Q)         0.141     1.056 r  system_i/generator_accelerator_0/inst/gnn_weight_addr_reg[9]_rep__10/Q
                         net (fo=192, routed)         0.270     1.325    system_i/generator_accelerator_0/inst/u_gnn/gen_weight_bank[24].bank/memory_reg_0_127_13_13/A1
    SLICE_X88Y34         RAMD64E                                      r  system_i/generator_accelerator_0/inst/u_gnn/gen_weight_bank[24].bank/memory_reg_0_127_13_13/DP.HIGH/WADR1
  -------------------------------------------------------------------    -------------------

                         (clock clk_fpga_0 rise edge)
                                                      0.000     0.000 r
    PS7_X0Y0             PS7                          0.000     0.000 r  system_i/processing_system7_0/inst/PS7_i/FCLKCLK[0]
                         net (fo=1, routed)           0.331     0.331    system_i/processing_system7_0/inst/FCLK_CLK_unbuffered[0]
    BUFGCTRL_X0Y16       BUFG (Prop_bufg_I_O)         0.029     0.360 r  system_i/processing_system7_0/inst/buffer_fclk_clk_0.FCLK_CLK_0_BUFG/O
                         net (fo=20688, routed)       0.855     1.215    system_i/generator_accelerator_0/inst/u_gnn/gen_weight_bank[24].bank/memory_reg_0_127_13_13/WCLK
    SLICE_X88Y34         RAMD64E                                      r  system_i/generator_accelerator_0/inst/u_gnn/gen_weight_bank[24].bank/memory_reg_0_127_13_13/DP.HIGH/CLK
                         clock pessimism             -0.264     0.950
    SLICE_X88Y34         RAMD64E (Hold_ramd64e_CLK_WADR1)
                                                      0.309     1.259    system_i/generator_accelerator_0/inst/u_gnn/gen_weight_bank[24].bank/memory_reg_0_127_13_13/DP.HIGH
  -------------------------------------------------------------------
                         required time                         -1.260
                         arrival time                           1.325
  -------------------------------------------------------------------
                         slack                                  0.066

Slack (MET) :             0.066ns  (arrival time - required time)
  Source:                 system_i/generator_accelerator_0/inst/gnn_weight_addr_reg[9]_rep__10/C
                            (rising edge-triggered cell FDCE clocked by clk_fpga_0  {rise@0.000ns fall@5.000ns period=10.000ns})
  Destination:            system_i/generator_accelerator_0/inst/u_gnn/gen_weight_bank[24].bank/memory_reg_0_127_13_13/DP.LOW/WADR1
                            (rising edge-triggered cell RAMD64E clocked by clk_fpga_0  {rise@0.000ns fall@5.000ns period=10.000ns})
  Path Group:             clk_fpga_0
  Path Type:              Hold (Min at Fast Process Corner)
  Requirement:            0.000ns  (clk_fpga_0 rise@0.000ns - clk_fpga_0 rise@0.000ns)
  Data Path Delay:        0.411ns  (logic 0.141ns (34.324%)  route 0.270ns (65.676%))
  Logic Levels:           0
  Clock Path Skew:        0.036ns (DCD - SCD - CPR)
    Destination Clock Delay (DCD):    1.215ns
    Source Clock Delay      (SCD):    0.915ns
    Clock Pessimism Removal (CPR):    0.264ns

    Location             Delay type                Incr(ns)  Path(ns)    Netlist Resource(s)
  -------------------------------------------------------------------    -------------------
                         (clock clk_fpga_0 rise edge)
                                                      0.000     0.000 r
    PS7_X0Y0             PS7                          0.000     0.000 r  system_i/processing_system7_0/inst/PS7_i/FCLKCLK[0]
                         net (fo=1, routed)           0.303     0.303    system_i/processing_system7_0/inst/FCLK_CLK_unbuffered[0]
    BUFGCTRL_X0Y16       BUFG (Prop_bufg_I_O)         0.026     0.329 r  system_i/processing_system7_0/inst/buffer_fclk_clk_0.FCLK_CLK_0_BUFG/O
                         net (fo=20688, routed)       0.586     0.915    system_i/generator_accelerator_0/inst/s_axi_aclk
    SLICE_X91Y34         FDCE                                         r  system_i/generator_accelerator_0/inst/gnn_weight_addr_reg[9]_rep__10/C
  -------------------------------------------------------------------    -------------------
    SLICE_X91Y34         FDCE (Prop_fdce_C_Q)         0.141     1.056 r  system_i/generator_accelerator_0/inst/gnn_weight_addr_reg[9]_rep__10/Q
                         net (fo=192, routed)         0.270     1.325    system_i/generator_accelerator_0/inst/u_gnn/gen_weight_bank[24].bank/memory_reg_0_127_13_13/A1
    SLICE_X88Y34         RAMD64E                                      r  system_i/generator_accelerator_0/inst/u_gnn/gen_weight_bank[24].bank/memory_reg_0_127_13_13/DP.LOW/WADR1
  -------------------------------------------------------------------    -------------------

                         (clock clk_fpga_0 rise edge)
                                                      0.000     0.000 r
    PS7_X0Y0             PS7                          0.000     0.000 r  system_i/processing_system7_0/inst/PS7_i/FCLKCLK[0]
                         net (fo=1, routed)           0.331     0.331    system_i/processing_system7_0/inst/FCLK_CLK_unbuffered[0]
    BUFGCTRL_X0Y16       BUFG (Prop_bufg_I_O)         0.029     0.360 r  system_i/processing_system7_0/inst/buffer_fclk_clk_0.FCLK_CLK_0_BUFG/O
                         net (fo=20688, routed)       0.855     1.215    system_i/generator_accelerator_0/inst/u_gnn/gen_weight_bank[24].bank/memory_reg_0_127_13_13/WCLK
    SLICE_X88Y34         RAMD64E                                      r  system_i/generator_accelerator_0/inst/u_gnn/gen_weight_bank[24].bank/memory_reg_0_127_13_13/DP.LOW/CLK
                         clock pessimism             -0.264     0.950
    SLICE_X88Y34         RAMD64E (Hold_ramd64e_CLK_WADR1)
                                                      0.309     1.259    system_i/generator_accelerator_0/inst/u_gnn/gen_weight_bank[24].bank/memory_reg_0_127_13_13/DP.LOW
  -------------------------------------------------------------------
                         required time                         -1.260
                         arrival time                           1.325
  -------------------------------------------------------------------
                         slack                                  0.066

Slack (MET) :             0.066ns  (arrival time - required time)
  Source:                 system_i/generator_accelerator_0/inst/gnn_weight_addr_reg[9]_rep__10/C
                            (rising edge-triggered cell FDCE clocked by clk_fpga_0  {rise@0.000ns fall@5.000ns period=10.000ns})
  Destination:            system_i/generator_accelerator_0/inst/u_gnn/gen_weight_bank[24].bank/memory_reg_0_127_13_13/SP.HIGH/WADR1
                            (rising edge-triggered cell RAMD64E clocked by clk_fpga_0  {rise@0.000ns fall@5.000ns period=10.000ns})
  Path Group:             clk_fpga_0
  Path Type:              Hold (Min at Fast Process Corner)
  Requirement:            0.000ns  (clk_fpga_0 rise@0.000ns - clk_fpga_0 rise@0.000ns)
  Data Path Delay:        0.411ns  (logic 0.141ns (34.324%)  route 0.270ns (65.676%))
  Logic Levels:           0
  Clock Path Skew:        0.036ns (DCD - SCD - CPR)
    Destination Clock Delay (DCD):    1.215ns
    Source Clock Delay      (SCD):    0.915ns
    Clock Pessimism Removal (CPR):    0.264ns

    Location             Delay type                Incr(ns)  Path(ns)    Netlist Resource(s)
  -------------------------------------------------------------------    -------------------
                         (clock clk_fpga_0 rise edge)
                                                      0.000     0.000 r
    PS7_X0Y0             PS7                          0.000     0.000 r  system_i/processing_system7_0/inst/PS7_i/FCLKCLK[0]
                         net (fo=1, routed)           0.303     0.303    system_i/processing_system7_0/inst/FCLK_CLK_unbuffered[0]
    BUFGCTRL_X0Y16       BUFG (Prop_bufg_I_O)         0.026     0.329 r  system_i/processing_system7_0/inst/buffer_fclk_clk_0.FCLK_CLK_0_BUFG/O
                         net (fo=20688, routed)       0.586     0.915    system_i/generator_accelerator_0/inst/s_axi_aclk
    SLICE_X91Y34         FDCE                                         r  system_i/generator_accelerator_0/inst/gnn_weight_addr_reg[9]_rep__10/C
  -------------------------------------------------------------------    -------------------
    SLICE_X91Y34         FDCE (Prop_fdce_C_Q)         0.141     1.056 r  system_i/generator_accelerator_0/inst/gnn_weight_addr_reg[9]_rep__10/Q
                         net (fo=192, routed)         0.270     1.325    system_i/generator_accelerator_0/inst/u_gnn/gen_weight_bank[24].bank/memory_reg_0_127_13_13/A1
    SLICE_X88Y34         RAMD64E                                      r  system_i/generator_accelerator_0/inst/u_gnn/gen_weight_bank[24].bank/memory_reg_0_127_13_13/SP.HIGH/WADR1
  -------------------------------------------------------------------    -------------------

                         (clock clk_fpga_0 rise edge)
                                                      0.000     0.000 r
    PS7_X0Y0             PS7                          0.000     0.000 r  system_i/processing_system7_0/inst/PS7_i/FCLKCLK[0]
                         net (fo=1, routed)           0.331     0.331    system_i/processing_system7_0/inst/FCLK_CLK_unbuffered[0]
    BUFGCTRL_X0Y16       BUFG (Prop_bufg_I_O)         0.029     0.360 r  system_i/processing_system7_0/inst/buffer_fclk_clk_0.FCLK_CLK_0_BUFG/O
                         net (fo=20688, routed)       0.855     1.215    system_i/generator_accelerator_0/inst/u_gnn/gen_weight_bank[24].bank/memory_reg_0_127_13_13/WCLK
    SLICE_X88Y34         RAMD64E                                      r  system_i/generator_accelerator_0/inst/u_gnn/gen_weight_bank[24].bank/memory_reg_0_127_13_13/SP.HIGH/CLK
                         clock pessimism             -0.264     0.950
    SLICE_X88Y34         RAMD64E (Hold_ramd64e_CLK_WADR1)
                                                      0.309     1.259    system_i/generator_accelerator_0/inst/u_gnn/gen_weight_bank[24].bank/memory_reg_0_127_13_13/SP.HIGH
  -------------------------------------------------------------------
                         required time                         -1.260
                         arrival time                           1.325
  -------------------------------------------------------------------
                         slack                                  0.066

Slack (MET) :             0.066ns  (arrival time - required time)
  Source:                 system_i/generator_accelerator_0/inst/gnn_weight_addr_reg[9]_rep__10/C
                            (rising edge-triggered cell FDCE clocked by clk_fpga_0  {rise@0.000ns fall@5.000ns period=10.000ns})
  Destination:            system_i/generator_accelerator_0/inst/u_gnn/gen_weight_bank[24].bank/memory_reg_0_127_13_13/SP.LOW/WADR1
                            (rising edge-triggered cell RAMD64E clocked by clk_fpga_0  {rise@0.000ns fall@5.000ns period=10.000ns})
  Path Group:             clk_fpga_0
  Path Type:              Hold (Min at Fast Process Corner)
  Requirement:            0.000ns  (clk_fpga_0 rise@0.000ns - clk_fpga_0 rise@0.000ns)
  Data Path Delay:        0.411ns  (logic 0.141ns (34.324%)  route 0.270ns (65.676%))
  Logic Levels:           0
  Clock Path Skew:        0.036ns (DCD - SCD - CPR)
    Destination Clock Delay (DCD):    1.215ns
    Source Clock Delay      (SCD):    0.915ns
    Clock Pessimism Removal (CPR):    0.264ns

    Location             Delay type                Incr(ns)  Path(ns)    Netlist Resource(s)
  -------------------------------------------------------------------    -------------------
                         (clock clk_fpga_0 rise edge)
                                                      0.000     0.000 r
    PS7_X0Y0             PS7                          0.000     0.000 r  system_i/processing_system7_0/inst/PS7_i/FCLKCLK[0]
                         net (fo=1, routed)           0.303     0.303    system_i/processing_system7_0/inst/FCLK_CLK_unbuffered[0]
    BUFGCTRL_X0Y16       BUFG (Prop_bufg_I_O)         0.026     0.329 r  system_i/processing_system7_0/inst/buffer_fclk_clk_0.FCLK_CLK_0_BUFG/O
                         net (fo=20688, routed)       0.586     0.915    system_i/generator_accelerator_0/inst/s_axi_aclk
    SLICE_X91Y34         FDCE                                         r  system_i/generator_accelerator_0/inst/gnn_weight_addr_reg[9]_rep__10/C
  -------------------------------------------------------------------    -------------------
    SLICE_X91Y34         FDCE (Prop_fdce_C_Q)         0.141     1.056 r  system_i/generator_accelerator_0/inst/gnn_weight_addr_reg[9]_rep__10/Q
                         net (fo=192, routed)         0.270     1.325    system_i/generator_accelerator_0/inst/u_gnn/gen_weight_bank[24].bank/memory_reg_0_127_13_13/A1
    SLICE_X88Y34         RAMD64E                                      r  system_i/generator_accelerator_0/inst/u_gnn/gen_weight_bank[24].bank/memory_reg_0_127_13_13/SP.LOW/WADR1
  -------------------------------------------------------------------    -------------------

                         (clock clk_fpga_0 rise edge)
                                                      0.000     0.000 r
    PS7_X0Y0             PS7                          0.000     0.000 r  system_i/processing_system7_0/inst/PS7_i/FCLKCLK[0]
                         net (fo=1, routed)           0.331     0.331    system_i/processing_system7_0/inst/FCLK_CLK_unbuffered[0]
    BUFGCTRL_X0Y16       BUFG (Prop_bufg_I_O)         0.029     0.360 r  system_i/processing_system7_0/inst/buffer_fclk_clk_0.FCLK_CLK_0_BUFG/O
                         net (fo=20688, routed)       0.855     1.215    system_i/generator_accelerator_0/inst/u_gnn/gen_weight_bank[24].bank/memory_reg_0_127_13_13/WCLK
    SLICE_X88Y34         RAMD64E                                      r  system_i/generator_accelerator_0/inst/u_gnn/gen_weight_bank[24].bank/memory_reg_0_127_13_13/SP.LOW/CLK
                         clock pessimism             -0.264     0.950
    SLICE_X88Y34         RAMD64E (Hold_ramd64e_CLK_WADR1)
                                                      0.309     1.259    system_i/generator_accelerator_0/inst/u_gnn/gen_weight_bank[24].bank/memory_reg_0_127_13_13/SP.LOW
  -------------------------------------------------------------------
                         required time                         -1.260
                         arrival time                           1.325
  -------------------------------------------------------------------
                         slack                                  0.066

Slack (MET) :             0.067ns  (arrival time - required time)
  Source:                 system_i/axi_dma_0/U0/I_PRMRY_DATAMOVER/GEN_S2MM_FULL.I_S2MM_FULL_WRAPPER/I_WR_DATA_CNTL/GEN_INDET_BTT.lsig_byte_cntr_reg[16]/C
                            (rising edge-triggered cell FDRE clocked by clk_fpga_1  {rise@0.000ns fall@3.333ns period=6.666ns})
  Destination:            system_i/axi_dma_0/U0/I_PRMRY_DATAMOVER/GEN_S2MM_FULL.I_S2MM_FULL_WRAPPER/I_WR_STATUS_CNTLR/GEN_ENABLE_INDET_BTT.I_SF_DATA_CNTL_STATUS_FIFO/USE_SRL_FIFO.I_SYNC_FIFO/I_SRL_FIFO_RBU_F/DYNSHREG_F_I/INFERRED_GEN.data_reg[5][7]_srl6/D
                            (rising edge-triggered cell SRL16E clocked by clk_fpga_1  {rise@0.000ns fall@3.333ns period=6.666ns})
  Path Group:             clk_fpga_1
  Path Type:              Hold (Min at Fast Process Corner)
  Requirement:            0.000ns  (clk_fpga_1 rise@0.000ns - clk_fpga_1 rise@0.000ns)
  Data Path Delay:        0.265ns  (logic 0.141ns (53.132%)  route 0.124ns (46.868%))
  Logic Levels:           0
  Clock Path Skew:        0.015ns (DCD - SCD - CPR)
    Destination Clock Delay (DCD):    1.213ns
    Source Clock Delay      (SCD):    0.913ns
    Clock Pessimism Removal (CPR):    0.285ns

    Location             Delay type                Incr(ns)  Path(ns)    Netlist Resource(s)
  -------------------------------------------------------------------    -------------------
                         (clock clk_fpga_1 rise edge)
                                                      0.000     0.000 r
    PS7_X0Y0             PS7                          0.000     0.000 r  system_i/processing_system7_0/inst/PS7_i/FCLKCLK[1]
                         net (fo=1, routed)           0.303     0.303    system_i/processing_system7_0/inst/FCLK_CLK_unbuffered[1]
    BUFGCTRL_X0Y17       BUFG (Prop_bufg_I_O)         0.026     0.329 r  system_i/processing_system7_0/inst/buffer_fclk_clk_1.FCLK_CLK_1_BUFG/O
                         net (fo=8926, routed)        0.584     0.913    system_i/axi_dma_0/U0/I_PRMRY_DATAMOVER/GEN_S2MM_FULL.I_S2MM_FULL_WRAPPER/I_WR_DATA_CNTL/m_axi_s2mm_aclk
    SLICE_X9Y15          FDRE                                         r  system_i/axi_dma_0/U0/I_PRMRY_DATAMOVER/GEN_S2MM_FULL.I_S2MM_FULL_WRAPPER/I_WR_DATA_CNTL/GEN_INDET_BTT.lsig_byte_cntr_reg[16]/C
  -------------------------------------------------------------------    -------------------
    SLICE_X9Y15          FDRE (Prop_fdre_C_Q)         0.141     1.054 r  system_i/axi_dma_0/U0/I_PRMRY_DATAMOVER/GEN_S2MM_FULL.I_S2MM_FULL_WRAPPER/I_WR_DATA_CNTL/GEN_INDET_BTT.lsig_byte_cntr_reg[16]/Q
                         net (fo=2, routed)           0.124     1.178    system_i/axi_dma_0/U0/I_PRMRY_DATAMOVER/GEN_S2MM_FULL.I_S2MM_FULL_WRAPPER/I_WR_STATUS_CNTLR/GEN_ENABLE_INDET_BTT.I_SF_DATA_CNTL_STATUS_FIFO/USE_SRL_FIFO.I_SYNC_FIFO/I_SRL_FIFO_RBU_F/DYNSHREG_F_I/in[7]
    SLICE_X8Y14          SRL16E                                       r  system_i/axi_dma_0/U0/I_PRMRY_DATAMOVER/GEN_S2MM_FULL.I_S2MM_FULL_WRAPPER/I_WR_STATUS_CNTLR/GEN_ENABLE_INDET_BTT.I_SF_DATA_CNTL_STATUS_FIFO/USE_SRL_FIFO.I_SYNC_FIFO/I_SRL_FIFO_RBU_F/DYNSHREG_F_I/INFERRED_GEN.data_reg[5][7]_srl6/D
  -------------------------------------------------------------------    -------------------

                         (clock clk_fpga_1 rise edge)
                                                      0.000     0.000 r
    PS7_X0Y0             PS7                          0.000     0.000 r  system_i/processing_system7_0/inst/PS7_i/FCLKCLK[1]
                         net (fo=1, routed)           0.331     0.331    system_i/processing_system7_0/inst/FCLK_CLK_unbuffered[1]
    BUFGCTRL_X0Y17       BUFG (Prop_bufg_I_O)         0.029     0.360 r  system_i/processing_system7_0/inst/buffer_fclk_clk_1.FCLK_CLK_1_BUFG/O
                         net (fo=8926, routed)        0.853     1.213    system_i/axi_dma_0/U0/I_PRMRY_DATAMOVER/GEN_S2MM_FULL.I_S2MM_FULL_WRAPPER/I_WR_STATUS_CNTLR/GEN_ENABLE_INDET_BTT.I_SF_DATA_CNTL_STATUS_FIFO/USE_SRL_FIFO.I_SYNC_FIFO/I_SRL_FIFO_RBU_F/DYNSHREG_F_I/m_axi_s2mm_aclk
    SLICE_X8Y14          SRL16E                                       r  system_i/axi_dma_0/U0/I_PRMRY_DATAMOVER/GEN_S2MM_FULL.I_S2MM_FULL_WRAPPER/I_WR_STATUS_CNTLR/GEN_ENABLE_INDET_BTT.I_SF_DATA_CNTL_STATUS_FIFO/USE_SRL_FIFO.I_SYNC_FIFO/I_SRL_FIFO_RBU_F/DYNSHREG_F_I/INFERRED_GEN.data_reg[5][7]_srl6/CLK
                         clock pessimism             -0.285     0.928
    SLICE_X8Y14          SRL16E (Hold_srl16e_CLK_D)
                                                      0.183     1.111    system_i/axi_dma_0/U0/I_PRMRY_DATAMOVER/GEN_S2MM_FULL.I_S2MM_FULL_WRAPPER/I_WR_STATUS_CNTLR/GEN_ENABLE_INDET_BTT.I_SF_DATA_CNTL_STATUS_FIFO/USE_SRL_FIFO.I_SYNC_FIFO/I_SRL_FIFO_RBU_F/DYNSHREG_F_I/INFERRED_GEN.data_reg[5][7]_srl6
  -------------------------------------------------------------------
                         required time                         -1.111
                         arrival time                           1.178
  -------------------------------------------------------------------
                         slack                                  0.067

Slack (MET) :             0.069ns  (arrival time - required time)
  Source:                 system_i/generator_accelerator_0/inst/gnn_weight_addr_reg[11]_rep__16/C
                            (rising edge-triggered cell FDCE clocked by clk_fpga_0  {rise@0.000ns fall@5.000ns period=10.000ns})
  Destination:            system_i/generator_accelerator_0/inst/u_gnn/gen_weight_bank[27].bank/memory_reg_128_255_9_9/DP.HIGH/WADR3
                            (rising edge-triggered cell RAMD64E clocked by clk_fpga_0  {rise@0.000ns fall@5.000ns period=10.000ns})
  Path Group:             clk_fpga_0
  Path Type:              Hold (Min at Fast Process Corner)
  Requirement:            0.000ns  (clk_fpga_0 rise@0.000ns - clk_fpga_0 rise@0.000ns)
  Data Path Delay:        0.344ns  (logic 0.141ns (40.938%)  route 0.203ns (59.062%))
  Logic Levels:           0
  Clock Path Skew:        0.035ns (DCD - SCD - CPR)
    Destination Clock Delay (DCD):    1.210ns
    Source Clock Delay      (SCD):    0.911ns
    Clock Pessimism Removal (CPR):    0.264ns

    Location             Delay type                Incr(ns)  Path(ns)    Netlist Resource(s)
  -------------------------------------------------------------------    -------------------
                         (clock clk_fpga_0 rise edge)
                                                      0.000     0.000 r
    PS7_X0Y0             PS7                          0.000     0.000 r  system_i/processing_system7_0/inst/PS7_i/FCLKCLK[0]
                         net (fo=1, routed)           0.303     0.303    system_i/processing_system7_0/inst/FCLK_CLK_unbuffered[0]
    BUFGCTRL_X0Y16       BUFG (Prop_bufg_I_O)         0.026     0.329 r  system_i/processing_system7_0/inst/buffer_fclk_clk_0.FCLK_CLK_0_BUFG/O
                         net (fo=20688, routed)       0.582     0.911    system_i/generator_accelerator_0/inst/s_axi_aclk
    SLICE_X84Y32         FDCE                                         r  system_i/generator_accelerator_0/inst/gnn_weight_addr_reg[11]_rep__16/C
  -------------------------------------------------------------------    -------------------
    SLICE_X84Y32         FDCE (Prop_fdce_C_Q)         0.141     1.052 r  system_i/generator_accelerator_0/inst/gnn_weight_addr_reg[11]_rep__16/Q
                         net (fo=192, routed)         0.203     1.255    system_i/generator_accelerator_0/inst/u_gnn/gen_weight_bank[27].bank/memory_reg_128_255_9_9/A3
    SLICE_X82Y32         RAMD64E                                      r  system_i/generator_accelerator_0/inst/u_gnn/gen_weight_bank[27].bank/memory_reg_128_255_9_9/DP.HIGH/WADR3
  -------------------------------------------------------------------    -------------------

                         (clock clk_fpga_0 rise edge)
                                                      0.000     0.000 r
    PS7_X0Y0             PS7                          0.000     0.000 r  system_i/processing_system7_0/inst/PS7_i/FCLKCLK[0]
                         net (fo=1, routed)           0.331     0.331    system_i/processing_system7_0/inst/FCLK_CLK_unbuffered[0]
    BUFGCTRL_X0Y16       BUFG (Prop_bufg_I_O)         0.029     0.360 r  system_i/processing_system7_0/inst/buffer_fclk_clk_0.FCLK_CLK_0_BUFG/O
                         net (fo=20688, routed)       0.850     1.210    system_i/generator_accelerator_0/inst/u_gnn/gen_weight_bank[27].bank/memory_reg_128_255_9_9/WCLK
    SLICE_X82Y32         RAMD64E                                      r  system_i/generator_accelerator_0/inst/u_gnn/gen_weight_bank[27].bank/memory_reg_128_255_9_9/DP.HIGH/CLK
                         clock pessimism             -0.264     0.946
    SLICE_X82Y32         RAMD64E (Hold_ramd64e_CLK_WADR3)
                                                      0.240     1.186    system_i/generator_accelerator_0/inst/u_gnn/gen_weight_bank[27].bank/memory_reg_128_255_9_9/DP.HIGH
  -------------------------------------------------------------------
                         required time                         -1.186
                         arrival time                           1.255
  -------------------------------------------------------------------
                         slack                                  0.069

Slack (MET) :             0.069ns  (arrival time - required time)
  Source:                 system_i/generator_accelerator_0/inst/gnn_weight_addr_reg[11]_rep__16/C
                            (rising edge-triggered cell FDCE clocked by clk_fpga_0  {rise@0.000ns fall@5.000ns period=10.000ns})
  Destination:            system_i/generator_accelerator_0/inst/u_gnn/gen_weight_bank[27].bank/memory_reg_128_255_9_9/DP.LOW/WADR3
                            (rising edge-triggered cell RAMD64E clocked by clk_fpga_0  {rise@0.000ns fall@5.000ns period=10.000ns})
  Path Group:             clk_fpga_0
  Path Type:              Hold (Min at Fast Process Corner)
  Requirement:            0.000ns  (clk_fpga_0 rise@0.000ns - clk_fpga_0 rise@0.000ns)
  Data Path Delay:        0.344ns  (logic 0.141ns (40.938%)  route 0.203ns (59.062%))
  Logic Levels:           0
  Clock Path Skew:        0.035ns (DCD - SCD - CPR)
    Destination Clock Delay (DCD):    1.210ns
    Source Clock Delay      (SCD):    0.911ns
    Clock Pessimism Removal (CPR):    0.264ns

    Location             Delay type                Incr(ns)  Path(ns)    Netlist Resource(s)
  -------------------------------------------------------------------    -------------------
                         (clock clk_fpga_0 rise edge)
                                                      0.000     0.000 r
    PS7_X0Y0             PS7                          0.000     0.000 r  system_i/processing_system7_0/inst/PS7_i/FCLKCLK[0]
                         net (fo=1, routed)           0.303     0.303    system_i/processing_system7_0/inst/FCLK_CLK_unbuffered[0]
    BUFGCTRL_X0Y16       BUFG (Prop_bufg_I_O)         0.026     0.329 r  system_i/processing_system7_0/inst/buffer_fclk_clk_0.FCLK_CLK_0_BUFG/O
                         net (fo=20688, routed)       0.582     0.911    system_i/generator_accelerator_0/inst/s_axi_aclk
    SLICE_X84Y32         FDCE                                         r  system_i/generator_accelerator_0/inst/gnn_weight_addr_reg[11]_rep__16/C
  -------------------------------------------------------------------    -------------------
    SLICE_X84Y32         FDCE (Prop_fdce_C_Q)         0.141     1.052 r  system_i/generator_accelerator_0/inst/gnn_weight_addr_reg[11]_rep__16/Q
                         net (fo=192, routed)         0.203     1.255    system_i/generator_accelerator_0/inst/u_gnn/gen_weight_bank[27].bank/memory_reg_128_255_9_9/A3
    SLICE_X82Y32         RAMD64E                                      r  system_i/generator_accelerator_0/inst/u_gnn/gen_weight_bank[27].bank/memory_reg_128_255_9_9/DP.LOW/WADR3
  -------------------------------------------------------------------    -------------------

                         (clock clk_fpga_0 rise edge)
                                                      0.000     0.000 r
    PS7_X0Y0             PS7                          0.000     0.000 r  system_i/processing_system7_0/inst/PS7_i/FCLKCLK[0]
                         net (fo=1, routed)           0.331     0.331    system_i/processing_system7_0/inst/FCLK_CLK_unbuffered[0]
    BUFGCTRL_X0Y16       BUFG (Prop_bufg_I_O)         0.029     0.360 r  system_i/processing_system7_0/inst/buffer_fclk_clk_0.FCLK_CLK_0_BUFG/O
                         net (fo=20688, routed)       0.850     1.210    system_i/generator_accelerator_0/inst/u_gnn/gen_weight_bank[27].bank/memory_reg_128_255_9_9/WCLK
    SLICE_X82Y32         RAMD64E                                      r  system_i/generator_accelerator_0/inst/u_gnn/gen_weight_bank[27].bank/memory_reg_128_255_9_9/DP.LOW/CLK
                         clock pessimism             -0.264     0.946
    SLICE_X82Y32         RAMD64E (Hold_ramd64e_CLK_WADR3)
                                                      0.240     1.186    system_i/generator_accelerator_0/inst/u_gnn/gen_weight_bank[27].bank/memory_reg_128_255_9_9/DP.LOW
  -------------------------------------------------------------------
                         required time                         -1.186
                         arrival time                           1.255
  -------------------------------------------------------------------
                         slack                                  0.069

Slack (MET) :             0.069ns  (arrival time - required time)
  Source:                 system_i/generator_accelerator_0/inst/gnn_weight_addr_reg[11]_rep__16/C
                            (rising edge-triggered cell FDCE clocked by clk_fpga_0  {rise@0.000ns fall@5.000ns period=10.000ns})
  Destination:            system_i/generator_accelerator_0/inst/u_gnn/gen_weight_bank[27].bank/memory_reg_128_255_9_9/SP.HIGH/WADR3
                            (rising edge-triggered cell RAMD64E clocked by clk_fpga_0  {rise@0.000ns fall@5.000ns period=10.000ns})
  Path Group:             clk_fpga_0
  Path Type:              Hold (Min at Fast Process Corner)
  Requirement:            0.000ns  (clk_fpga_0 rise@0.000ns - clk_fpga_0 rise@0.000ns)
  Data Path Delay:        0.344ns  (logic 0.141ns (40.938%)  route 0.203ns (59.062%))
  Logic Levels:           0
  Clock Path Skew:        0.035ns (DCD - SCD - CPR)
    Destination Clock Delay (DCD):    1.210ns
    Source Clock Delay      (SCD):    0.911ns
    Clock Pessimism Removal (CPR):    0.264ns

    Location             Delay type                Incr(ns)  Path(ns)    Netlist Resource(s)
  -------------------------------------------------------------------    -------------------
                         (clock clk_fpga_0 rise edge)
                                                      0.000     0.000 r
    PS7_X0Y0             PS7                          0.000     0.000 r  system_i/processing_system7_0/inst/PS7_i/FCLKCLK[0]
                         net (fo=1, routed)           0.303     0.303    system_i/processing_system7_0/inst/FCLK_CLK_unbuffered[0]
    BUFGCTRL_X0Y16       BUFG (Prop_bufg_I_O)         0.026     0.329 r  system_i/processing_system7_0/inst/buffer_fclk_clk_0.FCLK_CLK_0_BUFG/O
                         net (fo=20688, routed)       0.582     0.911    system_i/generator_accelerator_0/inst/s_axi_aclk
    SLICE_X84Y32         FDCE                                         r  system_i/generator_accelerator_0/inst/gnn_weight_addr_reg[11]_rep__16/C
  -------------------------------------------------------------------    -------------------
    SLICE_X84Y32         FDCE (Prop_fdce_C_Q)         0.141     1.052 r  system_i/generator_accelerator_0/inst/gnn_weight_addr_reg[11]_rep__16/Q
                         net (fo=192, routed)         0.203     1.255    system_i/generator_accelerator_0/inst/u_gnn/gen_weight_bank[27].bank/memory_reg_128_255_9_9/A3
    SLICE_X82Y32         RAMD64E                                      r  system_i/generator_accelerator_0/inst/u_gnn/gen_weight_bank[27].bank/memory_reg_128_255_9_9/SP.HIGH/WADR3
  -------------------------------------------------------------------    -------------------

                         (clock clk_fpga_0 rise edge)
                                                      0.000     0.000 r
    PS7_X0Y0             PS7                          0.000     0.000 r  system_i/processing_system7_0/inst/PS7_i/FCLKCLK[0]
                         net (fo=1, routed)           0.331     0.331    system_i/processing_system7_0/inst/FCLK_CLK_unbuffered[0]
    BUFGCTRL_X0Y16       BUFG (Prop_bufg_I_O)         0.029     0.360 r  system_i/processing_system7_0/inst/buffer_fclk_clk_0.FCLK_CLK_0_BUFG/O
                         net (fo=20688, routed)       0.850     1.210    system_i/generator_accelerator_0/inst/u_gnn/gen_weight_bank[27].bank/memory_reg_128_255_9_9/WCLK
    SLICE_X82Y32         RAMD64E                                      r  system_i/generator_accelerator_0/inst/u_gnn/gen_weight_bank[27].bank/memory_reg_128_255_9_9/SP.HIGH/CLK
                         clock pessimism             -0.264     0.946
    SLICE_X82Y32         RAMD64E (Hold_ramd64e_CLK_WADR3)
                                                      0.240     1.186    system_i/generator_accelerator_0/inst/u_gnn/gen_weight_bank[27].bank/memory_reg_128_255_9_9/SP.HIGH
  -------------------------------------------------------------------
                         required time                         -1.186
                         arrival time                           1.255
  -------------------------------------------------------------------
                         slack                                  0.069

Slack (MET) :             0.069ns  (arrival time - required time)
  Source:                 system_i/generator_accelerator_0/inst/gnn_weight_addr_reg[11]_rep__16/C
                            (rising edge-triggered cell FDCE clocked by clk_fpga_0  {rise@0.000ns fall@5.000ns period=10.000ns})
  Destination:            system_i/generator_accelerator_0/inst/u_gnn/gen_weight_bank[27].bank/memory_reg_128_255_9_9/SP.LOW/WADR3
                            (rising edge-triggered cell RAMD64E clocked by clk_fpga_0  {rise@0.000ns fall@5.000ns period=10.000ns})
  Path Group:             clk_fpga_0
  Path Type:              Hold (Min at Fast Process Corner)
  Requirement:            0.000ns  (clk_fpga_0 rise@0.000ns - clk_fpga_0 rise@0.000ns)
  Data Path Delay:        0.344ns  (logic 0.141ns (40.938%)  route 0.203ns (59.062%))
  Logic Levels:           0
  Clock Path Skew:        0.035ns (DCD - SCD - CPR)
    Destination Clock Delay (DCD):    1.210ns
    Source Clock Delay      (SCD):    0.911ns
    Clock Pessimism Removal (CPR):    0.264ns

    Location             Delay type                Incr(ns)  Path(ns)    Netlist Resource(s)
  -------------------------------------------------------------------    -------------------
                         (clock clk_fpga_0 rise edge)
                                                      0.000     0.000 r
    PS7_X0Y0             PS7                          0.000     0.000 r  system_i/processing_system7_0/inst/PS7_i/FCLKCLK[0]
                         net (fo=1, routed)           0.303     0.303    system_i/processing_system7_0/inst/FCLK_CLK_unbuffered[0]
    BUFGCTRL_X0Y16       BUFG (Prop_bufg_I_O)         0.026     0.329 r  system_i/processing_system7_0/inst/buffer_fclk_clk_0.FCLK_CLK_0_BUFG/O
                         net (fo=20688, routed)       0.582     0.911    system_i/generator_accelerator_0/inst/s_axi_aclk
    SLICE_X84Y32         FDCE                                         r  system_i/generator_accelerator_0/inst/gnn_weight_addr_reg[11]_rep__16/C
  -------------------------------------------------------------------    -------------------
    SLICE_X84Y32         FDCE (Prop_fdce_C_Q)         0.141     1.052 r  system_i/generator_accelerator_0/inst/gnn_weight_addr_reg[11]_rep__16/Q
                         net (fo=192, routed)         0.203     1.255    system_i/generator_accelerator_0/inst/u_gnn/gen_weight_bank[27].bank/memory_reg_128_255_9_9/A3
    SLICE_X82Y32         RAMD64E                                      r  system_i/generator_accelerator_0/inst/u_gnn/gen_weight_bank[27].bank/memory_reg_128_255_9_9/SP.LOW/WADR3
  -------------------------------------------------------------------    -------------------

                         (clock clk_fpga_0 rise edge)
                                                      0.000     0.000 r
    PS7_X0Y0             PS7                          0.000     0.000 r  system_i/processing_system7_0/inst/PS7_i/FCLKCLK[0]
                         net (fo=1, routed)           0.331     0.331    system_i/processing_system7_0/inst/FCLK_CLK_unbuffered[0]
    BUFGCTRL_X0Y16       BUFG (Prop_bufg_I_O)         0.029     0.360 r  system_i/processing_system7_0/inst/buffer_fclk_clk_0.FCLK_CLK_0_BUFG/O
                         net (fo=20688, routed)       0.850     1.210    system_i/generator_accelerator_0/inst/u_gnn/gen_weight_bank[27].bank/memory_reg_128_255_9_9/WCLK
    SLICE_X82Y32         RAMD64E                                      r  system_i/generator_accelerator_0/inst/u_gnn/gen_weight_bank[27].bank/memory_reg_128_255_9_9/SP.LOW/CLK
                         clock pessimism             -0.264     0.946
    SLICE_X82Y32         RAMD64E (Hold_ramd64e_CLK_WADR3)
                                                      0.240     1.186    system_i/generator_accelerator_0/inst/u_gnn/gen_weight_bank[27].bank/memory_reg_128_255_9_9/SP.LOW
  -------------------------------------------------------------------
                         required time                         -1.186
                         arrival time                           1.255
  -------------------------------------------------------------------
                         slack                                  0.069

Slack (MET) :             0.071ns  (arrival time - required time)
  Source:                 system_i/dma_mem_smartconnect/inst/m00_nodes/m00_r_node/inst/inst_mi_handler/gen_normal_area.gen_upsizer.inst_upsizer/gen_r_ch.accum_reg[bytes][3][userdata][6]/C
                            (rising edge-triggered cell FDRE clocked by clk_fpga_1  {rise@0.000ns fall@3.333ns period=6.666ns})
  Destination:            system_i/dma_mem_smartconnect/inst/m00_nodes/m00_r_node/inst/inst_mi_handler/gen_normal_area.inst_fifo_node_payld/gen_xpm_memory_fifo.inst_fifo/gen_mem_rep[0].inst_xpm_memory/xpm_memory_base_inst/gen_wr_a.gen_word_narrow.mem_reg_0_31_48_53/RAMB/I
                            (rising edge-triggered cell RAMD32 clocked by clk_fpga_1  {rise@0.000ns fall@3.333ns period=6.666ns})
  Path Group:             clk_fpga_1
  Path Type:              Hold (Min at Fast Process Corner)
  Requirement:            0.000ns  (clk_fpga_1 rise@0.000ns - clk_fpga_1 rise@0.000ns)
  Data Path Delay:        0.256ns  (logic 0.141ns (55.003%)  route 0.115ns (44.997%))
  Logic Levels:           0
  Clock Path Skew:        0.039ns (DCD - SCD - CPR)
    Destination Clock Delay (DCD):    1.210ns
    Source Clock Delay      (SCD):    0.907ns
    Clock Pessimism Removal (CPR):    0.264ns

    Location             Delay type                Incr(ns)  Path(ns)    Netlist Resource(s)
  -------------------------------------------------------------------    -------------------
                         (clock clk_fpga_1 rise edge)
                                                      0.000     0.000 r
    PS7_X0Y0             PS7                          0.000     0.000 r  system_i/processing_system7_0/inst/PS7_i/FCLKCLK[1]
                         net (fo=1, routed)           0.303     0.303    system_i/processing_system7_0/inst/FCLK_CLK_unbuffered[1]
    BUFGCTRL_X0Y17       BUFG (Prop_bufg_I_O)         0.026     0.329 r  system_i/processing_system7_0/inst/buffer_fclk_clk_1.FCLK_CLK_1_BUFG/O
                         net (fo=8926, routed)        0.578     0.906    system_i/dma_mem_smartconnect/inst/m00_nodes/m00_r_node/inst/inst_mi_handler/gen_normal_area.gen_upsizer.inst_upsizer/s_sc_aclk
    SLICE_X37Y45         FDRE                                         r  system_i/dma_mem_smartconnect/inst/m00_nodes/m00_r_node/inst/inst_mi_handler/gen_normal_area.gen_upsizer.inst_upsizer/gen_r_ch.accum_reg[bytes][3][userdata][6]/C
  -------------------------------------------------------------------    -------------------
    SLICE_X37Y45         FDRE (Prop_fdre_C_Q)         0.141     1.048 r  system_i/dma_mem_smartconnect/inst/m00_nodes/m00_r_node/inst/inst_mi_handler/gen_normal_area.gen_upsizer.inst_upsizer/gen_r_ch.accum_reg[bytes][3][userdata][6]/Q
                         net (fo=1, routed)           0.115     1.163    system_i/dma_mem_smartconnect/inst/m00_nodes/m00_r_node/inst/inst_mi_handler/gen_normal_area.inst_fifo_node_payld/gen_xpm_memory_fifo.inst_fifo/gen_mem_rep[0].inst_xpm_memory/xpm_memory_base_inst/gen_wr_a.gen_word_narrow.mem_reg_0_31_48_53/DIB0
    SLICE_X34Y45         RAMD32                                       r  system_i/dma_mem_smartconnect/inst/m00_nodes/m00_r_node/inst/inst_mi_handler/gen_normal_area.inst_fifo_node_payld/gen_xpm_memory_fifo.inst_fifo/gen_mem_rep[0].inst_xpm_memory/xpm_memory_base_inst/gen_wr_a.gen_word_narrow.mem_reg_0_31_48_53/RAMB/I
  -------------------------------------------------------------------    -------------------

                         (clock clk_fpga_1 rise edge)
                                                      0.000     0.000 r
    PS7_X0Y0             PS7                          0.000     0.000 r  system_i/processing_system7_0/inst/PS7_i/FCLKCLK[1]
                         net (fo=1, routed)           0.331     0.331    system_i/processing_system7_0/inst/FCLK_CLK_unbuffered[1]
    BUFGCTRL_X0Y17       BUFG (Prop_bufg_I_O)         0.029     0.360 r  system_i/processing_system7_0/inst/buffer_fclk_clk_1.FCLK_CLK_1_BUFG/O
                         net (fo=8926, routed)        0.850     1.210    system_i/dma_mem_smartconnect/inst/m00_nodes/m00_r_node/inst/inst_mi_handler/gen_normal_area.inst_fifo_node_payld/gen_xpm_memory_fifo.inst_fifo/gen_mem_rep[0].inst_xpm_memory/xpm_memory_base_inst/gen_wr_a.gen_word_narrow.mem_reg_0_31_48_53/WCLK
    SLICE_X34Y45         RAMD32                                       r  system_i/dma_mem_smartconnect/inst/m00_nodes/m00_r_node/inst/inst_mi_handler/gen_normal_area.inst_fifo_node_payld/gen_xpm_memory_fifo.inst_fifo/gen_mem_rep[0].inst_xpm_memory/xpm_memory_base_inst/gen_wr_a.gen_word_narrow.mem_reg_0_31_48_53/RAMB/CLK
                         clock pessimism             -0.264     0.946
    SLICE_X34Y45         RAMD32 (Hold_ramd32_CLK_I)
                                                      0.146     1.092    system_i/dma_mem_smartconnect/inst/m00_nodes/m00_r_node/inst/inst_mi_handler/gen_normal_area.inst_fifo_node_payld/gen_xpm_memory_fifo.inst_fifo/gen_mem_rep[0].inst_xpm_memory/xpm_memory_base_inst/gen_wr_a.gen_word_narrow.mem_reg_0_31_48_53/RAMB
  -------------------------------------------------------------------
                         required time                         -1.092
                         arrival time                           1.163
  -------------------------------------------------------------------
                         slack                                  0.071

Slack (MET) :             0.071ns  (arrival time - required time)
  Source:                 system_i/generator_accelerator_0/inst/admet_cfg_addr_reg[3]/C
                            (rising edge-triggered cell FDCE clocked by clk_fpga_0  {rise@0.000ns fall@5.000ns period=10.000ns})
  Destination:            system_i/generator_accelerator_0/inst/u_admet/gen_model[1].u_fc_network/hidden_weights_reg_r2_0_63_9_11/RAMA/WADR3
                            (rising edge-triggered cell RAMD64E clocked by clk_fpga_0  {rise@0.000ns fall@5.000ns period=10.000ns})
  Path Group:             clk_fpga_0
  Path Type:              Hold (Min at Fast Process Corner)
  Requirement:            0.000ns  (clk_fpga_0 rise@0.000ns - clk_fpga_0 rise@0.000ns)
  Data Path Delay:        0.326ns  (logic 0.141ns (43.187%)  route 0.185ns (56.813%))
  Logic Levels:           0
  Clock Path Skew:        0.015ns (DCD - SCD - CPR)
    Destination Clock Delay (DCD):    1.186ns
    Source Clock Delay      (SCD):    0.886ns
    Clock Pessimism Removal (CPR):    0.285ns

    Location             Delay type                Incr(ns)  Path(ns)    Netlist Resource(s)
  -------------------------------------------------------------------    -------------------
                         (clock clk_fpga_0 rise edge)
                                                      0.000     0.000 r
    PS7_X0Y0             PS7                          0.000     0.000 r  system_i/processing_system7_0/inst/PS7_i/FCLKCLK[0]
                         net (fo=1, routed)           0.303     0.303    system_i/processing_system7_0/inst/FCLK_CLK_unbuffered[0]
    BUFGCTRL_X0Y16       BUFG (Prop_bufg_I_O)         0.026     0.329 r  system_i/processing_system7_0/inst/buffer_fclk_clk_0.FCLK_CLK_0_BUFG/O
                         net (fo=20688, routed)       0.557     0.886    system_i/generator_accelerator_0/inst/s_axi_aclk
    SLICE_X75Y90         FDCE                                         r  system_i/generator_accelerator_0/inst/admet_cfg_addr_reg[3]/C
  -------------------------------------------------------------------    -------------------
    SLICE_X75Y90         FDCE (Prop_fdce_C_Q)         0.141     1.027 r  system_i/generator_accelerator_0/inst/admet_cfg_addr_reg[3]/Q
                         net (fo=931, routed)         0.185     1.212    system_i/generator_accelerator_0/inst/u_admet/gen_model[1].u_fc_network/hidden_weights_reg_r2_0_63_9_11/ADDRD3
    SLICE_X74Y89         RAMD64E                                      r  system_i/generator_accelerator_0/inst/u_admet/gen_model[1].u_fc_network/hidden_weights_reg_r2_0_63_9_11/RAMA/WADR3
  -------------------------------------------------------------------    -------------------

                         (clock clk_fpga_0 rise edge)
                                                      0.000     0.000 r
    PS7_X0Y0             PS7                          0.000     0.000 r  system_i/processing_system7_0/inst/PS7_i/FCLKCLK[0]
                         net (fo=1, routed)           0.331     0.331    system_i/processing_system7_0/inst/FCLK_CLK_unbuffered[0]
    BUFGCTRL_X0Y16       BUFG (Prop_bufg_I_O)         0.029     0.360 r  system_i/processing_system7_0/inst/buffer_fclk_clk_0.FCLK_CLK_0_BUFG/O
                         net (fo=20688, routed)       0.826     1.186    system_i/generator_accelerator_0/inst/u_admet/gen_model[1].u_fc_network/hidden_weights_reg_r2_0_63_9_11/WCLK
    SLICE_X74Y89         RAMD64E                                      r  system_i/generator_accelerator_0/inst/u_admet/gen_model[1].u_fc_network/hidden_weights_reg_r2_0_63_9_11/RAMA/CLK
                         clock pessimism             -0.285     0.901
    SLICE_X74Y89         RAMD64E (Hold_ramd64e_CLK_WADR3)
                                                      0.240     1.141    system_i/generator_accelerator_0/inst/u_admet/gen_model[1].u_fc_network/hidden_weights_reg_r2_0_63_9_11/RAMA
  -------------------------------------------------------------------
                         required time                         -1.141
                         arrival time                           1.212
  -------------------------------------------------------------------
                         slack                                  0.071

Slack (MET) :             0.071ns  (arrival time - required time)
  Source:                 system_i/generator_accelerator_0/inst/admet_cfg_addr_reg[3]/C
                            (rising edge-triggered cell FDCE clocked by clk_fpga_0  {rise@0.000ns fall@5.000ns period=10.000ns})
  Destination:            system_i/generator_accelerator_0/inst/u_admet/gen_model[1].u_fc_network/hidden_weights_reg_r2_0_63_9_11/RAMB/WADR3
                            (rising edge-triggered cell RAMD64E clocked by clk_fpga_0  {rise@0.000ns fall@5.000ns period=10.000ns})
  Path Group:             clk_fpga_0
  Path Type:              Hold (Min at Fast Process Corner)
  Requirement:            0.000ns  (clk_fpga_0 rise@0.000ns - clk_fpga_0 rise@0.000ns)
  Data Path Delay:        0.326ns  (logic 0.141ns (43.187%)  route 0.185ns (56.813%))
  Logic Levels:           0
  Clock Path Skew:        0.015ns (DCD - SCD - CPR)
    Destination Clock Delay (DCD):    1.186ns
    Source Clock Delay      (SCD):    0.886ns
    Clock Pessimism Removal (CPR):    0.285ns

    Location             Delay type                Incr(ns)  Path(ns)    Netlist Resource(s)
  -------------------------------------------------------------------    -------------------
                         (clock clk_fpga_0 rise edge)
                                                      0.000     0.000 r
    PS7_X0Y0             PS7                          0.000     0.000 r  system_i/processing_system7_0/inst/PS7_i/FCLKCLK[0]
                         net (fo=1, routed)           0.303     0.303    system_i/processing_system7_0/inst/FCLK_CLK_unbuffered[0]
    BUFGCTRL_X0Y16       BUFG (Prop_bufg_I_O)         0.026     0.329 r  system_i/processing_system7_0/inst/buffer_fclk_clk_0.FCLK_CLK_0_BUFG/O
                         net (fo=20688, routed)       0.557     0.886    system_i/generator_accelerator_0/inst/s_axi_aclk
    SLICE_X75Y90         FDCE                                         r  system_i/generator_accelerator_0/inst/admet_cfg_addr_reg[3]/C
  -------------------------------------------------------------------    -------------------
    SLICE_X75Y90         FDCE (Prop_fdce_C_Q)         0.141     1.027 r  system_i/generator_accelerator_0/inst/admet_cfg_addr_reg[3]/Q
                         net (fo=931, routed)         0.185     1.212    system_i/generator_accelerator_0/inst/u_admet/gen_model[1].u_fc_network/hidden_weights_reg_r2_0_63_9_11/ADDRD3
    SLICE_X74Y89         RAMD64E                                      r  system_i/generator_accelerator_0/inst/u_admet/gen_model[1].u_fc_network/hidden_weights_reg_r2_0_63_9_11/RAMB/WADR3
  -------------------------------------------------------------------    -------------------

                         (clock clk_fpga_0 rise edge)
                                                      0.000     0.000 r
    PS7_X0Y0             PS7                          0.000     0.000 r  system_i/processing_system7_0/inst/PS7_i/FCLKCLK[0]
                         net (fo=1, routed)           0.331     0.331    system_i/processing_system7_0/inst/FCLK_CLK_unbuffered[0]
    BUFGCTRL_X0Y16       BUFG (Prop_bufg_I_O)         0.029     0.360 r  system_i/processing_system7_0/inst/buffer_fclk_clk_0.FCLK_CLK_0_BUFG/O
                         net (fo=20688, routed)       0.826     1.186    system_i/generator_accelerator_0/inst/u_admet/gen_model[1].u_fc_network/hidden_weights_reg_r2_0_63_9_11/WCLK
    SLICE_X74Y89         RAMD64E                                      r  system_i/generator_accelerator_0/inst/u_admet/gen_model[1].u_fc_network/hidden_weights_reg_r2_0_63_9_11/RAMB/CLK
                         clock pessimism             -0.285     0.901
    SLICE_X74Y89         RAMD64E (Hold_ramd64e_CLK_WADR3)
                                                      0.240     1.141    system_i/generator_accelerator_0/inst/u_admet/gen_model[1].u_fc_network/hidden_weights_reg_r2_0_63_9_11/RAMB
  -------------------------------------------------------------------
                         required time                         -1.141
                         arrival time                           1.212
  -------------------------------------------------------------------
                         slack                                  0.071

Slack (MET) :             0.071ns  (arrival time - required time)
  Source:                 system_i/generator_accelerator_0/inst/admet_cfg_addr_reg[3]/C
                            (rising edge-triggered cell FDCE clocked by clk_fpga_0  {rise@0.000ns fall@5.000ns period=10.000ns})
  Destination:            system_i/generator_accelerator_0/inst/u_admet/gen_model[1].u_fc_network/hidden_weights_reg_r2_0_63_9_11/RAMC/WADR3
                            (rising edge-triggered cell RAMD64E clocked by clk_fpga_0  {rise@0.000ns fall@5.000ns period=10.000ns})
  Path Group:             clk_fpga_0
  Path Type:              Hold (Min at Fast Process Corner)
  Requirement:            0.000ns  (clk_fpga_0 rise@0.000ns - clk_fpga_0 rise@0.000ns)
  Data Path Delay:        0.326ns  (logic 0.141ns (43.187%)  route 0.185ns (56.813%))
  Logic Levels:           0
  Clock Path Skew:        0.015ns (DCD - SCD - CPR)
    Destination Clock Delay (DCD):    1.186ns
    Source Clock Delay      (SCD):    0.886ns
    Clock Pessimism Removal (CPR):    0.285ns

    Location             Delay type                Incr(ns)  Path(ns)    Netlist Resource(s)
  -------------------------------------------------------------------    -------------------
                         (clock clk_fpga_0 rise edge)
                                                      0.000     0.000 r
    PS7_X0Y0             PS7                          0.000     0.000 r  system_i/processing_system7_0/inst/PS7_i/FCLKCLK[0]
                         net (fo=1, routed)           0.303     0.303    system_i/processing_system7_0/inst/FCLK_CLK_unbuffered[0]
    BUFGCTRL_X0Y16       BUFG (Prop_bufg_I_O)         0.026     0.329 r  system_i/processing_system7_0/inst/buffer_fclk_clk_0.FCLK_CLK_0_BUFG/O
                         net (fo=20688, routed)       0.557     0.886    system_i/generator_accelerator_0/inst/s_axi_aclk
    SLICE_X75Y90         FDCE                                         r  system_i/generator_accelerator_0/inst/admet_cfg_addr_reg[3]/C
  -------------------------------------------------------------------    -------------------
    SLICE_X75Y90         FDCE (Prop_fdce_C_Q)         0.141     1.027 r  system_i/generator_accelerator_0/inst/admet_cfg_addr_reg[3]/Q
                         net (fo=931, routed)         0.185     1.212    system_i/generator_accelerator_0/inst/u_admet/gen_model[1].u_fc_network/hidden_weights_reg_r2_0_63_9_11/ADDRD3
    SLICE_X74Y89         RAMD64E                                      r  system_i/generator_accelerator_0/inst/u_admet/gen_model[1].u_fc_network/hidden_weights_reg_r2_0_63_9_11/RAMC/WADR3
  -------------------------------------------------------------------    -------------------

                         (clock clk_fpga_0 rise edge)
                                                      0.000     0.000 r
    PS7_X0Y0             PS7                          0.000     0.000 r  system_i/processing_system7_0/inst/PS7_i/FCLKCLK[0]
                         net (fo=1, routed)           0.331     0.331    system_i/processing_system7_0/inst/FCLK_CLK_unbuffered[0]
    BUFGCTRL_X0Y16       BUFG (Prop_bufg_I_O)         0.029     0.360 r  system_i/processing_system7_0/inst/buffer_fclk_clk_0.FCLK_CLK_0_BUFG/O
                         net (fo=20688, routed)       0.826     1.186    system_i/generator_accelerator_0/inst/u_admet/gen_model[1].u_fc_network/hidden_weights_reg_r2_0_63_9_11/WCLK
    SLICE_X74Y89         RAMD64E                                      r  system_i/generator_accelerator_0/inst/u_admet/gen_model[1].u_fc_network/hidden_weights_reg_r2_0_63_9_11/RAMC/CLK
                         clock pessimism             -0.285     0.901
    SLICE_X74Y89         RAMD64E (Hold_ramd64e_CLK_WADR3)
                                                      0.240     1.141    system_i/generator_accelerator_0/inst/u_admet/gen_model[1].u_fc_network/hidden_weights_reg_r2_0_63_9_11/RAMC
  -------------------------------------------------------------------
                         required time                         -1.141
                         arrival time                           1.212
  -------------------------------------------------------------------
                         slack                                  0.071

Slack (MET) :             0.071ns  (arrival time - required time)
  Source:                 system_i/generator_accelerator_0/inst/admet_cfg_addr_reg[3]/C
                            (rising edge-triggered cell FDCE clocked by clk_fpga_0  {rise@0.000ns fall@5.000ns period=10.000ns})
  Destination:            system_i/generator_accelerator_0/inst/u_admet/gen_model[1].u_fc_network/hidden_weights_reg_r2_0_63_9_11/RAMD/WADR3
                            (rising edge-triggered cell RAMD64E clocked by clk_fpga_0  {rise@0.000ns fall@5.000ns period=10.000ns})
  Path Group:             clk_fpga_0
  Path Type:              Hold (Min at Fast Process Corner)
  Requirement:            0.000ns  (clk_fpga_0 rise@0.000ns - clk_fpga_0 rise@0.000ns)
  Data Path Delay:        0.326ns  (logic 0.141ns (43.187%)  route 0.185ns (56.813%))
  Logic Levels:           0
  Clock Path Skew:        0.015ns (DCD - SCD - CPR)
    Destination Clock Delay (DCD):    1.186ns
    Source Clock Delay      (SCD):    0.886ns
    Clock Pessimism Removal (CPR):    0.285ns

    Location             Delay type                Incr(ns)  Path(ns)    Netlist Resource(s)
  -------------------------------------------------------------------    -------------------
                         (clock clk_fpga_0 rise edge)
                                                      0.000     0.000 r
    PS7_X0Y0             PS7                          0.000     0.000 r  system_i/processing_system7_0/inst/PS7_i/FCLKCLK[0]
                         net (fo=1, routed)           0.303     0.303    system_i/processing_system7_0/inst/FCLK_CLK_unbuffered[0]
    BUFGCTRL_X0Y16       BUFG (Prop_bufg_I_O)         0.026     0.329 r  system_i/processing_system7_0/inst/buffer_fclk_clk_0.FCLK_CLK_0_BUFG/O
                         net (fo=20688, routed)       0.557     0.886    system_i/generator_accelerator_0/inst/s_axi_aclk
    SLICE_X75Y90         FDCE                                         r  system_i/generator_accelerator_0/inst/admet_cfg_addr_reg[3]/C
  -------------------------------------------------------------------    -------------------
    SLICE_X75Y90         FDCE (Prop_fdce_C_Q)         0.141     1.027 r  system_i/generator_accelerator_0/inst/admet_cfg_addr_reg[3]/Q
                         net (fo=931, routed)         0.185     1.212    system_i/generator_accelerator_0/inst/u_admet/gen_model[1].u_fc_network/hidden_weights_reg_r2_0_63_9_11/ADDRD3
    SLICE_X74Y89         RAMD64E                                      r  system_i/generator_accelerator_0/inst/u_admet/gen_model[1].u_fc_network/hidden_weights_reg_r2_0_63_9_11/RAMD/WADR3
  -------------------------------------------------------------------    -------------------

                         (clock clk_fpga_0 rise edge)
                                                      0.000     0.000 r
    PS7_X0Y0             PS7                          0.000     0.000 r  system_i/processing_system7_0/inst/PS7_i/FCLKCLK[0]
                         net (fo=1, routed)           0.331     0.331    system_i/processing_system7_0/inst/FCLK_CLK_unbuffered[0]
    BUFGCTRL_X0Y16       BUFG (Prop_bufg_I_O)         0.029     0.360 r  system_i/processing_system7_0/inst/buffer_fclk_clk_0.FCLK_CLK_0_BUFG/O
                         net (fo=20688, routed)       0.826     1.186    system_i/generator_accelerator_0/inst/u_admet/gen_model[1].u_fc_network/hidden_weights_reg_r2_0_63_9_11/WCLK
    SLICE_X74Y89         RAMD64E                                      r  system_i/generator_accelerator_0/inst/u_admet/gen_model[1].u_fc_network/hidden_weights_reg_r2_0_63_9_11/RAMD/CLK
                         clock pessimism             -0.285     0.901
    SLICE_X74Y89         RAMD64E (Hold_ramd64e_CLK_WADR3)
                                                      0.240     1.141    system_i/generator_accelerator_0/inst/u_admet/gen_model[1].u_fc_network/hidden_weights_reg_r2_0_63_9_11/RAMD
  -------------------------------------------------------------------
                         required time                         -1.141
                         arrival time                           1.212
  -------------------------------------------------------------------
                         slack                                  0.071

Slack (MET) :             0.072ns  (arrival time - required time)
  Source:                 system_i/dma_mem_smartconnect/inst/switchboards/w_switchboard/inst/gen_mi[0].inst_opipe_payld/gen_pipe[1].pipe_reg[1][12]/C
                            (rising edge-triggered cell FDRE clocked by clk_fpga_1  {rise@0.000ns fall@3.333ns period=6.666ns})
  Destination:            system_i/dma_mem_smartconnect/inst/m00_nodes/m00_w_node/inst/inst_mi_handler/gen_normal_area.inst_fifo_node_payld/gen_xpm_memory_fifo.inst_fifo/gen_mem_rep[0].inst_xpm_memory/xpm_memory_base_inst/gen_wr_a.gen_word_narrow.mem_reg_0_31_12_17/RAMA/I
                            (rising edge-triggered cell RAMD32 clocked by clk_fpga_1  {rise@0.000ns fall@3.333ns period=6.666ns})
  Path Group:             clk_fpga_1
  Path Type:              Hold (Min at Fast Process Corner)
  Requirement:            0.000ns  (clk_fpga_1 rise@0.000ns - clk_fpga_1 rise@0.000ns)
  Data Path Delay:        0.255ns  (logic 0.141ns (55.285%)  route 0.114ns (44.715%))
  Logic Levels:           0
  Clock Path Skew:        0.036ns (DCD - SCD - CPR)
    Destination Clock Delay (DCD):    1.206ns
    Source Clock Delay      (SCD):    0.906ns
    Clock Pessimism Removal (CPR):    0.264ns

    Location             Delay type                Incr(ns)  Path(ns)    Netlist Resource(s)
  -------------------------------------------------------------------    -------------------
                         (clock clk_fpga_1 rise edge)
                                                      0.000     0.000 r
    PS7_X0Y0             PS7                          0.000     0.000 r  system_i/processing_system7_0/inst/PS7_i/FCLKCLK[1]
                         net (fo=1, routed)           0.303     0.303    system_i/processing_system7_0/inst/FCLK_CLK_unbuffered[1]
    BUFGCTRL_X0Y17       BUFG (Prop_bufg_I_O)         0.026     0.329 r  system_i/processing_system7_0/inst/buffer_fclk_clk_1.FCLK_CLK_1_BUFG/O
                         net (fo=8926, routed)        0.577     0.906    system_i/dma_mem_smartconnect/inst/switchboards/w_switchboard/inst/gen_mi[0].inst_opipe_payld/aclk
    SLICE_X15Y21         FDRE                                         r  system_i/dma_mem_smartconnect/inst/switchboards/w_switchboard/inst/gen_mi[0].inst_opipe_payld/gen_pipe[1].pipe_reg[1][12]/C
  -------------------------------------------------------------------    -------------------
    SLICE_X15Y21         FDRE (Prop_fdre_C_Q)         0.141     1.047 r  system_i/dma_mem_smartconnect/inst/switchboards/w_switchboard/inst/gen_mi[0].inst_opipe_payld/gen_pipe[1].pipe_reg[1][12]/Q
                         net (fo=1, routed)           0.114     1.161    system_i/dma_mem_smartconnect/inst/m00_nodes/m00_w_node/inst/inst_mi_handler/gen_normal_area.inst_fifo_node_payld/gen_xpm_memory_fifo.inst_fifo/gen_mem_rep[0].inst_xpm_memory/xpm_memory_base_inst/gen_wr_a.gen_word_narrow.mem_reg_0_31_12_17/DIA0
    SLICE_X16Y20         RAMD32                                       r  system_i/dma_mem_smartconnect/inst/m00_nodes/m00_w_node/inst/inst_mi_handler/gen_normal_area.inst_fifo_node_payld/gen_xpm_memory_fifo.inst_fifo/gen_mem_rep[0].inst_xpm_memory/xpm_memory_base_inst/gen_wr_a.gen_word_narrow.mem_reg_0_31_12_17/RAMA/I
  -------------------------------------------------------------------    -------------------

                         (clock clk_fpga_1 rise edge)
                                                      0.000     0.000 r
    PS7_X0Y0             PS7                          0.000     0.000 r  system_i/processing_system7_0/inst/PS7_i/FCLKCLK[1]
                         net (fo=1, routed)           0.331     0.331    system_i/processing_system7_0/inst/FCLK_CLK_unbuffered[1]
    BUFGCTRL_X0Y17       BUFG (Prop_bufg_I_O)         0.029     0.360 r  system_i/processing_system7_0/inst/buffer_fclk_clk_1.FCLK_CLK_1_BUFG/O
                         net (fo=8926, routed)        0.846     1.206    system_i/dma_mem_smartconnect/inst/m00_nodes/m00_w_node/inst/inst_mi_handler/gen_normal_area.inst_fifo_node_payld/gen_xpm_memory_fifo.inst_fifo/gen_mem_rep[0].inst_xpm_memory/xpm_memory_base_inst/gen_wr_a.gen_word_narrow.mem_reg_0_31_12_17/WCLK
    SLICE_X16Y20         RAMD32                                       r  system_i/dma_mem_smartconnect/inst/m00_nodes/m00_w_node/inst/inst_mi_handler/gen_normal_area.inst_fifo_node_payld/gen_xpm_memory_fifo.inst_fifo/gen_mem_rep[0].inst_xpm_memory/xpm_memory_base_inst/gen_wr_a.gen_word_narrow.mem_reg_0_31_12_17/RAMA/CLK
                         clock pessimism             -0.264     0.942
    SLICE_X16Y20         RAMD32 (Hold_ramd32_CLK_I)
                                                      0.147     1.089    system_i/dma_mem_smartconnect/inst/m00_nodes/m00_w_node/inst/inst_mi_handler/gen_normal_area.inst_fifo_node_payld/gen_xpm_memory_fifo.inst_fifo/gen_mem_rep[0].inst_xpm_memory/xpm_memory_base_inst/gen_wr_a.gen_word_narrow.mem_reg_0_31_12_17/RAMA
  -------------------------------------------------------------------
                         required time                         -1.089
                         arrival time                           1.161
  -------------------------------------------------------------------
                         slack                                  0.072

Slack (MET) :             0.073ns  (arrival time - required time)
  Source:                 system_i/dma_mem_smartconnect/inst/switchboards/ar_switchboard/inst/gen_mi[0].inst_opipe_payld/gen_pipe[1].pipe_reg[1][136]/C
                            (rising edge-triggered cell FDRE clocked by clk_fpga_1  {rise@0.000ns fall@3.333ns period=6.666ns})
  Destination:            system_i/dma_mem_smartconnect/inst/m00_nodes/m00_ar_node/inst/inst_mi_handler/gen_normal_area.inst_fifo_node_payld/gen_xpm_memory_fifo.inst_fifo/gen_mem_rep[0].inst_xpm_memory/xpm_memory_base_inst/gen_wr_a.gen_word_narrow.mem_reg_0_31_132_137/RAMC/I
                            (rising edge-triggered cell RAMD32 clocked by clk_fpga_1  {rise@0.000ns fall@3.333ns period=6.666ns})
  Path Group:             clk_fpga_1
  Path Type:              Hold (Min at Fast Process Corner)
  Requirement:            0.000ns  (clk_fpga_1 rise@0.000ns - clk_fpga_1 rise@0.000ns)
  Data Path Delay:        0.254ns  (logic 0.141ns (55.507%)  route 0.113ns (44.493%))
  Logic Levels:           0
  Clock Path Skew:        0.037ns (DCD - SCD - CPR)
    Destination Clock Delay (DCD):    1.218ns
    Source Clock Delay      (SCD):    0.917ns
    Clock Pessimism Removal (CPR):    0.264ns

    Location             Delay type                Incr(ns)  Path(ns)    Netlist Resource(s)
  -------------------------------------------------------------------    -------------------
                         (clock clk_fpga_1 rise edge)
                                                      0.000     0.000 r
    PS7_X0Y0             PS7                          0.000     0.000 r  system_i/processing_system7_0/inst/PS7_i/FCLKCLK[1]
                         net (fo=1, routed)           0.303     0.303    system_i/processing_system7_0/inst/FCLK_CLK_unbuffered[1]
    BUFGCTRL_X0Y17       BUFG (Prop_bufg_I_O)         0.026     0.329 r  system_i/processing_system7_0/inst/buffer_fclk_clk_1.FCLK_CLK_1_BUFG/O
                         net (fo=8926, routed)        0.588     0.917    system_i/dma_mem_smartconnect/inst/switchboards/ar_switchboard/inst/gen_mi[0].inst_opipe_payld/aclk
    SLICE_X15Y47         FDRE                                         r  system_i/dma_mem_smartconnect/inst/switchboards/ar_switchboard/inst/gen_mi[0].inst_opipe_payld/gen_pipe[1].pipe_reg[1][136]/C
  -------------------------------------------------------------------    -------------------
    SLICE_X15Y47         FDRE (Prop_fdre_C_Q)         0.141     1.058 r  system_i/dma_mem_smartconnect/inst/switchboards/ar_switchboard/inst/gen_mi[0].inst_opipe_payld/gen_pipe[1].pipe_reg[1][136]/Q
                         net (fo=1, routed)           0.113     1.171    system_i/dma_mem_smartconnect/inst/m00_nodes/m00_ar_node/inst/inst_mi_handler/gen_normal_area.inst_fifo_node_payld/gen_xpm_memory_fifo.inst_fifo/gen_mem_rep[0].inst_xpm_memory/xpm_memory_base_inst/gen_wr_a.gen_word_narrow.mem_reg_0_31_132_137/DIC0
    SLICE_X16Y47         RAMD32                                       r  system_i/dma_mem_smartconnect/inst/m00_nodes/m00_ar_node/inst/inst_mi_handler/gen_normal_area.inst_fifo_node_payld/gen_xpm_memory_fifo.inst_fifo/gen_mem_rep[0].inst_xpm_memory/xpm_memory_base_inst/gen_wr_a.gen_word_narrow.mem_reg_0_31_132_137/RAMC/I
  -------------------------------------------------------------------    -------------------

                         (clock clk_fpga_1 rise edge)
                                                      0.000     0.000 r
    PS7_X0Y0             PS7                          0.000     0.000 r  system_i/processing_system7_0/inst/PS7_i/FCLKCLK[1]
                         net (fo=1, routed)           0.331     0.331    system_i/processing_system7_0/inst/FCLK_CLK_unbuffered[1]
    BUFGCTRL_X0Y17       BUFG (Prop_bufg_I_O)         0.029     0.360 r  system_i/processing_system7_0/inst/buffer_fclk_clk_1.FCLK_CLK_1_BUFG/O
                         net (fo=8926, routed)        0.858     1.218    system_i/dma_mem_smartconnect/inst/m00_nodes/m00_ar_node/inst/inst_mi_handler/gen_normal_area.inst_fifo_node_payld/gen_xpm_memory_fifo.inst_fifo/gen_mem_rep[0].inst_xpm_memory/xpm_memory_base_inst/gen_wr_a.gen_word_narrow.mem_reg_0_31_132_137/WCLK
    SLICE_X16Y47         RAMD32                                       r  system_i/dma_mem_smartconnect/inst/m00_nodes/m00_ar_node/inst/inst_mi_handler/gen_normal_area.inst_fifo_node_payld/gen_xpm_memory_fifo.inst_fifo/gen_mem_rep[0].inst_xpm_memory/xpm_memory_base_inst/gen_wr_a.gen_word_narrow.mem_reg_0_31_132_137/RAMC/CLK
                         clock pessimism             -0.264     0.954
    SLICE_X16Y47         RAMD32 (Hold_ramd32_CLK_I)
                                                      0.144     1.098    system_i/dma_mem_smartconnect/inst/m00_nodes/m00_ar_node/inst/inst_mi_handler/gen_normal_area.inst_fifo_node_payld/gen_xpm_memory_fifo.inst_fifo/gen_mem_rep[0].inst_xpm_memory/xpm_memory_base_inst/gen_wr_a.gen_word_narrow.mem_reg_0_31_132_137/RAMC
  -------------------------------------------------------------------
                         required time                         -1.098
                         arrival time                           1.171
  -------------------------------------------------------------------
                         slack                                  0.073

Slack (MET) :             0.074ns  (arrival time - required time)
  Source:                 system_i/dma_mem_smartconnect/inst/switchboards/w_switchboard/inst/gen_mi[0].inst_opipe_payld/gen_pipe[1].pipe_reg[1][78]/C
                            (rising edge-triggered cell FDRE clocked by clk_fpga_1  {rise@0.000ns fall@3.333ns period=6.666ns})
  Destination:            system_i/dma_mem_smartconnect/inst/m00_nodes/m00_w_node/inst/inst_mi_handler/gen_normal_area.inst_fifo_node_payld/gen_xpm_memory_fifo.inst_fifo/gen_mem_rep[0].inst_xpm_memory/xpm_memory_base_inst/gen_wr_a.gen_word_narrow.mem_reg_0_31_78_83/RAMA/I
                            (rising edge-triggered cell RAMD32 clocked by clk_fpga_1  {rise@0.000ns fall@3.333ns period=6.666ns})
  Path Group:             clk_fpga_1
  Path Type:              Hold (Min at Fast Process Corner)
  Requirement:            0.000ns  (clk_fpga_1 rise@0.000ns - clk_fpga_1 rise@0.000ns)
  Data Path Delay:        0.256ns  (logic 0.141ns (55.003%)  route 0.115ns (44.997%))
  Logic Levels:           0
  Clock Path Skew:        0.035ns (DCD - SCD - CPR)
    Destination Clock Delay (DCD):    1.197ns
    Source Clock Delay      (SCD):    0.898ns
    Clock Pessimism Removal (CPR):    0.264ns

    Location             Delay type                Incr(ns)  Path(ns)    Netlist Resource(s)
  -------------------------------------------------------------------    -------------------
                         (clock clk_fpga_1 rise edge)
                                                      0.000     0.000 r
    PS7_X0Y0             PS7                          0.000     0.000 r  system_i/processing_system7_0/inst/PS7_i/FCLKCLK[1]
                         net (fo=1, routed)           0.303     0.303    system_i/processing_system7_0/inst/FCLK_CLK_unbuffered[1]
    BUFGCTRL_X0Y17       BUFG (Prop_bufg_I_O)         0.026     0.329 r  system_i/processing_system7_0/inst/buffer_fclk_clk_1.FCLK_CLK_1_BUFG/O
                         net (fo=8926, routed)        0.569     0.898    system_i/dma_mem_smartconnect/inst/switchboards/w_switchboard/inst/gen_mi[0].inst_opipe_payld/aclk
    SLICE_X29Y24         FDRE                                         r  system_i/dma_mem_smartconnect/inst/switchboards/w_switchboard/inst/gen_mi[0].inst_opipe_payld/gen_pipe[1].pipe_reg[1][78]/C
  -------------------------------------------------------------------    -------------------
    SLICE_X29Y24         FDRE (Prop_fdre_C_Q)         0.141     1.039 r  system_i/dma_mem_smartconnect/inst/switchboards/w_switchboard/inst/gen_mi[0].inst_opipe_payld/gen_pipe[1].pipe_reg[1][78]/Q
                         net (fo=1, routed)           0.115     1.154    system_i/dma_mem_smartconnect/inst/m00_nodes/m00_w_node/inst/inst_mi_handler/gen_normal_area.inst_fifo_node_payld/gen_xpm_memory_fifo.inst_fifo/gen_mem_rep[0].inst_xpm_memory/xpm_memory_base_inst/gen_wr_a.gen_word_narrow.mem_reg_0_31_78_83/DIA0
    SLICE_X26Y24         RAMD32                                       r  system_i/dma_mem_smartconnect/inst/m00_nodes/m00_w_node/inst/inst_mi_handler/gen_normal_area.inst_fifo_node_payld/gen_xpm_memory_fifo.inst_fifo/gen_mem_rep[0].inst_xpm_memory/xpm_memory_base_inst/gen_wr_a.gen_word_narrow.mem_reg_0_31_78_83/RAMA/I
  -------------------------------------------------------------------    -------------------

                         (clock clk_fpga_1 rise edge)
                                                      0.000     0.000 r
    PS7_X0Y0             PS7                          0.000     0.000 r  system_i/processing_system7_0/inst/PS7_i/FCLKCLK[1]
                         net (fo=1, routed)           0.331     0.331    system_i/processing_system7_0/inst/FCLK_CLK_unbuffered[1]
    BUFGCTRL_X0Y17       BUFG (Prop_bufg_I_O)         0.029     0.360 r  system_i/processing_system7_0/inst/buffer_fclk_clk_1.FCLK_CLK_1_BUFG/O
                         net (fo=8926, routed)        0.837     1.197    system_i/dma_mem_smartconnect/inst/m00_nodes/m00_w_node/inst/inst_mi_handler/gen_normal_area.inst_fifo_node_payld/gen_xpm_memory_fifo.inst_fifo/gen_mem_rep[0].inst_xpm_memory/xpm_memory_base_inst/gen_wr_a.gen_word_narrow.mem_reg_0_31_78_83/WCLK
    SLICE_X26Y24         RAMD32                                       r  system_i/dma_mem_smartconnect/inst/m00_nodes/m00_w_node/inst/inst_mi_handler/gen_normal_area.inst_fifo_node_payld/gen_xpm_memory_fifo.inst_fifo/gen_mem_rep[0].inst_xpm_memory/xpm_memory_base_inst/gen_wr_a.gen_word_narrow.mem_reg_0_31_78_83/RAMA/CLK
                         clock pessimism             -0.264     0.933
    SLICE_X26Y24         RAMD32 (Hold_ramd32_CLK_I)
                                                      0.147     1.079    system_i/dma_mem_smartconnect/inst/m00_nodes/m00_w_node/inst/inst_mi_handler/gen_normal_area.inst_fifo_node_payld/gen_xpm_memory_fifo.inst_fifo/gen_mem_rep[0].inst_xpm_memory/xpm_memory_base_inst/gen_wr_a.gen_word_narrow.mem_reg_0_31_78_83/RAMA
  -------------------------------------------------------------------
                         required time                         -1.080
                         arrival time                           1.154
  -------------------------------------------------------------------
                         slack                                  0.074

Slack (MET) :             0.074ns  (arrival time - required time)
  Source:                 system_i/dma_mem_smartconnect/inst/switchboards/r_switchboard/inst/gen_mi[0].inst_opipe_payld/gen_pipe[1].pipe_reg[1][18]/C
                            (rising edge-triggered cell FDRE clocked by clk_fpga_1  {rise@0.000ns fall@3.333ns period=6.666ns})
  Destination:            system_i/dma_mem_smartconnect/inst/s00_nodes/s00_r_node/inst/inst_mi_handler/gen_normal_area.inst_fifo_node_payld/gen_xpm_memory_fifo.inst_fifo/gen_mem_rep[0].inst_xpm_memory/xpm_memory_base_inst/gen_wr_a.gen_word_narrow.mem_reg_0_31_18_23/RAMA/I
                            (rising edge-triggered cell RAMD32 clocked by clk_fpga_1  {rise@0.000ns fall@3.333ns period=6.666ns})
  Path Group:             clk_fpga_1
  Path Type:              Hold (Min at Fast Process Corner)
  Requirement:            0.000ns  (clk_fpga_1 rise@0.000ns - clk_fpga_1 rise@0.000ns)
  Data Path Delay:        0.261ns  (logic 0.141ns (53.943%)  route 0.120ns (46.057%))
  Logic Levels:           0
  Clock Path Skew:        0.040ns (DCD - SCD - CPR)
    Destination Clock Delay (DCD):    1.210ns
    Source Clock Delay      (SCD):    0.905ns
    Clock Pessimism Removal (CPR):    0.264ns

    Location             Delay type                Incr(ns)  Path(ns)    Netlist Resource(s)
  -------------------------------------------------------------------    -------------------
                         (clock clk_fpga_1 rise edge)
                                                      0.000     0.000 r
    PS7_X0Y0             PS7                          0.000     0.000 r  system_i/processing_system7_0/inst/PS7_i/FCLKCLK[1]
                         net (fo=1, routed)           0.303     0.303    system_i/processing_system7_0/inst/FCLK_CLK_unbuffered[1]
    BUFGCTRL_X0Y17       BUFG (Prop_bufg_I_O)         0.026     0.329 r  system_i/processing_system7_0/inst/buffer_fclk_clk_1.FCLK_CLK_1_BUFG/O
                         net (fo=8926, routed)        0.577     0.906    system_i/dma_mem_smartconnect/inst/switchboards/r_switchboard/inst/gen_mi[0].inst_opipe_payld/aclk
    SLICE_X32Y38         FDRE                                         r  system_i/dma_mem_smartconnect/inst/switchboards/r_switchboard/inst/gen_mi[0].inst_opipe_payld/gen_pipe[1].pipe_reg[1][18]/C
  -------------------------------------------------------------------    -------------------
    SLICE_X32Y38         FDRE (Prop_fdre_C_Q)         0.141     1.047 r  system_i/dma_mem_smartconnect/inst/switchboards/r_switchboard/inst/gen_mi[0].inst_opipe_payld/gen_pipe[1].pipe_reg[1][18]/Q
                         net (fo=1, routed)           0.120     1.167    system_i/dma_mem_smartconnect/inst/s00_nodes/s00_r_node/inst/inst_mi_handler/gen_normal_area.inst_fifo_node_payld/gen_xpm_memory_fifo.inst_fifo/gen_mem_rep[0].inst_xpm_memory/xpm_memory_base_inst/gen_wr_a.gen_word_narrow.mem_reg_0_31_18_23/DIA0
    SLICE_X30Y38         RAMD32                                       r  system_i/dma_mem_smartconnect/inst/s00_nodes/s00_r_node/inst/inst_mi_handler/gen_normal_area.inst_fifo_node_payld/gen_xpm_memory_fifo.inst_fifo/gen_mem_rep[0].inst_xpm_memory/xpm_memory_base_inst/gen_wr_a.gen_word_narrow.mem_reg_0_31_18_23/RAMA/I
  -------------------------------------------------------------------    -------------------

                         (clock clk_fpga_1 rise edge)
                                                      0.000     0.000 r
    PS7_X0Y0             PS7                          0.000     0.000 r  system_i/processing_system7_0/inst/PS7_i/FCLKCLK[1]
                         net (fo=1, routed)           0.331     0.331    system_i/processing_system7_0/inst/FCLK_CLK_unbuffered[1]
    BUFGCTRL_X0Y17       BUFG (Prop_bufg_I_O)         0.029     0.360 r  system_i/processing_system7_0/inst/buffer_fclk_clk_1.FCLK_CLK_1_BUFG/O
                         net (fo=8926, routed)        0.850     1.210    system_i/dma_mem_smartconnect/inst/s00_nodes/s00_r_node/inst/inst_mi_handler/gen_normal_area.inst_fifo_node_payld/gen_xpm_memory_fifo.inst_fifo/gen_mem_rep[0].inst_xpm_memory/xpm_memory_base_inst/gen_wr_a.gen_word_narrow.mem_reg_0_31_18_23/WCLK
    SLICE_X30Y38         RAMD32                                       r  system_i/dma_mem_smartconnect/inst/s00_nodes/s00_r_node/inst/inst_mi_handler/gen_normal_area.inst_fifo_node_payld/gen_xpm_memory_fifo.inst_fifo/gen_mem_rep[0].inst_xpm_memory/xpm_memory_base_inst/gen_wr_a.gen_word_narrow.mem_reg_0_31_18_23/RAMA/CLK
                         clock pessimism             -0.264     0.946
    SLICE_X30Y38         RAMD32 (Hold_ramd32_CLK_I)
                                                      0.147     1.092    system_i/dma_mem_smartconnect/inst/s00_nodes/s00_r_node/inst/inst_mi_handler/gen_normal_area.inst_fifo_node_payld/gen_xpm_memory_fifo.inst_fifo/gen_mem_rep[0].inst_xpm_memory/xpm_memory_base_inst/gen_wr_a.gen_word_narrow.mem_reg_0_31_18_23/RAMA
  -------------------------------------------------------------------
                         required time                         -1.093
                         arrival time                           1.167
  -------------------------------------------------------------------
                         slack                                  0.074

Slack (MET) :             0.075ns  (arrival time - required time)
  Source:                 system_i/dma_mem_smartconnect/inst/switchboards/ar_switchboard/inst/gen_mi[0].inst_opipe_payld/gen_pipe[1].pipe_reg[1][78]/C
                            (rising edge-triggered cell FDRE clocked by clk_fpga_1  {rise@0.000ns fall@3.333ns period=6.666ns})
  Destination:            system_i/dma_mem_smartconnect/inst/m00_nodes/m00_ar_node/inst/inst_mi_handler/gen_normal_area.inst_fifo_node_payld/gen_xpm_memory_fifo.inst_fifo/gen_mem_rep[0].inst_xpm_memory/xpm_memory_base_inst/gen_wr_a.gen_word_narrow.mem_reg_0_31_78_83/RAMA/I
                            (rising edge-triggered cell RAMD32 clocked by clk_fpga_1  {rise@0.000ns fall@3.333ns period=6.666ns})
  Path Group:             clk_fpga_1
  Path Type:              Hold (Min at Fast Process Corner)
  Requirement:            0.000ns  (clk_fpga_1 rise@0.000ns - clk_fpga_1 rise@0.000ns)
  Data Path Delay:        0.239ns  (logic 0.141ns (59.062%)  route 0.098ns (40.938%))
  Logic Levels:           0
  Clock Path Skew:        0.017ns (DCD - SCD - CPR)
    Destination Clock Delay (DCD):    1.218ns
    Source Clock Delay      (SCD):    0.916ns
    Clock Pessimism Removal (CPR):    0.285ns

    Location             Delay type                Incr(ns)  Path(ns)    Netlist Resource(s)
  -------------------------------------------------------------------    -------------------
                         (clock clk_fpga_1 rise edge)
                                                      0.000     0.000 r
    PS7_X0Y0             PS7                          0.000     0.000 r  system_i/processing_system7_0/inst/PS7_i/FCLKCLK[1]
                         net (fo=1, routed)           0.303     0.303    system_i/processing_system7_0/inst/FCLK_CLK_unbuffered[1]
    BUFGCTRL_X0Y17       BUFG (Prop_bufg_I_O)         0.026     0.329 r  system_i/processing_system7_0/inst/buffer_fclk_clk_1.FCLK_CLK_1_BUFG/O
                         net (fo=8926, routed)        0.587     0.916    system_i/dma_mem_smartconnect/inst/switchboards/ar_switchboard/inst/gen_mi[0].inst_opipe_payld/aclk
    SLICE_X17Y46         FDRE                                         r  system_i/dma_mem_smartconnect/inst/switchboards/ar_switchboard/inst/gen_mi[0].inst_opipe_payld/gen_pipe[1].pipe_reg[1][78]/C
  -------------------------------------------------------------------    -------------------
    SLICE_X17Y46         FDRE (Prop_fdre_C_Q)         0.141     1.057 r  system_i/dma_mem_smartconnect/inst/switchboards/ar_switchboard/inst/gen_mi[0].inst_opipe_payld/gen_pipe[1].pipe_reg[1][78]/Q
                         net (fo=1, routed)           0.098     1.154    system_i/dma_mem_smartconnect/inst/m00_nodes/m00_ar_node/inst/inst_mi_handler/gen_normal_area.inst_fifo_node_payld/gen_xpm_memory_fifo.inst_fifo/gen_mem_rep[0].inst_xpm_memory/xpm_memory_base_inst/gen_wr_a.gen_word_narrow.mem_reg_0_31_78_83/DIA0
    SLICE_X18Y47         RAMD32                                       r  system_i/dma_mem_smartconnect/inst/m00_nodes/m00_ar_node/inst/inst_mi_handler/gen_normal_area.inst_fifo_node_payld/gen_xpm_memory_fifo.inst_fifo/gen_mem_rep[0].inst_xpm_memory/xpm_memory_base_inst/gen_wr_a.gen_word_narrow.mem_reg_0_31_78_83/RAMA/I
  -------------------------------------------------------------------    -------------------

                         (clock clk_fpga_1 rise edge)
                                                      0.000     0.000 r
    PS7_X0Y0             PS7                          0.000     0.000 r  system_i/processing_system7_0/inst/PS7_i/FCLKCLK[1]
                         net (fo=1, routed)           0.331     0.331    system_i/processing_system7_0/inst/FCLK_CLK_unbuffered[1]
    BUFGCTRL_X0Y17       BUFG (Prop_bufg_I_O)         0.029     0.360 r  system_i/processing_system7_0/inst/buffer_fclk_clk_1.FCLK_CLK_1_BUFG/O
                         net (fo=8926, routed)        0.858     1.218    system_i/dma_mem_smartconnect/inst/m00_nodes/m00_ar_node/inst/inst_mi_handler/gen_normal_area.inst_fifo_node_payld/gen_xpm_memory_fifo.inst_fifo/gen_mem_rep[0].inst_xpm_memory/xpm_memory_base_inst/gen_wr_a.gen_word_narrow.mem_reg_0_31_78_83/WCLK
    SLICE_X18Y47         RAMD32                                       r  system_i/dma_mem_smartconnect/inst/m00_nodes/m00_ar_node/inst/inst_mi_handler/gen_normal_area.inst_fifo_node_payld/gen_xpm_memory_fifo.inst_fifo/gen_mem_rep[0].inst_xpm_memory/xpm_memory_base_inst/gen_wr_a.gen_word_narrow.mem_reg_0_31_78_83/RAMA/CLK
                         clock pessimism             -0.285     0.933
    SLICE_X18Y47         RAMD32 (Hold_ramd32_CLK_I)
                                                      0.147     1.080    system_i/dma_mem_smartconnect/inst/m00_nodes/m00_ar_node/inst/inst_mi_handler/gen_normal_area.inst_fifo_node_payld/gen_xpm_memory_fifo.inst_fifo/gen_mem_rep[0].inst_xpm_memory/xpm_memory_base_inst/gen_wr_a.gen_word_narrow.mem_reg_0_31_78_83/RAMA
  -------------------------------------------------------------------
                         required time                         -1.080
                         arrival time                           1.154
  -------------------------------------------------------------------
                         slack                                  0.075

Slack (MET) :             0.075ns  (arrival time - required time)
  Source:                 system_i/generator_accelerator_0/inst/gnn_weight_addr_reg[8]_rep__29/C
                            (rising edge-triggered cell FDCE clocked by clk_fpga_0  {rise@0.000ns fall@5.000ns period=10.000ns})
  Destination:            system_i/generator_accelerator_0/inst/u_gnn/gen_weight_bank[1].bank/memory_reg_0_127_10_10/DP.HIGH/WADR0
                            (rising edge-triggered cell RAMD64E clocked by clk_fpga_0  {rise@0.000ns fall@5.000ns period=10.000ns})
  Path Group:             clk_fpga_0
  Path Type:              Hold (Min at Fast Process Corner)
  Requirement:            0.000ns  (clk_fpga_0 rise@0.000ns - clk_fpga_0 rise@0.000ns)
  Data Path Delay:        0.397ns  (logic 0.141ns (35.540%)  route 0.256ns (64.460%))
  Logic Levels:           0
  Clock Path Skew:        0.012ns (DCD - SCD - CPR)
    Destination Clock Delay (DCD):    1.197ns
    Source Clock Delay      (SCD):    0.899ns
    Clock Pessimism Removal (CPR):    0.286ns

    Location             Delay type                Incr(ns)  Path(ns)    Netlist Resource(s)
  -------------------------------------------------------------------    -------------------
                         (clock clk_fpga_0 rise edge)
                                                      0.000     0.000 r
    PS7_X0Y0             PS7                          0.000     0.000 r  system_i/processing_system7_0/inst/PS7_i/FCLKCLK[0]
                         net (fo=1, routed)           0.303     0.303    system_i/processing_system7_0/inst/FCLK_CLK_unbuffered[0]
    BUFGCTRL_X0Y16       BUFG (Prop_bufg_I_O)         0.026     0.329 r  system_i/processing_system7_0/inst/buffer_fclk_clk_0.FCLK_CLK_0_BUFG/O
                         net (fo=20688, routed)       0.570     0.899    system_i/generator_accelerator_0/inst/s_axi_aclk
    SLICE_X25Y26         FDCE                                         r  system_i/generator_accelerator_0/inst/gnn_weight_addr_reg[8]_rep__29/C
  -------------------------------------------------------------------    -------------------
    SLICE_X25Y26         FDCE (Prop_fdce_C_Q)         0.141     1.040 r  system_i/generator_accelerator_0/inst/gnn_weight_addr_reg[8]_rep__29/Q
                         net (fo=192, routed)         0.256     1.295    system_i/generator_accelerator_0/inst/u_gnn/gen_weight_bank[1].bank/memory_reg_0_127_10_10/A0
    SLICE_X26Y25         RAMD64E                                      r  system_i/generator_accelerator_0/inst/u_gnn/gen_weight_bank[1].bank/memory_reg_0_127_10_10/DP.HIGH/WADR0
  -------------------------------------------------------------------    -------------------

                         (clock clk_fpga_0 rise edge)
                                                      0.000     0.000 r
    PS7_X0Y0             PS7                          0.000     0.000 r  system_i/processing_system7_0/inst/PS7_i/FCLKCLK[0]
                         net (fo=1, routed)           0.331     0.331    system_i/processing_system7_0/inst/FCLK_CLK_unbuffered[0]
    BUFGCTRL_X0Y16       BUFG (Prop_bufg_I_O)         0.029     0.360 r  system_i/processing_system7_0/inst/buffer_fclk_clk_0.FCLK_CLK_0_BUFG/O
                         net (fo=20688, routed)       0.837     1.197    system_i/generator_accelerator_0/inst/u_gnn/gen_weight_bank[1].bank/memory_reg_0_127_10_10/WCLK
    SLICE_X26Y25         RAMD64E                                      r  system_i/generator_accelerator_0/inst/u_gnn/gen_weight_bank[1].bank/memory_reg_0_127_10_10/DP.HIGH/CLK
                         clock pessimism             -0.286     0.911
    SLICE_X26Y25         RAMD64E (Hold_ramd64e_CLK_WADR0)
                                                      0.310     1.220    system_i/generator_accelerator_0/inst/u_gnn/gen_weight_bank[1].bank/memory_reg_0_127_10_10/DP.HIGH
  -------------------------------------------------------------------
                         required time                         -1.221
                         arrival time                           1.295
  -------------------------------------------------------------------
                         slack                                  0.075

Slack (MET) :             0.075ns  (arrival time - required time)
  Source:                 system_i/generator_accelerator_0/inst/gnn_weight_addr_reg[8]_rep__29/C
                            (rising edge-triggered cell FDCE clocked by clk_fpga_0  {rise@0.000ns fall@5.000ns period=10.000ns})
  Destination:            system_i/generator_accelerator_0/inst/u_gnn/gen_weight_bank[1].bank/memory_reg_0_127_10_10/DP.LOW/WADR0
                            (rising edge-triggered cell RAMD64E clocked by clk_fpga_0  {rise@0.000ns fall@5.000ns period=10.000ns})
  Path Group:             clk_fpga_0
  Path Type:              Hold (Min at Fast Process Corner)
  Requirement:            0.000ns  (clk_fpga_0 rise@0.000ns - clk_fpga_0 rise@0.000ns)
  Data Path Delay:        0.397ns  (logic 0.141ns (35.540%)  route 0.256ns (64.460%))
  Logic Levels:           0
  Clock Path Skew:        0.012ns (DCD - SCD - CPR)
    Destination Clock Delay (DCD):    1.197ns
    Source Clock Delay      (SCD):    0.899ns
    Clock Pessimism Removal (CPR):    0.286ns

    Location             Delay type                Incr(ns)  Path(ns)    Netlist Resource(s)
  -------------------------------------------------------------------    -------------------
                         (clock clk_fpga_0 rise edge)
                                                      0.000     0.000 r
    PS7_X0Y0             PS7                          0.000     0.000 r  system_i/processing_system7_0/inst/PS7_i/FCLKCLK[0]
                         net (fo=1, routed)           0.303     0.303    system_i/processing_system7_0/inst/FCLK_CLK_unbuffered[0]
    BUFGCTRL_X0Y16       BUFG (Prop_bufg_I_O)         0.026     0.329 r  system_i/processing_system7_0/inst/buffer_fclk_clk_0.FCLK_CLK_0_BUFG/O
                         net (fo=20688, routed)       0.570     0.899    system_i/generator_accelerator_0/inst/s_axi_aclk
    SLICE_X25Y26         FDCE                                         r  system_i/generator_accelerator_0/inst/gnn_weight_addr_reg[8]_rep__29/C
  -------------------------------------------------------------------    -------------------
    SLICE_X25Y26         FDCE (Prop_fdce_C_Q)         0.141     1.040 r  system_i/generator_accelerator_0/inst/gnn_weight_addr_reg[8]_rep__29/Q
                         net (fo=192, routed)         0.256     1.295    system_i/generator_accelerator_0/inst/u_gnn/gen_weight_bank[1].bank/memory_reg_0_127_10_10/A0
    SLICE_X26Y25         RAMD64E                                      r  system_i/generator_accelerator_0/inst/u_gnn/gen_weight_bank[1].bank/memory_reg_0_127_10_10/DP.LOW/WADR0
  -------------------------------------------------------------------    -------------------

                         (clock clk_fpga_0 rise edge)
                                                      0.000     0.000 r
    PS7_X0Y0             PS7                          0.000     0.000 r  system_i/processing_system7_0/inst/PS7_i/FCLKCLK[0]
                         net (fo=1, routed)           0.331     0.331    system_i/processing_system7_0/inst/FCLK_CLK_unbuffered[0]
    BUFGCTRL_X0Y16       BUFG (Prop_bufg_I_O)         0.029     0.360 r  system_i/processing_system7_0/inst/buffer_fclk_clk_0.FCLK_CLK_0_BUFG/O
                         net (fo=20688, routed)       0.837     1.197    system_i/generator_accelerator_0/inst/u_gnn/gen_weight_bank[1].bank/memory_reg_0_127_10_10/WCLK
    SLICE_X26Y25         RAMD64E                                      r  system_i/generator_accelerator_0/inst/u_gnn/gen_weight_bank[1].bank/memory_reg_0_127_10_10/DP.LOW/CLK
                         clock pessimism             -0.286     0.911
    SLICE_X26Y25         RAMD64E (Hold_ramd64e_CLK_WADR0)
                                                      0.310     1.220    system_i/generator_accelerator_0/inst/u_gnn/gen_weight_bank[1].bank/memory_reg_0_127_10_10/DP.LOW
  -------------------------------------------------------------------
                         required time                         -1.221
                         arrival time                           1.295
  -------------------------------------------------------------------
                         slack                                  0.075

Slack (MET) :             0.075ns  (arrival time - required time)
  Source:                 system_i/generator_accelerator_0/inst/gnn_weight_addr_reg[8]_rep__29/C
                            (rising edge-triggered cell FDCE clocked by clk_fpga_0  {rise@0.000ns fall@5.000ns period=10.000ns})
  Destination:            system_i/generator_accelerator_0/inst/u_gnn/gen_weight_bank[1].bank/memory_reg_0_127_10_10/SP.HIGH/WADR0
                            (rising edge-triggered cell RAMD64E clocked by clk_fpga_0  {rise@0.000ns fall@5.000ns period=10.000ns})
  Path Group:             clk_fpga_0
  Path Type:              Hold (Min at Fast Process Corner)
  Requirement:            0.000ns  (clk_fpga_0 rise@0.000ns - clk_fpga_0 rise@0.000ns)
  Data Path Delay:        0.397ns  (logic 0.141ns (35.540%)  route 0.256ns (64.460%))
  Logic Levels:           0
  Clock Path Skew:        0.012ns (DCD - SCD - CPR)
    Destination Clock Delay (DCD):    1.197ns
    Source Clock Delay      (SCD):    0.899ns
    Clock Pessimism Removal (CPR):    0.286ns

    Location             Delay type                Incr(ns)  Path(ns)    Netlist Resource(s)
  -------------------------------------------------------------------    -------------------
                         (clock clk_fpga_0 rise edge)
                                                      0.000     0.000 r
    PS7_X0Y0             PS7                          0.000     0.000 r  system_i/processing_system7_0/inst/PS7_i/FCLKCLK[0]
                         net (fo=1, routed)           0.303     0.303    system_i/processing_system7_0/inst/FCLK_CLK_unbuffered[0]
    BUFGCTRL_X0Y16       BUFG (Prop_bufg_I_O)         0.026     0.329 r  system_i/processing_system7_0/inst/buffer_fclk_clk_0.FCLK_CLK_0_BUFG/O
                         net (fo=20688, routed)       0.570     0.899    system_i/generator_accelerator_0/inst/s_axi_aclk
    SLICE_X25Y26         FDCE                                         r  system_i/generator_accelerator_0/inst/gnn_weight_addr_reg[8]_rep__29/C
  -------------------------------------------------------------------    -------------------
    SLICE_X25Y26         FDCE (Prop_fdce_C_Q)         0.141     1.040 r  system_i/generator_accelerator_0/inst/gnn_weight_addr_reg[8]_rep__29/Q
                         net (fo=192, routed)         0.256     1.295    system_i/generator_accelerator_0/inst/u_gnn/gen_weight_bank[1].bank/memory_reg_0_127_10_10/A0
    SLICE_X26Y25         RAMD64E                                      r  system_i/generator_accelerator_0/inst/u_gnn/gen_weight_bank[1].bank/memory_reg_0_127_10_10/SP.HIGH/WADR0
  -------------------------------------------------------------------    -------------------

                         (clock clk_fpga_0 rise edge)
                                                      0.000     0.000 r
    PS7_X0Y0             PS7                          0.000     0.000 r  system_i/processing_system7_0/inst/PS7_i/FCLKCLK[0]
                         net (fo=1, routed)           0.331     0.331    system_i/processing_system7_0/inst/FCLK_CLK_unbuffered[0]
    BUFGCTRL_X0Y16       BUFG (Prop_bufg_I_O)         0.029     0.360 r  system_i/processing_system7_0/inst/buffer_fclk_clk_0.FCLK_CLK_0_BUFG/O
                         net (fo=20688, routed)       0.837     1.197    system_i/generator_accelerator_0/inst/u_gnn/gen_weight_bank[1].bank/memory_reg_0_127_10_10/WCLK
    SLICE_X26Y25         RAMD64E                                      r  system_i/generator_accelerator_0/inst/u_gnn/gen_weight_bank[1].bank/memory_reg_0_127_10_10/SP.HIGH/CLK
                         clock pessimism             -0.286     0.911
    SLICE_X26Y25         RAMD64E (Hold_ramd64e_CLK_WADR0)
                                                      0.310     1.220    system_i/generator_accelerator_0/inst/u_gnn/gen_weight_bank[1].bank/memory_reg_0_127_10_10/SP.HIGH
  -------------------------------------------------------------------
                         required time                         -1.221
                         arrival time                           1.295
  -------------------------------------------------------------------
                         slack                                  0.075

Slack (MET) :             0.075ns  (arrival time - required time)
  Source:                 system_i/generator_accelerator_0/inst/gnn_weight_addr_reg[8]_rep__29/C
                            (rising edge-triggered cell FDCE clocked by clk_fpga_0  {rise@0.000ns fall@5.000ns period=10.000ns})
  Destination:            system_i/generator_accelerator_0/inst/u_gnn/gen_weight_bank[1].bank/memory_reg_0_127_10_10/SP.LOW/WADR0
                            (rising edge-triggered cell RAMD64E clocked by clk_fpga_0  {rise@0.000ns fall@5.000ns period=10.000ns})
  Path Group:             clk_fpga_0
  Path Type:              Hold (Min at Fast Process Corner)
  Requirement:            0.000ns  (clk_fpga_0 rise@0.000ns - clk_fpga_0 rise@0.000ns)
  Data Path Delay:        0.397ns  (logic 0.141ns (35.540%)  route 0.256ns (64.460%))
  Logic Levels:           0
  Clock Path Skew:        0.012ns (DCD - SCD - CPR)
    Destination Clock Delay (DCD):    1.197ns
    Source Clock Delay      (SCD):    0.899ns
    Clock Pessimism Removal (CPR):    0.286ns

    Location             Delay type                Incr(ns)  Path(ns)    Netlist Resource(s)
  -------------------------------------------------------------------    -------------------
                         (clock clk_fpga_0 rise edge)
                                                      0.000     0.000 r
    PS7_X0Y0             PS7                          0.000     0.000 r  system_i/processing_system7_0/inst/PS7_i/FCLKCLK[0]
                         net (fo=1, routed)           0.303     0.303    system_i/processing_system7_0/inst/FCLK_CLK_unbuffered[0]
    BUFGCTRL_X0Y16       BUFG (Prop_bufg_I_O)         0.026     0.329 r  system_i/processing_system7_0/inst/buffer_fclk_clk_0.FCLK_CLK_0_BUFG/O
                         net (fo=20688, routed)       0.570     0.899    system_i/generator_accelerator_0/inst/s_axi_aclk
    SLICE_X25Y26         FDCE                                         r  system_i/generator_accelerator_0/inst/gnn_weight_addr_reg[8]_rep__29/C
  -------------------------------------------------------------------    -------------------
    SLICE_X25Y26         FDCE (Prop_fdce_C_Q)         0.141     1.040 r  system_i/generator_accelerator_0/inst/gnn_weight_addr_reg[8]_rep__29/Q
                         net (fo=192, routed)         0.256     1.295    system_i/generator_accelerator_0/inst/u_gnn/gen_weight_bank[1].bank/memory_reg_0_127_10_10/A0
    SLICE_X26Y25         RAMD64E                                      r  system_i/generator_accelerator_0/inst/u_gnn/gen_weight_bank[1].bank/memory_reg_0_127_10_10/SP.LOW/WADR0
  -------------------------------------------------------------------    -------------------

                         (clock clk_fpga_0 rise edge)
                                                      0.000     0.000 r
    PS7_X0Y0             PS7                          0.000     0.000 r  system_i/processing_system7_0/inst/PS7_i/FCLKCLK[0]
                         net (fo=1, routed)           0.331     0.331    system_i/processing_system7_0/inst/FCLK_CLK_unbuffered[0]
    BUFGCTRL_X0Y16       BUFG (Prop_bufg_I_O)         0.029     0.360 r  system_i/processing_system7_0/inst/buffer_fclk_clk_0.FCLK_CLK_0_BUFG/O
                         net (fo=20688, routed)       0.837     1.197    system_i/generator_accelerator_0/inst/u_gnn/gen_weight_bank[1].bank/memory_reg_0_127_10_10/WCLK
    SLICE_X26Y25         RAMD64E                                      r  system_i/generator_accelerator_0/inst/u_gnn/gen_weight_bank[1].bank/memory_reg_0_127_10_10/SP.LOW/CLK
                         clock pessimism             -0.286     0.911
    SLICE_X26Y25         RAMD64E (Hold_ramd64e_CLK_WADR0)
                                                      0.310     1.220    system_i/generator_accelerator_0/inst/u_gnn/gen_weight_bank[1].bank/memory_reg_0_127_10_10/SP.LOW
  -------------------------------------------------------------------
                         required time                         -1.221
                         arrival time                           1.295
  -------------------------------------------------------------------
                         slack                                  0.075

Slack (MET) :             0.075ns  (arrival time - required time)
  Source:                 system_i/generator_accelerator_0/inst/admet_cfg_addr_reg[0]_rep__0/C
                            (rising edge-triggered cell FDCE clocked by clk_fpga_0  {rise@0.000ns fall@5.000ns period=10.000ns})
  Destination:            system_i/generator_accelerator_0/inst/u_admet/gen_model[1].u_fc_network/hidden_weights_reg_r1_64_127_6_8/RAMA/WADR0
                            (rising edge-triggered cell RAMD64E clocked by clk_fpga_0  {rise@0.000ns fall@5.000ns period=10.000ns})
  Path Group:             clk_fpga_0
  Path Type:              Hold (Min at Fast Process Corner)
  Requirement:            0.000ns  (clk_fpga_0 rise@0.000ns - clk_fpga_0 rise@0.000ns)
  Data Path Delay:        0.423ns  (logic 0.141ns (33.297%)  route 0.282ns (66.703%))
  Logic Levels:           0
  Clock Path Skew:        0.038ns (DCD - SCD - CPR)
    Destination Clock Delay (DCD):    1.214ns
    Source Clock Delay      (SCD):    0.911ns
    Clock Pessimism Removal (CPR):    0.265ns

    Location             Delay type                Incr(ns)  Path(ns)    Netlist Resource(s)
  -------------------------------------------------------------------    -------------------
                         (clock clk_fpga_0 rise edge)
                                                      0.000     0.000 r
    PS7_X0Y0             PS7                          0.000     0.000 r  system_i/processing_system7_0/inst/PS7_i/FCLKCLK[0]
                         net (fo=1, routed)           0.303     0.303    system_i/processing_system7_0/inst/FCLK_CLK_unbuffered[0]
    BUFGCTRL_X0Y16       BUFG (Prop_bufg_I_O)         0.026     0.329 r  system_i/processing_system7_0/inst/buffer_fclk_clk_0.FCLK_CLK_0_BUFG/O
                         net (fo=20688, routed)       0.582     0.911    system_i/generator_accelerator_0/inst/s_axi_aclk
    SLICE_X80Y96         FDCE                                         r  system_i/generator_accelerator_0/inst/admet_cfg_addr_reg[0]_rep__0/C
  -------------------------------------------------------------------    -------------------
    SLICE_X80Y96         FDCE (Prop_fdce_C_Q)         0.141     1.052 r  system_i/generator_accelerator_0/inst/admet_cfg_addr_reg[0]_rep__0/Q
                         net (fo=544, routed)         0.282     1.334    system_i/generator_accelerator_0/inst/u_admet/gen_model[1].u_fc_network/hidden_weights_reg_r1_64_127_6_8/ADDRD0
    SLICE_X78Y97         RAMD64E                                      r  system_i/generator_accelerator_0/inst/u_admet/gen_model[1].u_fc_network/hidden_weights_reg_r1_64_127_6_8/RAMA/WADR0
  -------------------------------------------------------------------    -------------------

                         (clock clk_fpga_0 rise edge)
                                                      0.000     0.000 r
    PS7_X0Y0             PS7                          0.000     0.000 r  system_i/processing_system7_0/inst/PS7_i/FCLKCLK[0]
                         net (fo=1, routed)           0.331     0.331    system_i/processing_system7_0/inst/FCLK_CLK_unbuffered[0]
    BUFGCTRL_X0Y16       BUFG (Prop_bufg_I_O)         0.029     0.360 r  system_i/processing_system7_0/inst/buffer_fclk_clk_0.FCLK_CLK_0_BUFG/O
                         net (fo=20688, routed)       0.854     1.214    system_i/generator_accelerator_0/inst/u_admet/gen_model[1].u_fc_network/hidden_weights_reg_r1_64_127_6_8/WCLK
    SLICE_X78Y97         RAMD64E                                      r  system_i/generator_accelerator_0/inst/u_admet/gen_model[1].u_fc_network/hidden_weights_reg_r1_64_127_6_8/RAMA/CLK
                         clock pessimism             -0.265     0.949
    SLICE_X78Y97         RAMD64E (Hold_ramd64e_CLK_WADR0)
                                                      0.310     1.259    system_i/generator_accelerator_0/inst/u_admet/gen_model[1].u_fc_network/hidden_weights_reg_r1_64_127_6_8/RAMA
  -------------------------------------------------------------------
                         required time                         -1.259
                         arrival time                           1.334
  -------------------------------------------------------------------
                         slack                                  0.075

Slack (MET) :             0.075ns  (arrival time - required time)
  Source:                 system_i/generator_accelerator_0/inst/admet_cfg_addr_reg[0]_rep__0/C
                            (rising edge-triggered cell FDCE clocked by clk_fpga_0  {rise@0.000ns fall@5.000ns period=10.000ns})
  Destination:            system_i/generator_accelerator_0/inst/u_admet/gen_model[1].u_fc_network/hidden_weights_reg_r1_64_127_6_8/RAMB/WADR0
                            (rising edge-triggered cell RAMD64E clocked by clk_fpga_0  {rise@0.000ns fall@5.000ns period=10.000ns})
  Path Group:             clk_fpga_0
  Path Type:              Hold (Min at Fast Process Corner)
  Requirement:            0.000ns  (clk_fpga_0 rise@0.000ns - clk_fpga_0 rise@0.000ns)
  Data Path Delay:        0.423ns  (logic 0.141ns (33.297%)  route 0.282ns (66.703%))
  Logic Levels:           0
  Clock Path Skew:        0.038ns (DCD - SCD - CPR)
    Destination Clock Delay (DCD):    1.214ns
    Source Clock Delay      (SCD):    0.911ns
    Clock Pessimism Removal (CPR):    0.265ns

    Location             Delay type                Incr(ns)  Path(ns)    Netlist Resource(s)
  -------------------------------------------------------------------    -------------------
                         (clock clk_fpga_0 rise edge)
                                                      0.000     0.000 r
    PS7_X0Y0             PS7                          0.000     0.000 r  system_i/processing_system7_0/inst/PS7_i/FCLKCLK[0]
                         net (fo=1, routed)           0.303     0.303    system_i/processing_system7_0/inst/FCLK_CLK_unbuffered[0]
    BUFGCTRL_X0Y16       BUFG (Prop_bufg_I_O)         0.026     0.329 r  system_i/processing_system7_0/inst/buffer_fclk_clk_0.FCLK_CLK_0_BUFG/O
                         net (fo=20688, routed)       0.582     0.911    system_i/generator_accelerator_0/inst/s_axi_aclk
    SLICE_X80Y96         FDCE                                         r  system_i/generator_accelerator_0/inst/admet_cfg_addr_reg[0]_rep__0/C
  -------------------------------------------------------------------    -------------------
    SLICE_X80Y96         FDCE (Prop_fdce_C_Q)         0.141     1.052 r  system_i/generator_accelerator_0/inst/admet_cfg_addr_reg[0]_rep__0/Q
                         net (fo=544, routed)         0.282     1.334    system_i/generator_accelerator_0/inst/u_admet/gen_model[1].u_fc_network/hidden_weights_reg_r1_64_127_6_8/ADDRD0
    SLICE_X78Y97         RAMD64E                                      r  system_i/generator_accelerator_0/inst/u_admet/gen_model[1].u_fc_network/hidden_weights_reg_r1_64_127_6_8/RAMB/WADR0
  -------------------------------------------------------------------    -------------------

                         (clock clk_fpga_0 rise edge)
                                                      0.000     0.000 r
    PS7_X0Y0             PS7                          0.000     0.000 r  system_i/processing_system7_0/inst/PS7_i/FCLKCLK[0]
                         net (fo=1, routed)           0.331     0.331    system_i/processing_system7_0/inst/FCLK_CLK_unbuffered[0]
    BUFGCTRL_X0Y16       BUFG (Prop_bufg_I_O)         0.029     0.360 r  system_i/processing_system7_0/inst/buffer_fclk_clk_0.FCLK_CLK_0_BUFG/O
                         net (fo=20688, routed)       0.854     1.214    system_i/generator_accelerator_0/inst/u_admet/gen_model[1].u_fc_network/hidden_weights_reg_r1_64_127_6_8/WCLK
    SLICE_X78Y97         RAMD64E                                      r  system_i/generator_accelerator_0/inst/u_admet/gen_model[1].u_fc_network/hidden_weights_reg_r1_64_127_6_8/RAMB/CLK
                         clock pessimism             -0.265     0.949
    SLICE_X78Y97         RAMD64E (Hold_ramd64e_CLK_WADR0)
                                                      0.310     1.259    system_i/generator_accelerator_0/inst/u_admet/gen_model[1].u_fc_network/hidden_weights_reg_r1_64_127_6_8/RAMB
  -------------------------------------------------------------------
                         required time                         -1.259
                         arrival time                           1.334
  -------------------------------------------------------------------
                         slack                                  0.075

Slack (MET) :             0.075ns  (arrival time - required time)
  Source:                 system_i/generator_accelerator_0/inst/admet_cfg_addr_reg[0]_rep__0/C
                            (rising edge-triggered cell FDCE clocked by clk_fpga_0  {rise@0.000ns fall@5.000ns period=10.000ns})
  Destination:            system_i/generator_accelerator_0/inst/u_admet/gen_model[1].u_fc_network/hidden_weights_reg_r1_64_127_6_8/RAMC/WADR0
                            (rising edge-triggered cell RAMD64E clocked by clk_fpga_0  {rise@0.000ns fall@5.000ns period=10.000ns})
  Path Group:             clk_fpga_0
  Path Type:              Hold (Min at Fast Process Corner)
  Requirement:            0.000ns  (clk_fpga_0 rise@0.000ns - clk_fpga_0 rise@0.000ns)
  Data Path Delay:        0.423ns  (logic 0.141ns (33.297%)  route 0.282ns (66.703%))
  Logic Levels:           0
  Clock Path Skew:        0.038ns (DCD - SCD - CPR)
    Destination Clock Delay (DCD):    1.214ns
    Source Clock Delay      (SCD):    0.911ns
    Clock Pessimism Removal (CPR):    0.265ns

    Location             Delay type                Incr(ns)  Path(ns)    Netlist Resource(s)
  -------------------------------------------------------------------    -------------------
                         (clock clk_fpga_0 rise edge)
                                                      0.000     0.000 r
    PS7_X0Y0             PS7                          0.000     0.000 r  system_i/processing_system7_0/inst/PS7_i/FCLKCLK[0]
                         net (fo=1, routed)           0.303     0.303    system_i/processing_system7_0/inst/FCLK_CLK_unbuffered[0]
    BUFGCTRL_X0Y16       BUFG (Prop_bufg_I_O)         0.026     0.329 r  system_i/processing_system7_0/inst/buffer_fclk_clk_0.FCLK_CLK_0_BUFG/O
                         net (fo=20688, routed)       0.582     0.911    system_i/generator_accelerator_0/inst/s_axi_aclk
    SLICE_X80Y96         FDCE                                         r  system_i/generator_accelerator_0/inst/admet_cfg_addr_reg[0]_rep__0/C
  -------------------------------------------------------------------    -------------------
    SLICE_X80Y96         FDCE (Prop_fdce_C_Q)         0.141     1.052 r  system_i/generator_accelerator_0/inst/admet_cfg_addr_reg[0]_rep__0/Q
                         net (fo=544, routed)         0.282     1.334    system_i/generator_accelerator_0/inst/u_admet/gen_model[1].u_fc_network/hidden_weights_reg_r1_64_127_6_8/ADDRD0
    SLICE_X78Y97         RAMD64E                                      r  system_i/generator_accelerator_0/inst/u_admet/gen_model[1].u_fc_network/hidden_weights_reg_r1_64_127_6_8/RAMC/WADR0
  -------------------------------------------------------------------    -------------------

                         (clock clk_fpga_0 rise edge)
                                                      0.000     0.000 r
    PS7_X0Y0             PS7                          0.000     0.000 r  system_i/processing_system7_0/inst/PS7_i/FCLKCLK[0]
                         net (fo=1, routed)           0.331     0.331    system_i/processing_system7_0/inst/FCLK_CLK_unbuffered[0]
    BUFGCTRL_X0Y16       BUFG (Prop_bufg_I_O)         0.029     0.360 r  system_i/processing_system7_0/inst/buffer_fclk_clk_0.FCLK_CLK_0_BUFG/O
                         net (fo=20688, routed)       0.854     1.214    system_i/generator_accelerator_0/inst/u_admet/gen_model[1].u_fc_network/hidden_weights_reg_r1_64_127_6_8/WCLK
    SLICE_X78Y97         RAMD64E                                      r  system_i/generator_accelerator_0/inst/u_admet/gen_model[1].u_fc_network/hidden_weights_reg_r1_64_127_6_8/RAMC/CLK
                         clock pessimism             -0.265     0.949
    SLICE_X78Y97         RAMD64E (Hold_ramd64e_CLK_WADR0)
                                                      0.310     1.259    system_i/generator_accelerator_0/inst/u_admet/gen_model[1].u_fc_network/hidden_weights_reg_r1_64_127_6_8/RAMC
  -------------------------------------------------------------------
                         required time                         -1.259
                         arrival time                           1.334
  -------------------------------------------------------------------
                         slack                                  0.075

Slack (MET) :             0.075ns  (arrival time - required time)
  Source:                 system_i/generator_accelerator_0/inst/admet_cfg_addr_reg[0]_rep__0/C
                            (rising edge-triggered cell FDCE clocked by clk_fpga_0  {rise@0.000ns fall@5.000ns period=10.000ns})
  Destination:            system_i/generator_accelerator_0/inst/u_admet/gen_model[1].u_fc_network/hidden_weights_reg_r1_64_127_6_8/RAMD/WADR0
                            (rising edge-triggered cell RAMD64E clocked by clk_fpga_0  {rise@0.000ns fall@5.000ns period=10.000ns})
  Path Group:             clk_fpga_0
  Path Type:              Hold (Min at Fast Process Corner)
  Requirement:            0.000ns  (clk_fpga_0 rise@0.000ns - clk_fpga_0 rise@0.000ns)
  Data Path Delay:        0.423ns  (logic 0.141ns (33.297%)  route 0.282ns (66.703%))
  Logic Levels:           0
  Clock Path Skew:        0.038ns (DCD - SCD - CPR)
    Destination Clock Delay (DCD):    1.214ns
    Source Clock Delay      (SCD):    0.911ns
    Clock Pessimism Removal (CPR):    0.265ns

    Location             Delay type                Incr(ns)  Path(ns)    Netlist Resource(s)
  -------------------------------------------------------------------    -------------------
                         (clock clk_fpga_0 rise edge)
                                                      0.000     0.000 r
    PS7_X0Y0             PS7                          0.000     0.000 r  system_i/processing_system7_0/inst/PS7_i/FCLKCLK[0]
                         net (fo=1, routed)           0.303     0.303    system_i/processing_system7_0/inst/FCLK_CLK_unbuffered[0]
    BUFGCTRL_X0Y16       BUFG (Prop_bufg_I_O)         0.026     0.329 r  system_i/processing_system7_0/inst/buffer_fclk_clk_0.FCLK_CLK_0_BUFG/O
                         net (fo=20688, routed)       0.582     0.911    system_i/generator_accelerator_0/inst/s_axi_aclk
    SLICE_X80Y96         FDCE                                         r  system_i/generator_accelerator_0/inst/admet_cfg_addr_reg[0]_rep__0/C
  -------------------------------------------------------------------    -------------------
    SLICE_X80Y96         FDCE (Prop_fdce_C_Q)         0.141     1.052 r  system_i/generator_accelerator_0/inst/admet_cfg_addr_reg[0]_rep__0/Q
                         net (fo=544, routed)         0.282     1.334    system_i/generator_accelerator_0/inst/u_admet/gen_model[1].u_fc_network/hidden_weights_reg_r1_64_127_6_8/ADDRD0
    SLICE_X78Y97         RAMD64E                                      r  system_i/generator_accelerator_0/inst/u_admet/gen_model[1].u_fc_network/hidden_weights_reg_r1_64_127_6_8/RAMD/WADR0
  -------------------------------------------------------------------    -------------------

                         (clock clk_fpga_0 rise edge)
                                                      0.000     0.000 r
    PS7_X0Y0             PS7                          0.000     0.000 r  system_i/processing_system7_0/inst/PS7_i/FCLKCLK[0]
                         net (fo=1, routed)           0.331     0.331    system_i/processing_system7_0/inst/FCLK_CLK_unbuffered[0]
    BUFGCTRL_X0Y16       BUFG (Prop_bufg_I_O)         0.029     0.360 r  system_i/processing_system7_0/inst/buffer_fclk_clk_0.FCLK_CLK_0_BUFG/O
                         net (fo=20688, routed)       0.854     1.214    system_i/generator_accelerator_0/inst/u_admet/gen_model[1].u_fc_network/hidden_weights_reg_r1_64_127_6_8/WCLK
    SLICE_X78Y97         RAMD64E                                      r  system_i/generator_accelerator_0/inst/u_admet/gen_model[1].u_fc_network/hidden_weights_reg_r1_64_127_6_8/RAMD/CLK
                         clock pessimism             -0.265     0.949
    SLICE_X78Y97         RAMD64E (Hold_ramd64e_CLK_WADR0)
                                                      0.310     1.259    system_i/generator_accelerator_0/inst/u_admet/gen_model[1].u_fc_network/hidden_weights_reg_r1_64_127_6_8/RAMD
  -------------------------------------------------------------------
                         required time                         -1.259
                         arrival time                           1.334
  -------------------------------------------------------------------
                         slack                                  0.075

Slack (MET) :             0.076ns  (arrival time - required time)
  Source:                 system_i/dma_mem_smartconnect/inst/switchboards/r_switchboard/inst/gen_mi[0].inst_opipe_payld/gen_pipe[1].pipe_reg[1][66]/C
                            (rising edge-triggered cell FDRE clocked by clk_fpga_1  {rise@0.000ns fall@3.333ns period=6.666ns})
  Destination:            system_i/dma_mem_smartconnect/inst/s00_nodes/s00_r_node/inst/inst_mi_handler/gen_normal_area.inst_fifo_node_payld/gen_xpm_memory_fifo.inst_fifo/gen_mem_rep[0].inst_xpm_memory/xpm_memory_base_inst/gen_wr_a.gen_word_narrow.mem_reg_0_31_66_71/RAMA/I
                            (rising edge-triggered cell RAMD32 clocked by clk_fpga_1  {rise@0.000ns fall@3.333ns period=6.666ns})
  Path Group:             clk_fpga_1
  Path Type:              Hold (Min at Fast Process Corner)
  Requirement:            0.000ns  (clk_fpga_1 rise@0.000ns - clk_fpga_1 rise@0.000ns)
  Data Path Delay:        0.262ns  (logic 0.141ns (53.821%)  route 0.121ns (46.179%))
  Logic Levels:           0
  Clock Path Skew:        0.039ns (DCD - SCD - CPR)
    Destination Clock Delay (DCD):    1.210ns
    Source Clock Delay      (SCD):    0.907ns
    Clock Pessimism Removal (CPR):    0.264ns

    Location             Delay type                Incr(ns)  Path(ns)    Netlist Resource(s)
  -------------------------------------------------------------------    -------------------
                         (clock clk_fpga_1 rise edge)
                                                      0.000     0.000 r
    PS7_X0Y0             PS7                          0.000     0.000 r  system_i/processing_system7_0/inst/PS7_i/FCLKCLK[1]
                         net (fo=1, routed)           0.303     0.303    system_i/processing_system7_0/inst/FCLK_CLK_unbuffered[1]
    BUFGCTRL_X0Y17       BUFG (Prop_bufg_I_O)         0.026     0.329 r  system_i/processing_system7_0/inst/buffer_fclk_clk_1.FCLK_CLK_1_BUFG/O
                         net (fo=8926, routed)        0.578     0.907    system_i/dma_mem_smartconnect/inst/switchboards/r_switchboard/inst/gen_mi[0].inst_opipe_payld/aclk
    SLICE_X40Y47         FDRE                                         r  system_i/dma_mem_smartconnect/inst/switchboards/r_switchboard/inst/gen_mi[0].inst_opipe_payld/gen_pipe[1].pipe_reg[1][66]/C
  -------------------------------------------------------------------    -------------------
    SLICE_X40Y47         FDRE (Prop_fdre_C_Q)         0.141     1.048 r  system_i/dma_mem_smartconnect/inst/switchboards/r_switchboard/inst/gen_mi[0].inst_opipe_payld/gen_pipe[1].pipe_reg[1][66]/Q
                         net (fo=1, routed)           0.121     1.168    system_i/dma_mem_smartconnect/inst/s00_nodes/s00_r_node/inst/inst_mi_handler/gen_normal_area.inst_fifo_node_payld/gen_xpm_memory_fifo.inst_fifo/gen_mem_rep[0].inst_xpm_memory/xpm_memory_base_inst/gen_wr_a.gen_word_narrow.mem_reg_0_31_66_71/DIA0
    SLICE_X38Y48         RAMD32                                       r  system_i/dma_mem_smartconnect/inst/s00_nodes/s00_r_node/inst/inst_mi_handler/gen_normal_area.inst_fifo_node_payld/gen_xpm_memory_fifo.inst_fifo/gen_mem_rep[0].inst_xpm_memory/xpm_memory_base_inst/gen_wr_a.gen_word_narrow.mem_reg_0_31_66_71/RAMA/I
  -------------------------------------------------------------------    -------------------

                         (clock clk_fpga_1 rise edge)
                                                      0.000     0.000 r
    PS7_X0Y0             PS7                          0.000     0.000 r  system_i/processing_system7_0/inst/PS7_i/FCLKCLK[1]
                         net (fo=1, routed)           0.331     0.331    system_i/processing_system7_0/inst/FCLK_CLK_unbuffered[1]
    BUFGCTRL_X0Y17       BUFG (Prop_bufg_I_O)         0.029     0.360 r  system_i/processing_system7_0/inst/buffer_fclk_clk_1.FCLK_CLK_1_BUFG/O
                         net (fo=8926, routed)        0.850     1.210    system_i/dma_mem_smartconnect/inst/s00_nodes/s00_r_node/inst/inst_mi_handler/gen_normal_area.inst_fifo_node_payld/gen_xpm_memory_fifo.inst_fifo/gen_mem_rep[0].inst_xpm_memory/xpm_memory_base_inst/gen_wr_a.gen_word_narrow.mem_reg_0_31_66_71/WCLK
    SLICE_X38Y48         RAMD32                                       r  system_i/dma_mem_smartconnect/inst/s00_nodes/s00_r_node/inst/inst_mi_handler/gen_normal_area.inst_fifo_node_payld/gen_xpm_memory_fifo.inst_fifo/gen_mem_rep[0].inst_xpm_memory/xpm_memory_base_inst/gen_wr_a.gen_word_narrow.mem_reg_0_31_66_71/RAMA/CLK
                         clock pessimism             -0.264     0.946
    SLICE_X38Y48         RAMD32 (Hold_ramd32_CLK_I)
                                                      0.147     1.092    system_i/dma_mem_smartconnect/inst/s00_nodes/s00_r_node/inst/inst_mi_handler/gen_normal_area.inst_fifo_node_payld/gen_xpm_memory_fifo.inst_fifo/gen_mem_rep[0].inst_xpm_memory/xpm_memory_base_inst/gen_wr_a.gen_word_narrow.mem_reg_0_31_66_71/RAMA
  -------------------------------------------------------------------
                         required time                         -1.092
                         arrival time                           1.168
  -------------------------------------------------------------------
                         slack                                  0.076

Slack (MET) :             0.077ns  (arrival time - required time)
  Source:                 system_i/dma_mem_smartconnect/inst/m00_exit_pipeline/m00_exit/inst/r_reg/skid_buffer_reg[1101]/C
                            (rising edge-triggered cell FDRE clocked by clk_fpga_1  {rise@0.000ns fall@3.333ns period=6.666ns})
  Destination:            system_i/dma_mem_smartconnect/inst/m00_exit_pipeline/m00_exit/inst/r_reg/m_vector_i_reg[1101]/D
                            (rising edge-triggered cell FDRE clocked by clk_fpga_1  {rise@0.000ns fall@3.333ns period=6.666ns})
  Path Group:             clk_fpga_1
  Path Type:              Hold (Min at Fast Process Corner)
  Requirement:            0.000ns  (clk_fpga_1 rise@0.000ns - clk_fpga_1 rise@0.000ns)
  Data Path Delay:        0.474ns  (logic 0.224ns (47.245%)  route 0.250ns (52.755%))
  Logic Levels:           1  (LUT3=1)
  Clock Path Skew:        0.290ns (DCD - SCD - CPR)
    Destination Clock Delay (DCD):    1.211ns
    Source Clock Delay      (SCD):    0.890ns
    Clock Pessimism Removal (CPR):    0.031ns

    Location             Delay type                Incr(ns)  Path(ns)    Netlist Resource(s)
  -------------------------------------------------------------------    -------------------
                         (clock clk_fpga_1 rise edge)
                                                      0.000     0.000 r
    PS7_X0Y0             PS7                          0.000     0.000 r  system_i/processing_system7_0/inst/PS7_i/FCLKCLK[1]
                         net (fo=1, routed)           0.303     0.303    system_i/processing_system7_0/inst/FCLK_CLK_unbuffered[1]
    BUFGCTRL_X0Y17       BUFG (Prop_bufg_I_O)         0.026     0.329 r  system_i/processing_system7_0/inst/buffer_fclk_clk_1.FCLK_CLK_1_BUFG/O
                         net (fo=8926, routed)        0.561     0.890    system_i/dma_mem_smartconnect/inst/m00_exit_pipeline/m00_exit/inst/r_reg/aclk
    SLICE_X35Y50         FDRE                                         r  system_i/dma_mem_smartconnect/inst/m00_exit_pipeline/m00_exit/inst/r_reg/skid_buffer_reg[1101]/C
  -------------------------------------------------------------------    -------------------
    SLICE_X35Y50         FDRE (Prop_fdre_C_Q)         0.128     1.018 r  system_i/dma_mem_smartconnect/inst/m00_exit_pipeline/m00_exit/inst/r_reg/skid_buffer_reg[1101]/Q
                         net (fo=1, routed)           0.250     1.268    system_i/dma_mem_smartconnect/inst/m00_exit_pipeline/m00_exit/inst/r_reg/skid_buffer_reg_n_0_[1101]
    SLICE_X35Y49         LUT3 (Prop_lut3_I0_O)        0.096     1.364 r  system_i/dma_mem_smartconnect/inst/m00_exit_pipeline/m00_exit/inst/r_reg/m_vector_i[1101]_i_1/O
                         net (fo=1, routed)           0.000     1.364    system_i/dma_mem_smartconnect/inst/m00_exit_pipeline/m00_exit/inst/r_reg/m_vector_i[1101]_i_1_n_0
    SLICE_X35Y49         FDRE                                         r  system_i/dma_mem_smartconnect/inst/m00_exit_pipeline/m00_exit/inst/r_reg/m_vector_i_reg[1101]/D
  -------------------------------------------------------------------    -------------------

                         (clock clk_fpga_1 rise edge)
                                                      0.000     0.000 r
    PS7_X0Y0             PS7                          0.000     0.000 r  system_i/processing_system7_0/inst/PS7_i/FCLKCLK[1]
                         net (fo=1, routed)           0.331     0.331    system_i/processing_system7_0/inst/FCLK_CLK_unbuffered[1]
    BUFGCTRL_X0Y17       BUFG (Prop_bufg_I_O)         0.029     0.360 r  system_i/processing_system7_0/inst/buffer_fclk_clk_1.FCLK_CLK_1_BUFG/O
                         net (fo=8926, routed)        0.851     1.211    system_i/dma_mem_smartconnect/inst/m00_exit_pipeline/m00_exit/inst/r_reg/aclk
    SLICE_X35Y49         FDRE                                         r  system_i/dma_mem_smartconnect/inst/m00_exit_pipeline/m00_exit/inst/r_reg/m_vector_i_reg[1101]/C
                         clock pessimism             -0.031     1.180
    SLICE_X35Y49         FDRE (Hold_fdre_C_D)         0.107     1.287    system_i/dma_mem_smartconnect/inst/m00_exit_pipeline/m00_exit/inst/r_reg/m_vector_i_reg[1101]
  -------------------------------------------------------------------
                         required time                         -1.287
                         arrival time                           1.364
  -------------------------------------------------------------------
                         slack                                  0.077

Slack (MET) :             0.077ns  (arrival time - required time)
  Source:                 system_i/dma_mem_smartconnect/inst/switchboards/r_switchboard/inst/gen_mi[0].inst_opipe_payld/gen_pipe[1].pipe_reg[1][134]/C
                            (rising edge-triggered cell FDRE clocked by clk_fpga_1  {rise@0.000ns fall@3.333ns period=6.666ns})
  Destination:            system_i/dma_mem_smartconnect/inst/s00_nodes/s00_r_node/inst/inst_mi_handler/gen_normal_area.inst_fifo_node_payld/gen_xpm_memory_fifo.inst_fifo/gen_mem_rep[0].inst_xpm_memory/xpm_memory_base_inst/gen_wr_a.gen_word_narrow.mem_reg_0_31_132_137/RAMB/I
                            (rising edge-triggered cell RAMD32 clocked by clk_fpga_1  {rise@0.000ns fall@3.333ns period=6.666ns})
  Path Group:             clk_fpga_1
  Path Type:              Hold (Min at Fast Process Corner)
  Requirement:            0.000ns  (clk_fpga_1 rise@0.000ns - clk_fpga_1 rise@0.000ns)
  Data Path Delay:        0.260ns  (logic 0.141ns (54.222%)  route 0.119ns (45.778%))
  Logic Levels:           0
  Clock Path Skew:        0.037ns (DCD - SCD - CPR)
    Destination Clock Delay (DCD):    1.191ns
    Source Clock Delay      (SCD):    0.889ns
    Clock Pessimism Removal (CPR):    0.265ns

    Location             Delay type                Incr(ns)  Path(ns)    Netlist Resource(s)
  -------------------------------------------------------------------    -------------------
                         (clock clk_fpga_1 rise edge)
                                                      0.000     0.000 r
    PS7_X0Y0             PS7                          0.000     0.000 r  system_i/processing_system7_0/inst/PS7_i/FCLKCLK[1]
                         net (fo=1, routed)           0.303     0.303    system_i/processing_system7_0/inst/FCLK_CLK_unbuffered[1]
    BUFGCTRL_X0Y17       BUFG (Prop_bufg_I_O)         0.026     0.329 r  system_i/processing_system7_0/inst/buffer_fclk_clk_1.FCLK_CLK_1_BUFG/O
                         net (fo=8926, routed)        0.560     0.889    system_i/dma_mem_smartconnect/inst/switchboards/r_switchboard/inst/gen_mi[0].inst_opipe_payld/aclk
    SLICE_X32Y54         FDRE                                         r  system_i/dma_mem_smartconnect/inst/switchboards/r_switchboard/inst/gen_mi[0].inst_opipe_payld/gen_pipe[1].pipe_reg[1][134]/C
  -------------------------------------------------------------------    -------------------
    SLICE_X32Y54         FDRE (Prop_fdre_C_Q)         0.141     1.030 r  system_i/dma_mem_smartconnect/inst/switchboards/r_switchboard/inst/gen_mi[0].inst_opipe_payld/gen_pipe[1].pipe_reg[1][134]/Q
                         net (fo=1, routed)           0.119     1.149    system_i/dma_mem_smartconnect/inst/s00_nodes/s00_r_node/inst/inst_mi_handler/gen_normal_area.inst_fifo_node_payld/gen_xpm_memory_fifo.inst_fifo/gen_mem_rep[0].inst_xpm_memory/xpm_memory_base_inst/gen_wr_a.gen_word_narrow.mem_reg_0_31_132_137/DIB0
    SLICE_X30Y54         RAMD32                                       r  system_i/dma_mem_smartconnect/inst/s00_nodes/s00_r_node/inst/inst_mi_handler/gen_normal_area.inst_fifo_node_payld/gen_xpm_memory_fifo.inst_fifo/gen_mem_rep[0].inst_xpm_memory/xpm_memory_base_inst/gen_wr_a.gen_word_narrow.mem_reg_0_31_132_137/RAMB/I
  -------------------------------------------------------------------    -------------------

                         (clock clk_fpga_1 rise edge)
                                                      0.000     0.000 r
    PS7_X0Y0             PS7                          0.000     0.000 r  system_i/processing_system7_0/inst/PS7_i/FCLKCLK[1]
                         net (fo=1, routed)           0.331     0.331    system_i/processing_system7_0/inst/FCLK_CLK_unbuffered[1]
    BUFGCTRL_X0Y17       BUFG (Prop_bufg_I_O)         0.029     0.360 r  system_i/processing_system7_0/inst/buffer_fclk_clk_1.FCLK_CLK_1_BUFG/O
                         net (fo=8926, routed)        0.831     1.191    system_i/dma_mem_smartconnect/inst/s00_nodes/s00_r_node/inst/inst_mi_handler/gen_normal_area.inst_fifo_node_payld/gen_xpm_memory_fifo.inst_fifo/gen_mem_rep[0].inst_xpm_memory/xpm_memory_base_inst/gen_wr_a.gen_word_narrow.mem_reg_0_31_132_137/WCLK
    SLICE_X30Y54         RAMD32                                       r  system_i/dma_mem_smartconnect/inst/s00_nodes/s00_r_node/inst/inst_mi_handler/gen_normal_area.inst_fifo_node_payld/gen_xpm_memory_fifo.inst_fifo/gen_mem_rep[0].inst_xpm_memory/xpm_memory_base_inst/gen_wr_a.gen_word_narrow.mem_reg_0_31_132_137/RAMB/CLK
                         clock pessimism             -0.265     0.926
    SLICE_X30Y54         RAMD32 (Hold_ramd32_CLK_I)
                                                      0.146     1.072    system_i/dma_mem_smartconnect/inst/s00_nodes/s00_r_node/inst/inst_mi_handler/gen_normal_area.inst_fifo_node_payld/gen_xpm_memory_fifo.inst_fifo/gen_mem_rep[0].inst_xpm_memory/xpm_memory_base_inst/gen_wr_a.gen_word_narrow.mem_reg_0_31_132_137/RAMB
  -------------------------------------------------------------------
                         required time                         -1.072
                         arrival time                           1.149
  -------------------------------------------------------------------
                         slack                                  0.077

Slack (MET) :             0.077ns  (arrival time - required time)
  Source:                 system_i/dma_mem_smartconnect/inst/m00_nodes/m00_r_node/inst/inst_mi_handler/gen_normal_area.inst_fifo_node_payld/gen_xpm_memory_fifo.inst_fifo/gen_mem_rep[0].inst_xpm_memory/xpm_memory_base_inst/gen_rd_b.doutb_reg_reg[68]/C
                            (rising edge-triggered cell FDRE clocked by clk_fpga_1  {rise@0.000ns fall@3.333ns period=6.666ns})
  Destination:            system_i/dma_mem_smartconnect/inst/switchboards/r_switchboard/inst/gen_mi[0].inst_opipe_payld/gen_pipe[1].pipe_reg[1][68]/D
                            (rising edge-triggered cell FDRE clocked by clk_fpga_1  {rise@0.000ns fall@3.333ns period=6.666ns})
  Path Group:             clk_fpga_1
  Path Type:              Hold (Min at Fast Process Corner)
  Requirement:            0.000ns  (clk_fpga_1 rise@0.000ns - clk_fpga_1 rise@0.000ns)
  Data Path Delay:        0.389ns  (logic 0.148ns (37.998%)  route 0.241ns (62.002%))
  Logic Levels:           0
  Clock Path Skew:        0.290ns (DCD - SCD - CPR)
    Destination Clock Delay (DCD):    1.211ns
    Source Clock Delay      (SCD):    0.890ns
    Clock Pessimism Removal (CPR):    0.031ns

    Location             Delay type                Incr(ns)  Path(ns)    Netlist Resource(s)
  -------------------------------------------------------------------    -------------------
                         (clock clk_fpga_1 rise edge)
                                                      0.000     0.000 r
    PS7_X0Y0             PS7                          0.000     0.000 r  system_i/processing_system7_0/inst/PS7_i/FCLKCLK[1]
                         net (fo=1, routed)           0.303     0.303    system_i/processing_system7_0/inst/FCLK_CLK_unbuffered[1]
    BUFGCTRL_X0Y17       BUFG (Prop_bufg_I_O)         0.026     0.329 r  system_i/processing_system7_0/inst/buffer_fclk_clk_1.FCLK_CLK_1_BUFG/O
                         net (fo=8926, routed)        0.561     0.890    system_i/dma_mem_smartconnect/inst/m00_nodes/m00_r_node/inst/inst_mi_handler/gen_normal_area.inst_fifo_node_payld/gen_xpm_memory_fifo.inst_fifo/gen_mem_rep[0].inst_xpm_memory/xpm_memory_base_inst/clka
    SLICE_X34Y52         FDRE                                         r  system_i/dma_mem_smartconnect/inst/m00_nodes/m00_r_node/inst/inst_mi_handler/gen_normal_area.inst_fifo_node_payld/gen_xpm_memory_fifo.inst_fifo/gen_mem_rep[0].inst_xpm_memory/xpm_memory_base_inst/gen_rd_b.doutb_reg_reg[68]/C
  -------------------------------------------------------------------    -------------------
    SLICE_X34Y52         FDRE (Prop_fdre_C_Q)         0.148     1.038 r  system_i/dma_mem_smartconnect/inst/m00_nodes/m00_r_node/inst/inst_mi_handler/gen_normal_area.inst_fifo_node_payld/gen_xpm_memory_fifo.inst_fifo/gen_mem_rep[0].inst_xpm_memory/xpm_memory_base_inst/gen_rd_b.doutb_reg_reg[68]/Q
                         net (fo=1, routed)           0.241     1.279    system_i/dma_mem_smartconnect/inst/switchboards/r_switchboard/inst/gen_mi[0].inst_opipe_payld/s_sc_payld[67]
    SLICE_X35Y47         FDRE                                         r  system_i/dma_mem_smartconnect/inst/switchboards/r_switchboard/inst/gen_mi[0].inst_opipe_payld/gen_pipe[1].pipe_reg[1][68]/D
  -------------------------------------------------------------------    -------------------

                         (clock clk_fpga_1 rise edge)
                                                      0.000     0.000 r
    PS7_X0Y0             PS7                          0.000     0.000 r  system_i/processing_system7_0/inst/PS7_i/FCLKCLK[1]
                         net (fo=1, routed)           0.331     0.331    system_i/processing_system7_0/inst/FCLK_CLK_unbuffered[1]
    BUFGCTRL_X0Y17       BUFG (Prop_bufg_I_O)         0.029     0.360 r  system_i/processing_system7_0/inst/buffer_fclk_clk_1.FCLK_CLK_1_BUFG/O
                         net (fo=8926, routed)        0.851     1.211    system_i/dma_mem_smartconnect/inst/switchboards/r_switchboard/inst/gen_mi[0].inst_opipe_payld/aclk
    SLICE_X35Y47         FDRE                                         r  system_i/dma_mem_smartconnect/inst/switchboards/r_switchboard/inst/gen_mi[0].inst_opipe_payld/gen_pipe[1].pipe_reg[1][68]/C
                         clock pessimism             -0.031     1.180
    SLICE_X35Y47         FDRE (Hold_fdre_C_D)         0.022     1.202    system_i/dma_mem_smartconnect/inst/switchboards/r_switchboard/inst/gen_mi[0].inst_opipe_payld/gen_pipe[1].pipe_reg[1][68]
  -------------------------------------------------------------------
                         required time                         -1.202
                         arrival time                           1.279
  -------------------------------------------------------------------
                         slack                                  0.077

Slack (MET) :             0.077ns  (arrival time - required time)
  Source:                 system_i/generator_accelerator_0/inst/gnn_weight_addr_reg[11]_rep__17/C
                            (rising edge-triggered cell FDCE clocked by clk_fpga_0  {rise@0.000ns fall@5.000ns period=10.000ns})
  Destination:            system_i/generator_accelerator_0/inst/u_gnn/gen_weight_bank[25].bank/memory_reg_128_255_8_8/DP.HIGH/WADR3
                            (rising edge-triggered cell RAMD64E clocked by clk_fpga_0  {rise@0.000ns fall@5.000ns period=10.000ns})
  Path Group:             clk_fpga_0
  Path Type:              Hold (Min at Fast Process Corner)
  Requirement:            0.000ns  (clk_fpga_0 rise@0.000ns - clk_fpga_0 rise@0.000ns)
  Data Path Delay:        0.333ns  (logic 0.141ns (42.293%)  route 0.192ns (57.707%))
  Logic Levels:           0
  Clock Path Skew:        0.016ns (DCD - SCD - CPR)
    Destination Clock Delay (DCD):    1.218ns
    Source Clock Delay      (SCD):    0.916ns
    Clock Pessimism Removal (CPR):    0.286ns

    Location             Delay type                Incr(ns)  Path(ns)    Netlist Resource(s)
  -------------------------------------------------------------------    -------------------
                         (clock clk_fpga_0 rise edge)
                                                      0.000     0.000 r
    PS7_X0Y0             PS7                          0.000     0.000 r  system_i/processing_system7_0/inst/PS7_i/FCLKCLK[0]
                         net (fo=1, routed)           0.303     0.303    system_i/processing_system7_0/inst/FCLK_CLK_unbuffered[0]
    BUFGCTRL_X0Y16       BUFG (Prop_bufg_I_O)         0.026     0.329 r  system_i/processing_system7_0/inst/buffer_fclk_clk_0.FCLK_CLK_0_BUFG/O
                         net (fo=20688, routed)       0.587     0.916    system_i/generator_accelerator_0/inst/s_axi_aclk
    SLICE_X85Y42         FDCE                                         r  system_i/generator_accelerator_0/inst/gnn_weight_addr_reg[11]_rep__17/C
  -------------------------------------------------------------------    -------------------
    SLICE_X85Y42         FDCE (Prop_fdce_C_Q)         0.141     1.057 r  system_i/generator_accelerator_0/inst/gnn_weight_addr_reg[11]_rep__17/Q
                         net (fo=192, routed)         0.192     1.249    system_i/generator_accelerator_0/inst/u_gnn/gen_weight_bank[25].bank/memory_reg_128_255_8_8/A3
    SLICE_X86Y42         RAMD64E                                      r  system_i/generator_accelerator_0/inst/u_gnn/gen_weight_bank[25].bank/memory_reg_128_255_8_8/DP.HIGH/WADR3
  -------------------------------------------------------------------    -------------------

                         (clock clk_fpga_0 rise edge)
                                                      0.000     0.000 r
    PS7_X0Y0             PS7                          0.000     0.000 r  system_i/processing_system7_0/inst/PS7_i/FCLKCLK[0]
                         net (fo=1, routed)           0.331     0.331    system_i/processing_system7_0/inst/FCLK_CLK_unbuffered[0]
    BUFGCTRL_X0Y16       BUFG (Prop_bufg_I_O)         0.029     0.360 r  system_i/processing_system7_0/inst/buffer_fclk_clk_0.FCLK_CLK_0_BUFG/O
                         net (fo=20688, routed)       0.858     1.218    system_i/generator_accelerator_0/inst/u_gnn/gen_weight_bank[25].bank/memory_reg_128_255_8_8/WCLK
    SLICE_X86Y42         RAMD64E                                      r  system_i/generator_accelerator_0/inst/u_gnn/gen_weight_bank[25].bank/memory_reg_128_255_8_8/DP.HIGH/CLK
                         clock pessimism             -0.286     0.931
    SLICE_X86Y42         RAMD64E (Hold_ramd64e_CLK_WADR3)
                                                      0.240     1.171    system_i/generator_accelerator_0/inst/u_gnn/gen_weight_bank[25].bank/memory_reg_128_255_8_8/DP.HIGH
  -------------------------------------------------------------------
                         required time                         -1.172
                         arrival time                           1.249
  -------------------------------------------------------------------
                         slack                                  0.077

Slack (MET) :             0.077ns  (arrival time - required time)
  Source:                 system_i/generator_accelerator_0/inst/gnn_weight_addr_reg[11]_rep__17/C
                            (rising edge-triggered cell FDCE clocked by clk_fpga_0  {rise@0.000ns fall@5.000ns period=10.000ns})
  Destination:            system_i/generator_accelerator_0/inst/u_gnn/gen_weight_bank[25].bank/memory_reg_128_255_8_8/DP.LOW/WADR3
                            (rising edge-triggered cell RAMD64E clocked by clk_fpga_0  {rise@0.000ns fall@5.000ns period=10.000ns})
  Path Group:             clk_fpga_0
  Path Type:              Hold (Min at Fast Process Corner)
  Requirement:            0.000ns  (clk_fpga_0 rise@0.000ns - clk_fpga_0 rise@0.000ns)
  Data Path Delay:        0.333ns  (logic 0.141ns (42.293%)  route 0.192ns (57.707%))
  Logic Levels:           0
  Clock Path Skew:        0.016ns (DCD - SCD - CPR)
    Destination Clock Delay (DCD):    1.218ns
    Source Clock Delay      (SCD):    0.916ns
    Clock Pessimism Removal (CPR):    0.286ns

    Location             Delay type                Incr(ns)  Path(ns)    Netlist Resource(s)
  -------------------------------------------------------------------    -------------------
                         (clock clk_fpga_0 rise edge)
                                                      0.000     0.000 r
    PS7_X0Y0             PS7                          0.000     0.000 r  system_i/processing_system7_0/inst/PS7_i/FCLKCLK[0]
                         net (fo=1, routed)           0.303     0.303    system_i/processing_system7_0/inst/FCLK_CLK_unbuffered[0]
    BUFGCTRL_X0Y16       BUFG (Prop_bufg_I_O)         0.026     0.329 r  system_i/processing_system7_0/inst/buffer_fclk_clk_0.FCLK_CLK_0_BUFG/O
                         net (fo=20688, routed)       0.587     0.916    system_i/generator_accelerator_0/inst/s_axi_aclk
    SLICE_X85Y42         FDCE                                         r  system_i/generator_accelerator_0/inst/gnn_weight_addr_reg[11]_rep__17/C
  -------------------------------------------------------------------    -------------------
    SLICE_X85Y42         FDCE (Prop_fdce_C_Q)         0.141     1.057 r  system_i/generator_accelerator_0/inst/gnn_weight_addr_reg[11]_rep__17/Q
                         net (fo=192, routed)         0.192     1.249    system_i/generator_accelerator_0/inst/u_gnn/gen_weight_bank[25].bank/memory_reg_128_255_8_8/A3
    SLICE_X86Y42         RAMD64E                                      r  system_i/generator_accelerator_0/inst/u_gnn/gen_weight_bank[25].bank/memory_reg_128_255_8_8/DP.LOW/WADR3
  -------------------------------------------------------------------    -------------------

                         (clock clk_fpga_0 rise edge)
                                                      0.000     0.000 r
    PS7_X0Y0             PS7                          0.000     0.000 r  system_i/processing_system7_0/inst/PS7_i/FCLKCLK[0]
                         net (fo=1, routed)           0.331     0.331    system_i/processing_system7_0/inst/FCLK_CLK_unbuffered[0]
    BUFGCTRL_X0Y16       BUFG (Prop_bufg_I_O)         0.029     0.360 r  system_i/processing_system7_0/inst/buffer_fclk_clk_0.FCLK_CLK_0_BUFG/O
                         net (fo=20688, routed)       0.858     1.218    system_i/generator_accelerator_0/inst/u_gnn/gen_weight_bank[25].bank/memory_reg_128_255_8_8/WCLK
    SLICE_X86Y42         RAMD64E                                      r  system_i/generator_accelerator_0/inst/u_gnn/gen_weight_bank[25].bank/memory_reg_128_255_8_8/DP.LOW/CLK
                         clock pessimism             -0.286     0.931
    SLICE_X86Y42         RAMD64E (Hold_ramd64e_CLK_WADR3)
                                                      0.240     1.171    system_i/generator_accelerator_0/inst/u_gnn/gen_weight_bank[25].bank/memory_reg_128_255_8_8/DP.LOW
  -------------------------------------------------------------------
                         required time                         -1.172
                         arrival time                           1.249
  -------------------------------------------------------------------
                         slack                                  0.077

Slack (MET) :             0.077ns  (arrival time - required time)
  Source:                 system_i/generator_accelerator_0/inst/gnn_weight_addr_reg[11]_rep__17/C
                            (rising edge-triggered cell FDCE clocked by clk_fpga_0  {rise@0.000ns fall@5.000ns period=10.000ns})
  Destination:            system_i/generator_accelerator_0/inst/u_gnn/gen_weight_bank[25].bank/memory_reg_128_255_8_8/SP.HIGH/WADR3
                            (rising edge-triggered cell RAMD64E clocked by clk_fpga_0  {rise@0.000ns fall@5.000ns period=10.000ns})
  Path Group:             clk_fpga_0
  Path Type:              Hold (Min at Fast Process Corner)
  Requirement:            0.000ns  (clk_fpga_0 rise@0.000ns - clk_fpga_0 rise@0.000ns)
  Data Path Delay:        0.333ns  (logic 0.141ns (42.293%)  route 0.192ns (57.707%))
  Logic Levels:           0
  Clock Path Skew:        0.016ns (DCD - SCD - CPR)
    Destination Clock Delay (DCD):    1.218ns
    Source Clock Delay      (SCD):    0.916ns
    Clock Pessimism Removal (CPR):    0.286ns

    Location             Delay type                Incr(ns)  Path(ns)    Netlist Resource(s)
  -------------------------------------------------------------------    -------------------
                         (clock clk_fpga_0 rise edge)
                                                      0.000     0.000 r
    PS7_X0Y0             PS7                          0.000     0.000 r  system_i/processing_system7_0/inst/PS7_i/FCLKCLK[0]
                         net (fo=1, routed)           0.303     0.303    system_i/processing_system7_0/inst/FCLK_CLK_unbuffered[0]
    BUFGCTRL_X0Y16       BUFG (Prop_bufg_I_O)         0.026     0.329 r  system_i/processing_system7_0/inst/buffer_fclk_clk_0.FCLK_CLK_0_BUFG/O
                         net (fo=20688, routed)       0.587     0.916    system_i/generator_accelerator_0/inst/s_axi_aclk
    SLICE_X85Y42         FDCE                                         r  system_i/generator_accelerator_0/inst/gnn_weight_addr_reg[11]_rep__17/C
  -------------------------------------------------------------------    -------------------
    SLICE_X85Y42         FDCE (Prop_fdce_C_Q)         0.141     1.057 r  system_i/generator_accelerator_0/inst/gnn_weight_addr_reg[11]_rep__17/Q
                         net (fo=192, routed)         0.192     1.249    system_i/generator_accelerator_0/inst/u_gnn/gen_weight_bank[25].bank/memory_reg_128_255_8_8/A3
    SLICE_X86Y42         RAMD64E                                      r  system_i/generator_accelerator_0/inst/u_gnn/gen_weight_bank[25].bank/memory_reg_128_255_8_8/SP.HIGH/WADR3
  -------------------------------------------------------------------    -------------------

                         (clock clk_fpga_0 rise edge)
                                                      0.000     0.000 r
    PS7_X0Y0             PS7                          0.000     0.000 r  system_i/processing_system7_0/inst/PS7_i/FCLKCLK[0]
                         net (fo=1, routed)           0.331     0.331    system_i/processing_system7_0/inst/FCLK_CLK_unbuffered[0]
    BUFGCTRL_X0Y16       BUFG (Prop_bufg_I_O)         0.029     0.360 r  system_i/processing_system7_0/inst/buffer_fclk_clk_0.FCLK_CLK_0_BUFG/O
                         net (fo=20688, routed)       0.858     1.218    system_i/generator_accelerator_0/inst/u_gnn/gen_weight_bank[25].bank/memory_reg_128_255_8_8/WCLK
    SLICE_X86Y42         RAMD64E                                      r  system_i/generator_accelerator_0/inst/u_gnn/gen_weight_bank[25].bank/memory_reg_128_255_8_8/SP.HIGH/CLK
                         clock pessimism             -0.286     0.931
    SLICE_X86Y42         RAMD64E (Hold_ramd64e_CLK_WADR3)
                                                      0.240     1.171    system_i/generator_accelerator_0/inst/u_gnn/gen_weight_bank[25].bank/memory_reg_128_255_8_8/SP.HIGH
  -------------------------------------------------------------------
                         required time                         -1.172
                         arrival time                           1.249
  -------------------------------------------------------------------
                         slack                                  0.077

Slack (MET) :             0.077ns  (arrival time - required time)
  Source:                 system_i/generator_accelerator_0/inst/gnn_weight_addr_reg[11]_rep__17/C
                            (rising edge-triggered cell FDCE clocked by clk_fpga_0  {rise@0.000ns fall@5.000ns period=10.000ns})
  Destination:            system_i/generator_accelerator_0/inst/u_gnn/gen_weight_bank[25].bank/memory_reg_128_255_8_8/SP.LOW/WADR3
                            (rising edge-triggered cell RAMD64E clocked by clk_fpga_0  {rise@0.000ns fall@5.000ns period=10.000ns})
  Path Group:             clk_fpga_0
  Path Type:              Hold (Min at Fast Process Corner)
  Requirement:            0.000ns  (clk_fpga_0 rise@0.000ns - clk_fpga_0 rise@0.000ns)
  Data Path Delay:        0.333ns  (logic 0.141ns (42.293%)  route 0.192ns (57.707%))
  Logic Levels:           0
  Clock Path Skew:        0.016ns (DCD - SCD - CPR)
    Destination Clock Delay (DCD):    1.218ns
    Source Clock Delay      (SCD):    0.916ns
    Clock Pessimism Removal (CPR):    0.286ns

    Location             Delay type                Incr(ns)  Path(ns)    Netlist Resource(s)
  -------------------------------------------------------------------    -------------------
                         (clock clk_fpga_0 rise edge)
                                                      0.000     0.000 r
    PS7_X0Y0             PS7                          0.000     0.000 r  system_i/processing_system7_0/inst/PS7_i/FCLKCLK[0]
                         net (fo=1, routed)           0.303     0.303    system_i/processing_system7_0/inst/FCLK_CLK_unbuffered[0]
    BUFGCTRL_X0Y16       BUFG (Prop_bufg_I_O)         0.026     0.329 r  system_i/processing_system7_0/inst/buffer_fclk_clk_0.FCLK_CLK_0_BUFG/O
                         net (fo=20688, routed)       0.587     0.916    system_i/generator_accelerator_0/inst/s_axi_aclk
    SLICE_X85Y42         FDCE                                         r  system_i/generator_accelerator_0/inst/gnn_weight_addr_reg[11]_rep__17/C
  -------------------------------------------------------------------    -------------------
    SLICE_X85Y42         FDCE (Prop_fdce_C_Q)         0.141     1.057 r  system_i/generator_accelerator_0/inst/gnn_weight_addr_reg[11]_rep__17/Q
                         net (fo=192, routed)         0.192     1.249    system_i/generator_accelerator_0/inst/u_gnn/gen_weight_bank[25].bank/memory_reg_128_255_8_8/A3
    SLICE_X86Y42         RAMD64E                                      r  system_i/generator_accelerator_0/inst/u_gnn/gen_weight_bank[25].bank/memory_reg_128_255_8_8/SP.LOW/WADR3
  -------------------------------------------------------------------    -------------------

                         (clock clk_fpga_0 rise edge)
                                                      0.000     0.000 r
    PS7_X0Y0             PS7                          0.000     0.000 r  system_i/processing_system7_0/inst/PS7_i/FCLKCLK[0]
                         net (fo=1, routed)           0.331     0.331    system_i/processing_system7_0/inst/FCLK_CLK_unbuffered[0]
    BUFGCTRL_X0Y16       BUFG (Prop_bufg_I_O)         0.029     0.360 r  system_i/processing_system7_0/inst/buffer_fclk_clk_0.FCLK_CLK_0_BUFG/O
                         net (fo=20688, routed)       0.858     1.218    system_i/generator_accelerator_0/inst/u_gnn/gen_weight_bank[25].bank/memory_reg_128_255_8_8/WCLK
    SLICE_X86Y42         RAMD64E                                      r  system_i/generator_accelerator_0/inst/u_gnn/gen_weight_bank[25].bank/memory_reg_128_255_8_8/SP.LOW/CLK
                         clock pessimism             -0.286     0.931
    SLICE_X86Y42         RAMD64E (Hold_ramd64e_CLK_WADR3)
                                                      0.240     1.171    system_i/generator_accelerator_0/inst/u_gnn/gen_weight_bank[25].bank/memory_reg_128_255_8_8/SP.LOW
  -------------------------------------------------------------------
                         required time                         -1.172
                         arrival time                           1.249
  -------------------------------------------------------------------
                         slack                                  0.077

Slack (MET) :             0.077ns  (arrival time - required time)
  Source:                 system_i/generator_accelerator_0/inst/gnn_weight_addr_reg[12]_rep__11/C
                            (rising edge-triggered cell FDCE clocked by clk_fpga_0  {rise@0.000ns fall@5.000ns period=10.000ns})
  Destination:            system_i/generator_accelerator_0/inst/u_gnn/gen_weight_bank[26].bank/memory_reg_0_127_4_4/DP.HIGH/WADR4
                            (rising edge-triggered cell RAMD64E clocked by clk_fpga_0  {rise@0.000ns fall@5.000ns period=10.000ns})
  Path Group:             clk_fpga_0
  Path Type:              Hold (Min at Fast Process Corner)
  Requirement:            0.000ns  (clk_fpga_0 rise@0.000ns - clk_fpga_0 rise@0.000ns)
  Data Path Delay:        0.290ns  (logic 0.141ns (48.542%)  route 0.149ns (51.458%))
  Logic Levels:           0
  Clock Path Skew:        0.013ns (DCD - SCD - CPR)
    Destination Clock Delay (DCD):    1.192ns
    Source Clock Delay      (SCD):    0.892ns
    Clock Pessimism Removal (CPR):    0.287ns

    Location             Delay type                Incr(ns)  Path(ns)    Netlist Resource(s)
  -------------------------------------------------------------------    -------------------
                         (clock clk_fpga_0 rise edge)
                                                      0.000     0.000 r
    PS7_X0Y0             PS7                          0.000     0.000 r  system_i/processing_system7_0/inst/PS7_i/FCLKCLK[0]
                         net (fo=1, routed)           0.303     0.303    system_i/processing_system7_0/inst/FCLK_CLK_unbuffered[0]
    BUFGCTRL_X0Y16       BUFG (Prop_bufg_I_O)         0.026     0.329 r  system_i/processing_system7_0/inst/buffer_fclk_clk_0.FCLK_CLK_0_BUFG/O
                         net (fo=20688, routed)       0.563     0.891    system_i/generator_accelerator_0/inst/s_axi_aclk
    SLICE_X77Y40         FDCE                                         r  system_i/generator_accelerator_0/inst/gnn_weight_addr_reg[12]_rep__11/C
  -------------------------------------------------------------------    -------------------
    SLICE_X77Y40         FDCE (Prop_fdce_C_Q)         0.141     1.033 r  system_i/generator_accelerator_0/inst/gnn_weight_addr_reg[12]_rep__11/Q
                         net (fo=192, routed)         0.149     1.182    system_i/generator_accelerator_0/inst/u_gnn/gen_weight_bank[26].bank/memory_reg_0_127_4_4/A4
    SLICE_X76Y40         RAMD64E                                      r  system_i/generator_accelerator_0/inst/u_gnn/gen_weight_bank[26].bank/memory_reg_0_127_4_4/DP.HIGH/WADR4
  -------------------------------------------------------------------    -------------------

                         (clock clk_fpga_0 rise edge)
                                                      0.000     0.000 r
    PS7_X0Y0             PS7                          0.000     0.000 r  system_i/processing_system7_0/inst/PS7_i/FCLKCLK[0]
                         net (fo=1, routed)           0.331     0.331    system_i/processing_system7_0/inst/FCLK_CLK_unbuffered[0]
    BUFGCTRL_X0Y16       BUFG (Prop_bufg_I_O)         0.029     0.360 r  system_i/processing_system7_0/inst/buffer_fclk_clk_0.FCLK_CLK_0_BUFG/O
                         net (fo=20688, routed)       0.832     1.192    system_i/generator_accelerator_0/inst/u_gnn/gen_weight_bank[26].bank/memory_reg_0_127_4_4/WCLK
    SLICE_X76Y40         RAMD64E                                      r  system_i/generator_accelerator_0/inst/u_gnn/gen_weight_bank[26].bank/memory_reg_0_127_4_4/DP.HIGH/CLK
                         clock pessimism             -0.287     0.905
    SLICE_X76Y40         RAMD64E (Hold_ramd64e_CLK_WADR4)
                                                      0.200     1.105    system_i/generator_accelerator_0/inst/u_gnn/gen_weight_bank[26].bank/memory_reg_0_127_4_4/DP.HIGH
  -------------------------------------------------------------------
                         required time                         -1.105
                         arrival time                           1.182
  -------------------------------------------------------------------
                         slack                                  0.077

Slack (MET) :             0.077ns  (arrival time - required time)
  Source:                 system_i/generator_accelerator_0/inst/gnn_weight_addr_reg[12]_rep__11/C
                            (rising edge-triggered cell FDCE clocked by clk_fpga_0  {rise@0.000ns fall@5.000ns period=10.000ns})
  Destination:            system_i/generator_accelerator_0/inst/u_gnn/gen_weight_bank[26].bank/memory_reg_0_127_4_4/DP.LOW/WADR4
                            (rising edge-triggered cell RAMD64E clocked by clk_fpga_0  {rise@0.000ns fall@5.000ns period=10.000ns})
  Path Group:             clk_fpga_0
  Path Type:              Hold (Min at Fast Process Corner)
  Requirement:            0.000ns  (clk_fpga_0 rise@0.000ns - clk_fpga_0 rise@0.000ns)
  Data Path Delay:        0.290ns  (logic 0.141ns (48.542%)  route 0.149ns (51.458%))
  Logic Levels:           0
  Clock Path Skew:        0.013ns (DCD - SCD - CPR)
    Destination Clock Delay (DCD):    1.192ns
    Source Clock Delay      (SCD):    0.892ns
    Clock Pessimism Removal (CPR):    0.287ns

    Location             Delay type                Incr(ns)  Path(ns)    Netlist Resource(s)
  -------------------------------------------------------------------    -------------------
                         (clock clk_fpga_0 rise edge)
                                                      0.000     0.000 r
    PS7_X0Y0             PS7                          0.000     0.000 r  system_i/processing_system7_0/inst/PS7_i/FCLKCLK[0]
                         net (fo=1, routed)           0.303     0.303    system_i/processing_system7_0/inst/FCLK_CLK_unbuffered[0]
    BUFGCTRL_X0Y16       BUFG (Prop_bufg_I_O)         0.026     0.329 r  system_i/processing_system7_0/inst/buffer_fclk_clk_0.FCLK_CLK_0_BUFG/O
                         net (fo=20688, routed)       0.563     0.891    system_i/generator_accelerator_0/inst/s_axi_aclk
    SLICE_X77Y40         FDCE                                         r  system_i/generator_accelerator_0/inst/gnn_weight_addr_reg[12]_rep__11/C
  -------------------------------------------------------------------    -------------------
    SLICE_X77Y40         FDCE (Prop_fdce_C_Q)         0.141     1.033 r  system_i/generator_accelerator_0/inst/gnn_weight_addr_reg[12]_rep__11/Q
                         net (fo=192, routed)         0.149     1.182    system_i/generator_accelerator_0/inst/u_gnn/gen_weight_bank[26].bank/memory_reg_0_127_4_4/A4
    SLICE_X76Y40         RAMD64E                                      r  system_i/generator_accelerator_0/inst/u_gnn/gen_weight_bank[26].bank/memory_reg_0_127_4_4/DP.LOW/WADR4
  -------------------------------------------------------------------    -------------------

                         (clock clk_fpga_0 rise edge)
                                                      0.000     0.000 r
    PS7_X0Y0             PS7                          0.000     0.000 r  system_i/processing_system7_0/inst/PS7_i/FCLKCLK[0]
                         net (fo=1, routed)           0.331     0.331    system_i/processing_system7_0/inst/FCLK_CLK_unbuffered[0]
    BUFGCTRL_X0Y16       BUFG (Prop_bufg_I_O)         0.029     0.360 r  system_i/processing_system7_0/inst/buffer_fclk_clk_0.FCLK_CLK_0_BUFG/O
                         net (fo=20688, routed)       0.832     1.192    system_i/generator_accelerator_0/inst/u_gnn/gen_weight_bank[26].bank/memory_reg_0_127_4_4/WCLK
    SLICE_X76Y40         RAMD64E                                      r  system_i/generator_accelerator_0/inst/u_gnn/gen_weight_bank[26].bank/memory_reg_0_127_4_4/DP.LOW/CLK
                         clock pessimism             -0.287     0.905
    SLICE_X76Y40         RAMD64E (Hold_ramd64e_CLK_WADR4)
                                                      0.200     1.105    system_i/generator_accelerator_0/inst/u_gnn/gen_weight_bank[26].bank/memory_reg_0_127_4_4/DP.LOW
  -------------------------------------------------------------------
                         required time                         -1.105
                         arrival time                           1.182
  -------------------------------------------------------------------
                         slack                                  0.077

Slack (MET) :             0.077ns  (arrival time - required time)
  Source:                 system_i/generator_accelerator_0/inst/gnn_weight_addr_reg[12]_rep__11/C
                            (rising edge-triggered cell FDCE clocked by clk_fpga_0  {rise@0.000ns fall@5.000ns period=10.000ns})
  Destination:            system_i/generator_accelerator_0/inst/u_gnn/gen_weight_bank[26].bank/memory_reg_0_127_4_4/SP.HIGH/WADR4
                            (rising edge-triggered cell RAMD64E clocked by clk_fpga_0  {rise@0.000ns fall@5.000ns period=10.000ns})
  Path Group:             clk_fpga_0
  Path Type:              Hold (Min at Fast Process Corner)
  Requirement:            0.000ns  (clk_fpga_0 rise@0.000ns - clk_fpga_0 rise@0.000ns)
  Data Path Delay:        0.290ns  (logic 0.141ns (48.542%)  route 0.149ns (51.458%))
  Logic Levels:           0
  Clock Path Skew:        0.013ns (DCD - SCD - CPR)
    Destination Clock Delay (DCD):    1.192ns
    Source Clock Delay      (SCD):    0.892ns
    Clock Pessimism Removal (CPR):    0.287ns

    Location             Delay type                Incr(ns)  Path(ns)    Netlist Resource(s)
  -------------------------------------------------------------------    -------------------
                         (clock clk_fpga_0 rise edge)
                                                      0.000     0.000 r
    PS7_X0Y0             PS7                          0.000     0.000 r  system_i/processing_system7_0/inst/PS7_i/FCLKCLK[0]
                         net (fo=1, routed)           0.303     0.303    system_i/processing_system7_0/inst/FCLK_CLK_unbuffered[0]
    BUFGCTRL_X0Y16       BUFG (Prop_bufg_I_O)         0.026     0.329 r  system_i/processing_system7_0/inst/buffer_fclk_clk_0.FCLK_CLK_0_BUFG/O
                         net (fo=20688, routed)       0.563     0.891    system_i/generator_accelerator_0/inst/s_axi_aclk
    SLICE_X77Y40         FDCE                                         r  system_i/generator_accelerator_0/inst/gnn_weight_addr_reg[12]_rep__11/C
  -------------------------------------------------------------------    -------------------
    SLICE_X77Y40         FDCE (Prop_fdce_C_Q)         0.141     1.033 r  system_i/generator_accelerator_0/inst/gnn_weight_addr_reg[12]_rep__11/Q
                         net (fo=192, routed)         0.149     1.182    system_i/generator_accelerator_0/inst/u_gnn/gen_weight_bank[26].bank/memory_reg_0_127_4_4/A4
    SLICE_X76Y40         RAMD64E                                      r  system_i/generator_accelerator_0/inst/u_gnn/gen_weight_bank[26].bank/memory_reg_0_127_4_4/SP.HIGH/WADR4
  -------------------------------------------------------------------    -------------------

                         (clock clk_fpga_0 rise edge)
                                                      0.000     0.000 r
    PS7_X0Y0             PS7                          0.000     0.000 r  system_i/processing_system7_0/inst/PS7_i/FCLKCLK[0]
                         net (fo=1, routed)           0.331     0.331    system_i/processing_system7_0/inst/FCLK_CLK_unbuffered[0]
    BUFGCTRL_X0Y16       BUFG (Prop_bufg_I_O)         0.029     0.360 r  system_i/processing_system7_0/inst/buffer_fclk_clk_0.FCLK_CLK_0_BUFG/O
                         net (fo=20688, routed)       0.832     1.192    system_i/generator_accelerator_0/inst/u_gnn/gen_weight_bank[26].bank/memory_reg_0_127_4_4/WCLK
    SLICE_X76Y40         RAMD64E                                      r  system_i/generator_accelerator_0/inst/u_gnn/gen_weight_bank[26].bank/memory_reg_0_127_4_4/SP.HIGH/CLK
                         clock pessimism             -0.287     0.905
    SLICE_X76Y40         RAMD64E (Hold_ramd64e_CLK_WADR4)
                                                      0.200     1.105    system_i/generator_accelerator_0/inst/u_gnn/gen_weight_bank[26].bank/memory_reg_0_127_4_4/SP.HIGH
  -------------------------------------------------------------------
                         required time                         -1.105
                         arrival time                           1.182
  -------------------------------------------------------------------
                         slack                                  0.077

Slack (MET) :             0.077ns  (arrival time - required time)
  Source:                 system_i/generator_accelerator_0/inst/gnn_weight_addr_reg[12]_rep__11/C
                            (rising edge-triggered cell FDCE clocked by clk_fpga_0  {rise@0.000ns fall@5.000ns period=10.000ns})
  Destination:            system_i/generator_accelerator_0/inst/u_gnn/gen_weight_bank[26].bank/memory_reg_0_127_4_4/SP.LOW/WADR4
                            (rising edge-triggered cell RAMD64E clocked by clk_fpga_0  {rise@0.000ns fall@5.000ns period=10.000ns})
  Path Group:             clk_fpga_0
  Path Type:              Hold (Min at Fast Process Corner)
  Requirement:            0.000ns  (clk_fpga_0 rise@0.000ns - clk_fpga_0 rise@0.000ns)
  Data Path Delay:        0.290ns  (logic 0.141ns (48.542%)  route 0.149ns (51.458%))
  Logic Levels:           0
  Clock Path Skew:        0.013ns (DCD - SCD - CPR)
    Destination Clock Delay (DCD):    1.192ns
    Source Clock Delay      (SCD):    0.892ns
    Clock Pessimism Removal (CPR):    0.287ns

    Location             Delay type                Incr(ns)  Path(ns)    Netlist Resource(s)
  -------------------------------------------------------------------    -------------------
                         (clock clk_fpga_0 rise edge)
                                                      0.000     0.000 r
    PS7_X0Y0             PS7                          0.000     0.000 r  system_i/processing_system7_0/inst/PS7_i/FCLKCLK[0]
                         net (fo=1, routed)           0.303     0.303    system_i/processing_system7_0/inst/FCLK_CLK_unbuffered[0]
    BUFGCTRL_X0Y16       BUFG (Prop_bufg_I_O)         0.026     0.329 r  system_i/processing_system7_0/inst/buffer_fclk_clk_0.FCLK_CLK_0_BUFG/O
                         net (fo=20688, routed)       0.563     0.891    system_i/generator_accelerator_0/inst/s_axi_aclk
    SLICE_X77Y40         FDCE                                         r  system_i/generator_accelerator_0/inst/gnn_weight_addr_reg[12]_rep__11/C
  -------------------------------------------------------------------    -------------------
    SLICE_X77Y40         FDCE (Prop_fdce_C_Q)         0.141     1.033 r  system_i/generator_accelerator_0/inst/gnn_weight_addr_reg[12]_rep__11/Q
                         net (fo=192, routed)         0.149     1.182    system_i/generator_accelerator_0/inst/u_gnn/gen_weight_bank[26].bank/memory_reg_0_127_4_4/A4
    SLICE_X76Y40         RAMD64E                                      r  system_i/generator_accelerator_0/inst/u_gnn/gen_weight_bank[26].bank/memory_reg_0_127_4_4/SP.LOW/WADR4
  -------------------------------------------------------------------    -------------------

                         (clock clk_fpga_0 rise edge)
                                                      0.000     0.000 r
    PS7_X0Y0             PS7                          0.000     0.000 r  system_i/processing_system7_0/inst/PS7_i/FCLKCLK[0]
                         net (fo=1, routed)           0.331     0.331    system_i/processing_system7_0/inst/FCLK_CLK_unbuffered[0]
    BUFGCTRL_X0Y16       BUFG (Prop_bufg_I_O)         0.029     0.360 r  system_i/processing_system7_0/inst/buffer_fclk_clk_0.FCLK_CLK_0_BUFG/O
                         net (fo=20688, routed)       0.832     1.192    system_i/generator_accelerator_0/inst/u_gnn/gen_weight_bank[26].bank/memory_reg_0_127_4_4/WCLK
    SLICE_X76Y40         RAMD64E                                      r  system_i/generator_accelerator_0/inst/u_gnn/gen_weight_bank[26].bank/memory_reg_0_127_4_4/SP.LOW/CLK
                         clock pessimism             -0.287     0.905
    SLICE_X76Y40         RAMD64E (Hold_ramd64e_CLK_WADR4)
                                                      0.200     1.105    system_i/generator_accelerator_0/inst/u_gnn/gen_weight_bank[26].bank/memory_reg_0_127_4_4/SP.LOW
  -------------------------------------------------------------------
                         required time                         -1.105
                         arrival time                           1.182
  -------------------------------------------------------------------
                         slack                                  0.077

Slack (MET) :             0.078ns  (arrival time - required time)
  Source:                 system_i/dma_mem_smartconnect/inst/switchboards/r_switchboard/inst/gen_mi[0].inst_opipe_payld/gen_pipe[1].pipe_reg[1][38]/C
                            (rising edge-triggered cell FDRE clocked by clk_fpga_1  {rise@0.000ns fall@3.333ns period=6.666ns})
  Destination:            system_i/dma_mem_smartconnect/inst/s00_nodes/s00_r_node/inst/inst_mi_handler/gen_normal_area.inst_fifo_node_payld/gen_xpm_memory_fifo.inst_fifo/gen_mem_rep[0].inst_xpm_memory/xpm_memory_base_inst/gen_wr_a.gen_word_narrow.mem_reg_0_31_36_41/RAMB/I
                            (rising edge-triggered cell RAMD32 clocked by clk_fpga_1  {rise@0.000ns fall@3.333ns period=6.666ns})
  Path Group:             clk_fpga_1
  Path Type:              Hold (Min at Fast Process Corner)
  Requirement:            0.000ns  (clk_fpga_1 rise@0.000ns - clk_fpga_1 rise@0.000ns)
  Data Path Delay:        0.240ns  (logic 0.141ns (58.643%)  route 0.099ns (41.357%))
  Logic Levels:           0
  Clock Path Skew:        0.016ns (DCD - SCD - CPR)
    Destination Clock Delay (DCD):    1.192ns
    Source Clock Delay      (SCD):    0.890ns
    Clock Pessimism Removal (CPR):    0.286ns

    Location             Delay type                Incr(ns)  Path(ns)    Netlist Resource(s)
  -------------------------------------------------------------------    -------------------
                         (clock clk_fpga_1 rise edge)
                                                      0.000     0.000 r
    PS7_X0Y0             PS7                          0.000     0.000 r  system_i/processing_system7_0/inst/PS7_i/FCLKCLK[1]
                         net (fo=1, routed)           0.303     0.303    system_i/processing_system7_0/inst/FCLK_CLK_unbuffered[1]
    BUFGCTRL_X0Y17       BUFG (Prop_bufg_I_O)         0.026     0.329 r  system_i/processing_system7_0/inst/buffer_fclk_clk_1.FCLK_CLK_1_BUFG/O
                         net (fo=8926, routed)        0.561     0.890    system_i/dma_mem_smartconnect/inst/switchboards/r_switchboard/inst/gen_mi[0].inst_opipe_payld/aclk
    SLICE_X33Y50         FDRE                                         r  system_i/dma_mem_smartconnect/inst/switchboards/r_switchboard/inst/gen_mi[0].inst_opipe_payld/gen_pipe[1].pipe_reg[1][38]/C
  -------------------------------------------------------------------    -------------------
    SLICE_X33Y50         FDRE (Prop_fdre_C_Q)         0.141     1.031 r  system_i/dma_mem_smartconnect/inst/switchboards/r_switchboard/inst/gen_mi[0].inst_opipe_payld/gen_pipe[1].pipe_reg[1][38]/Q
                         net (fo=1, routed)           0.099     1.130    system_i/dma_mem_smartconnect/inst/s00_nodes/s00_r_node/inst/inst_mi_handler/gen_normal_area.inst_fifo_node_payld/gen_xpm_memory_fifo.inst_fifo/gen_mem_rep[0].inst_xpm_memory/xpm_memory_base_inst/gen_wr_a.gen_word_narrow.mem_reg_0_31_36_41/DIB0
    SLICE_X34Y50         RAMD32                                       r  system_i/dma_mem_smartconnect/inst/s00_nodes/s00_r_node/inst/inst_mi_handler/gen_normal_area.inst_fifo_node_payld/gen_xpm_memory_fifo.inst_fifo/gen_mem_rep[0].inst_xpm_memory/xpm_memory_base_inst/gen_wr_a.gen_word_narrow.mem_reg_0_31_36_41/RAMB/I
  -------------------------------------------------------------------    -------------------

                         (clock clk_fpga_1 rise edge)
                                                      0.000     0.000 r
    PS7_X0Y0             PS7                          0.000     0.000 r  system_i/processing_system7_0/inst/PS7_i/FCLKCLK[1]
                         net (fo=1, routed)           0.331     0.331    system_i/processing_system7_0/inst/FCLK_CLK_unbuffered[1]
    BUFGCTRL_X0Y17       BUFG (Prop_bufg_I_O)         0.029     0.360 r  system_i/processing_system7_0/inst/buffer_fclk_clk_1.FCLK_CLK_1_BUFG/O
                         net (fo=8926, routed)        0.832     1.192    system_i/dma_mem_smartconnect/inst/s00_nodes/s00_r_node/inst/inst_mi_handler/gen_normal_area.inst_fifo_node_payld/gen_xpm_memory_fifo.inst_fifo/gen_mem_rep[0].inst_xpm_memory/xpm_memory_base_inst/gen_wr_a.gen_word_narrow.mem_reg_0_31_36_41/WCLK
    SLICE_X34Y50         RAMD32                                       r  system_i/dma_mem_smartconnect/inst/s00_nodes/s00_r_node/inst/inst_mi_handler/gen_normal_area.inst_fifo_node_payld/gen_xpm_memory_fifo.inst_fifo/gen_mem_rep[0].inst_xpm_memory/xpm_memory_base_inst/gen_wr_a.gen_word_narrow.mem_reg_0_31_36_41/RAMB/CLK
                         clock pessimism             -0.286     0.906
    SLICE_X34Y50         RAMD32 (Hold_ramd32_CLK_I)
                                                      0.146     1.052    system_i/dma_mem_smartconnect/inst/s00_nodes/s00_r_node/inst/inst_mi_handler/gen_normal_area.inst_fifo_node_payld/gen_xpm_memory_fifo.inst_fifo/gen_mem_rep[0].inst_xpm_memory/xpm_memory_base_inst/gen_wr_a.gen_word_narrow.mem_reg_0_31_36_41/RAMB
  -------------------------------------------------------------------
                         required time                         -1.052
                         arrival time                           1.130
  -------------------------------------------------------------------
                         slack                                  0.078

Slack (MET) :             0.079ns  (arrival time - required time)
  Source:                 system_i/generator_accelerator_0/inst/u_dma_queue/active_compute_cycles_reg[58]/C
                            (rising edge-triggered cell FDCE clocked by clk_fpga_0  {rise@0.000ns fall@5.000ns period=10.000ns})
  Destination:            system_i/generator_accelerator_0/inst/u_dma_formatter/active_compute_cycles_reg[58]/D
                            (rising edge-triggered cell FDRE clocked by clk_fpga_0  {rise@0.000ns fall@5.000ns period=10.000ns})
  Path Group:             clk_fpga_0
  Path Type:              Hold (Min at Fast Process Corner)
  Requirement:            0.000ns  (clk_fpga_0 rise@0.000ns - clk_fpga_0 rise@0.000ns)
  Data Path Delay:        0.356ns  (logic 0.128ns (35.954%)  route 0.228ns (64.046%))
  Logic Levels:           0
  Clock Path Skew:        0.261ns (DCD - SCD - CPR)
    Destination Clock Delay (DCD):    1.175ns
    Source Clock Delay      (SCD):    0.878ns
    Clock Pessimism Removal (CPR):    0.036ns

    Location             Delay type                Incr(ns)  Path(ns)    Netlist Resource(s)
  -------------------------------------------------------------------    -------------------
                         (clock clk_fpga_0 rise edge)
                                                      0.000     0.000 r
    PS7_X0Y0             PS7                          0.000     0.000 r  system_i/processing_system7_0/inst/PS7_i/FCLKCLK[0]
                         net (fo=1, routed)           0.303     0.303    system_i/processing_system7_0/inst/FCLK_CLK_unbuffered[0]
    BUFGCTRL_X0Y16       BUFG (Prop_bufg_I_O)         0.026     0.329 r  system_i/processing_system7_0/inst/buffer_fclk_clk_0.FCLK_CLK_0_BUFG/O
                         net (fo=20688, routed)       0.549     0.878    system_i/generator_accelerator_0/inst/u_dma_queue/s_axi_aclk
    SLICE_X59Y68         FDCE                                         r  system_i/generator_accelerator_0/inst/u_dma_queue/active_compute_cycles_reg[58]/C
  -------------------------------------------------------------------    -------------------
    SLICE_X59Y68         FDCE (Prop_fdce_C_Q)         0.128     1.006 r  system_i/generator_accelerator_0/inst/u_dma_queue/active_compute_cycles_reg[58]/Q
                         net (fo=2, routed)           0.228     1.234    system_i/generator_accelerator_0/inst/u_dma_formatter/fmt_result_compute_cycles[58]
    SLICE_X60Y71         FDRE                                         r  system_i/generator_accelerator_0/inst/u_dma_formatter/active_compute_cycles_reg[58]/D
  -------------------------------------------------------------------    -------------------

                         (clock clk_fpga_0 rise edge)
                                                      0.000     0.000 r
    PS7_X0Y0             PS7                          0.000     0.000 r  system_i/processing_system7_0/inst/PS7_i/FCLKCLK[0]
                         net (fo=1, routed)           0.331     0.331    system_i/processing_system7_0/inst/FCLK_CLK_unbuffered[0]
    BUFGCTRL_X0Y16       BUFG (Prop_bufg_I_O)         0.029     0.360 r  system_i/processing_system7_0/inst/buffer_fclk_clk_0.FCLK_CLK_0_BUFG/O
                         net (fo=20688, routed)       0.815     1.175    system_i/generator_accelerator_0/inst/u_dma_formatter/s_axi_aclk
    SLICE_X60Y71         FDRE                                         r  system_i/generator_accelerator_0/inst/u_dma_formatter/active_compute_cycles_reg[58]/C
                         clock pessimism             -0.036     1.139
    SLICE_X60Y71         FDRE (Hold_fdre_C_D)         0.016     1.155    system_i/generator_accelerator_0/inst/u_dma_formatter/active_compute_cycles_reg[58]
  -------------------------------------------------------------------
                         required time                         -1.155
                         arrival time                           1.234
  -------------------------------------------------------------------
                         slack                                  0.079

Slack (MET) :             0.079ns  (arrival time - required time)
  Source:                 system_i/generator_accelerator_0/inst/gnn_weight_addr_reg[10]_rep__22/C
                            (rising edge-triggered cell FDCE clocked by clk_fpga_0  {rise@0.000ns fall@5.000ns period=10.000ns})
  Destination:            system_i/generator_accelerator_0/inst/u_gnn/gen_weight_bank[15].bank/memory_reg_128_255_15_15/DP.HIGH/WADR2
                            (rising edge-triggered cell RAMD64E clocked by clk_fpga_0  {rise@0.000ns fall@5.000ns period=10.000ns})
  Path Group:             clk_fpga_0
  Path Type:              Hold (Min at Fast Process Corner)
  Requirement:            0.000ns  (clk_fpga_0 rise@0.000ns - clk_fpga_0 rise@0.000ns)
  Data Path Delay:        0.350ns  (logic 0.141ns (40.270%)  route 0.209ns (59.730%))
  Logic Levels:           0
  Clock Path Skew:        0.017ns (DCD - SCD - CPR)
    Destination Clock Delay (DCD):    1.192ns
    Source Clock Delay      (SCD):    0.889ns
    Clock Pessimism Removal (CPR):    0.287ns

    Location             Delay type                Incr(ns)  Path(ns)    Netlist Resource(s)
  -------------------------------------------------------------------    -------------------
                         (clock clk_fpga_0 rise edge)
                                                      0.000     0.000 r
    PS7_X0Y0             PS7                          0.000     0.000 r  system_i/processing_system7_0/inst/PS7_i/FCLKCLK[0]
                         net (fo=1, routed)           0.303     0.303    system_i/processing_system7_0/inst/FCLK_CLK_unbuffered[0]
    BUFGCTRL_X0Y16       BUFG (Prop_bufg_I_O)         0.026     0.329 r  system_i/processing_system7_0/inst/buffer_fclk_clk_0.FCLK_CLK_0_BUFG/O
                         net (fo=20688, routed)       0.560     0.889    system_i/generator_accelerator_0/inst/s_axi_aclk
    SLICE_X61Y7          FDCE                                         r  system_i/generator_accelerator_0/inst/gnn_weight_addr_reg[10]_rep__22/C
  -------------------------------------------------------------------    -------------------
    SLICE_X61Y7          FDCE (Prop_fdce_C_Q)         0.141     1.030 r  system_i/generator_accelerator_0/inst/gnn_weight_addr_reg[10]_rep__22/Q
                         net (fo=192, routed)         0.209     1.239    system_i/generator_accelerator_0/inst/u_gnn/gen_weight_bank[15].bank/memory_reg_128_255_15_15/A2
    SLICE_X62Y6          RAMD64E                                      r  system_i/generator_accelerator_0/inst/u_gnn/gen_weight_bank[15].bank/memory_reg_128_255_15_15/DP.HIGH/WADR2
  -------------------------------------------------------------------    -------------------

                         (clock clk_fpga_0 rise edge)
                                                      0.000     0.000 r
    PS7_X0Y0             PS7                          0.000     0.000 r  system_i/processing_system7_0/inst/PS7_i/FCLKCLK[0]
                         net (fo=1, routed)           0.331     0.331    system_i/processing_system7_0/inst/FCLK_CLK_unbuffered[0]
    BUFGCTRL_X0Y16       BUFG (Prop_bufg_I_O)         0.029     0.360 r  system_i/processing_system7_0/inst/buffer_fclk_clk_0.FCLK_CLK_0_BUFG/O
                         net (fo=20688, routed)       0.832     1.192    system_i/generator_accelerator_0/inst/u_gnn/gen_weight_bank[15].bank/memory_reg_128_255_15_15/WCLK
    SLICE_X62Y6          RAMD64E                                      r  system_i/generator_accelerator_0/inst/u_gnn/gen_weight_bank[15].bank/memory_reg_128_255_15_15/DP.HIGH/CLK
                         clock pessimism             -0.287     0.906
    SLICE_X62Y6          RAMD64E (Hold_ramd64e_CLK_WADR2)
                                                      0.254     1.160    system_i/generator_accelerator_0/inst/u_gnn/gen_weight_bank[15].bank/memory_reg_128_255_15_15/DP.HIGH
  -------------------------------------------------------------------
                         required time                         -1.160
                         arrival time                           1.239
  -------------------------------------------------------------------
                         slack                                  0.079

Slack (MET) :             0.079ns  (arrival time - required time)
  Source:                 system_i/generator_accelerator_0/inst/gnn_weight_addr_reg[10]_rep__22/C
                            (rising edge-triggered cell FDCE clocked by clk_fpga_0  {rise@0.000ns fall@5.000ns period=10.000ns})
  Destination:            system_i/generator_accelerator_0/inst/u_gnn/gen_weight_bank[15].bank/memory_reg_128_255_15_15/DP.LOW/WADR2
                            (rising edge-triggered cell RAMD64E clocked by clk_fpga_0  {rise@0.000ns fall@5.000ns period=10.000ns})
  Path Group:             clk_fpga_0
  Path Type:              Hold (Min at Fast Process Corner)
  Requirement:            0.000ns  (clk_fpga_0 rise@0.000ns - clk_fpga_0 rise@0.000ns)
  Data Path Delay:        0.350ns  (logic 0.141ns (40.270%)  route 0.209ns (59.730%))
  Logic Levels:           0
  Clock Path Skew:        0.017ns (DCD - SCD - CPR)
    Destination Clock Delay (DCD):    1.192ns
    Source Clock Delay      (SCD):    0.889ns
    Clock Pessimism Removal (CPR):    0.287ns

    Location             Delay type                Incr(ns)  Path(ns)    Netlist Resource(s)
  -------------------------------------------------------------------    -------------------
                         (clock clk_fpga_0 rise edge)
                                                      0.000     0.000 r
    PS7_X0Y0             PS7                          0.000     0.000 r  system_i/processing_system7_0/inst/PS7_i/FCLKCLK[0]
                         net (fo=1, routed)           0.303     0.303    system_i/processing_system7_0/inst/FCLK_CLK_unbuffered[0]
    BUFGCTRL_X0Y16       BUFG (Prop_bufg_I_O)         0.026     0.329 r  system_i/processing_system7_0/inst/buffer_fclk_clk_0.FCLK_CLK_0_BUFG/O
                         net (fo=20688, routed)       0.560     0.889    system_i/generator_accelerator_0/inst/s_axi_aclk
    SLICE_X61Y7          FDCE                                         r  system_i/generator_accelerator_0/inst/gnn_weight_addr_reg[10]_rep__22/C
  -------------------------------------------------------------------    -------------------
    SLICE_X61Y7          FDCE (Prop_fdce_C_Q)         0.141     1.030 r  system_i/generator_accelerator_0/inst/gnn_weight_addr_reg[10]_rep__22/Q
                         net (fo=192, routed)         0.209     1.239    system_i/generator_accelerator_0/inst/u_gnn/gen_weight_bank[15].bank/memory_reg_128_255_15_15/A2
    SLICE_X62Y6          RAMD64E                                      r  system_i/generator_accelerator_0/inst/u_gnn/gen_weight_bank[15].bank/memory_reg_128_255_15_15/DP.LOW/WADR2
  -------------------------------------------------------------------    -------------------

                         (clock clk_fpga_0 rise edge)
                                                      0.000     0.000 r
    PS7_X0Y0             PS7                          0.000     0.000 r  system_i/processing_system7_0/inst/PS7_i/FCLKCLK[0]
                         net (fo=1, routed)           0.331     0.331    system_i/processing_system7_0/inst/FCLK_CLK_unbuffered[0]
    BUFGCTRL_X0Y16       BUFG (Prop_bufg_I_O)         0.029     0.360 r  system_i/processing_system7_0/inst/buffer_fclk_clk_0.FCLK_CLK_0_BUFG/O
                         net (fo=20688, routed)       0.832     1.192    system_i/generator_accelerator_0/inst/u_gnn/gen_weight_bank[15].bank/memory_reg_128_255_15_15/WCLK
    SLICE_X62Y6          RAMD64E                                      r  system_i/generator_accelerator_0/inst/u_gnn/gen_weight_bank[15].bank/memory_reg_128_255_15_15/DP.LOW/CLK
                         clock pessimism             -0.287     0.906
    SLICE_X62Y6          RAMD64E (Hold_ramd64e_CLK_WADR2)
                                                      0.254     1.160    system_i/generator_accelerator_0/inst/u_gnn/gen_weight_bank[15].bank/memory_reg_128_255_15_15/DP.LOW
  -------------------------------------------------------------------
                         required time                         -1.160
                         arrival time                           1.239
  -------------------------------------------------------------------
                         slack                                  0.079

Slack (MET) :             0.079ns  (arrival time - required time)
  Source:                 system_i/generator_accelerator_0/inst/gnn_weight_addr_reg[10]_rep__22/C
                            (rising edge-triggered cell FDCE clocked by clk_fpga_0  {rise@0.000ns fall@5.000ns period=10.000ns})
  Destination:            system_i/generator_accelerator_0/inst/u_gnn/gen_weight_bank[15].bank/memory_reg_128_255_15_15/SP.HIGH/WADR2
                            (rising edge-triggered cell RAMD64E clocked by clk_fpga_0  {rise@0.000ns fall@5.000ns period=10.000ns})
  Path Group:             clk_fpga_0
  Path Type:              Hold (Min at Fast Process Corner)
  Requirement:            0.000ns  (clk_fpga_0 rise@0.000ns - clk_fpga_0 rise@0.000ns)
  Data Path Delay:        0.350ns  (logic 0.141ns (40.270%)  route 0.209ns (59.730%))
  Logic Levels:           0
  Clock Path Skew:        0.017ns (DCD - SCD - CPR)
    Destination Clock Delay (DCD):    1.192ns
    Source Clock Delay      (SCD):    0.889ns
    Clock Pessimism Removal (CPR):    0.287ns

    Location             Delay type                Incr(ns)  Path(ns)    Netlist Resource(s)
  -------------------------------------------------------------------    -------------------
                         (clock clk_fpga_0 rise edge)
                                                      0.000     0.000 r
    PS7_X0Y0             PS7                          0.000     0.000 r  system_i/processing_system7_0/inst/PS7_i/FCLKCLK[0]
                         net (fo=1, routed)           0.303     0.303    system_i/processing_system7_0/inst/FCLK_CLK_unbuffered[0]
    BUFGCTRL_X0Y16       BUFG (Prop_bufg_I_O)         0.026     0.329 r  system_i/processing_system7_0/inst/buffer_fclk_clk_0.FCLK_CLK_0_BUFG/O
                         net (fo=20688, routed)       0.560     0.889    system_i/generator_accelerator_0/inst/s_axi_aclk
    SLICE_X61Y7          FDCE                                         r  system_i/generator_accelerator_0/inst/gnn_weight_addr_reg[10]_rep__22/C
  -------------------------------------------------------------------    -------------------
    SLICE_X61Y7          FDCE (Prop_fdce_C_Q)         0.141     1.030 r  system_i/generator_accelerator_0/inst/gnn_weight_addr_reg[10]_rep__22/Q
                         net (fo=192, routed)         0.209     1.239    system_i/generator_accelerator_0/inst/u_gnn/gen_weight_bank[15].bank/memory_reg_128_255_15_15/A2
    SLICE_X62Y6          RAMD64E                                      r  system_i/generator_accelerator_0/inst/u_gnn/gen_weight_bank[15].bank/memory_reg_128_255_15_15/SP.HIGH/WADR2
  -------------------------------------------------------------------    -------------------

                         (clock clk_fpga_0 rise edge)
                                                      0.000     0.000 r
    PS7_X0Y0             PS7                          0.000     0.000 r  system_i/processing_system7_0/inst/PS7_i/FCLKCLK[0]
                         net (fo=1, routed)           0.331     0.331    system_i/processing_system7_0/inst/FCLK_CLK_unbuffered[0]
    BUFGCTRL_X0Y16       BUFG (Prop_bufg_I_O)         0.029     0.360 r  system_i/processing_system7_0/inst/buffer_fclk_clk_0.FCLK_CLK_0_BUFG/O
                         net (fo=20688, routed)       0.832     1.192    system_i/generator_accelerator_0/inst/u_gnn/gen_weight_bank[15].bank/memory_reg_128_255_15_15/WCLK
    SLICE_X62Y6          RAMD64E                                      r  system_i/generator_accelerator_0/inst/u_gnn/gen_weight_bank[15].bank/memory_reg_128_255_15_15/SP.HIGH/CLK
                         clock pessimism             -0.287     0.906
    SLICE_X62Y6          RAMD64E (Hold_ramd64e_CLK_WADR2)
                                                      0.254     1.160    system_i/generator_accelerator_0/inst/u_gnn/gen_weight_bank[15].bank/memory_reg_128_255_15_15/SP.HIGH
  -------------------------------------------------------------------
                         required time                         -1.160
                         arrival time                           1.239
  -------------------------------------------------------------------
                         slack                                  0.079

Slack (MET) :             0.079ns  (arrival time - required time)
  Source:                 system_i/generator_accelerator_0/inst/gnn_weight_addr_reg[10]_rep__22/C
                            (rising edge-triggered cell FDCE clocked by clk_fpga_0  {rise@0.000ns fall@5.000ns period=10.000ns})
  Destination:            system_i/generator_accelerator_0/inst/u_gnn/gen_weight_bank[15].bank/memory_reg_128_255_15_15/SP.LOW/WADR2
                            (rising edge-triggered cell RAMD64E clocked by clk_fpga_0  {rise@0.000ns fall@5.000ns period=10.000ns})
  Path Group:             clk_fpga_0
  Path Type:              Hold (Min at Fast Process Corner)
  Requirement:            0.000ns  (clk_fpga_0 rise@0.000ns - clk_fpga_0 rise@0.000ns)
  Data Path Delay:        0.350ns  (logic 0.141ns (40.270%)  route 0.209ns (59.730%))
  Logic Levels:           0
  Clock Path Skew:        0.017ns (DCD - SCD - CPR)
    Destination Clock Delay (DCD):    1.192ns
    Source Clock Delay      (SCD):    0.889ns
    Clock Pessimism Removal (CPR):    0.287ns

    Location             Delay type                Incr(ns)  Path(ns)    Netlist Resource(s)
  -------------------------------------------------------------------    -------------------
                         (clock clk_fpga_0 rise edge)
                                                      0.000     0.000 r
    PS7_X0Y0             PS7                          0.000     0.000 r  system_i/processing_system7_0/inst/PS7_i/FCLKCLK[0]
                         net (fo=1, routed)           0.303     0.303    system_i/processing_system7_0/inst/FCLK_CLK_unbuffered[0]
    BUFGCTRL_X0Y16       BUFG (Prop_bufg_I_O)         0.026     0.329 r  system_i/processing_system7_0/inst/buffer_fclk_clk_0.FCLK_CLK_0_BUFG/O
                         net (fo=20688, routed)       0.560     0.889    system_i/generator_accelerator_0/inst/s_axi_aclk
    SLICE_X61Y7          FDCE                                         r  system_i/generator_accelerator_0/inst/gnn_weight_addr_reg[10]_rep__22/C
  -------------------------------------------------------------------    -------------------
    SLICE_X61Y7          FDCE (Prop_fdce_C_Q)         0.141     1.030 r  system_i/generator_accelerator_0/inst/gnn_weight_addr_reg[10]_rep__22/Q
                         net (fo=192, routed)         0.209     1.239    system_i/generator_accelerator_0/inst/u_gnn/gen_weight_bank[15].bank/memory_reg_128_255_15_15/A2
    SLICE_X62Y6          RAMD64E                                      r  system_i/generator_accelerator_0/inst/u_gnn/gen_weight_bank[15].bank/memory_reg_128_255_15_15/SP.LOW/WADR2
  -------------------------------------------------------------------    -------------------

                         (clock clk_fpga_0 rise edge)
                                                      0.000     0.000 r
    PS7_X0Y0             PS7                          0.000     0.000 r  system_i/processing_system7_0/inst/PS7_i/FCLKCLK[0]
                         net (fo=1, routed)           0.331     0.331    system_i/processing_system7_0/inst/FCLK_CLK_unbuffered[0]
    BUFGCTRL_X0Y16       BUFG (Prop_bufg_I_O)         0.029     0.360 r  system_i/processing_system7_0/inst/buffer_fclk_clk_0.FCLK_CLK_0_BUFG/O
                         net (fo=20688, routed)       0.832     1.192    system_i/generator_accelerator_0/inst/u_gnn/gen_weight_bank[15].bank/memory_reg_128_255_15_15/WCLK
    SLICE_X62Y6          RAMD64E                                      r  system_i/generator_accelerator_0/inst/u_gnn/gen_weight_bank[15].bank/memory_reg_128_255_15_15/SP.LOW/CLK
                         clock pessimism             -0.287     0.906
    SLICE_X62Y6          RAMD64E (Hold_ramd64e_CLK_WADR2)
                                                      0.254     1.160    system_i/generator_accelerator_0/inst/u_gnn/gen_weight_bank[15].bank/memory_reg_128_255_15_15/SP.LOW
  -------------------------------------------------------------------
                         required time                         -1.160
                         arrival time                           1.239
  -------------------------------------------------------------------
                         slack                                  0.079

Slack (MET) :             0.079ns  (arrival time - required time)
  Source:                 system_i/generator_accelerator_0/inst/gnn_weight_addr_reg[8]_rep__20/C
                            (rising edge-triggered cell FDCE clocked by clk_fpga_0  {rise@0.000ns fall@5.000ns period=10.000ns})
  Destination:            system_i/generator_accelerator_0/inst/u_gnn/gen_weight_bank[19].bank/memory_reg_0_127_10_10/DP.HIGH/WADR0
                            (rising edge-triggered cell RAMD64E clocked by clk_fpga_0  {rise@0.000ns fall@5.000ns period=10.000ns})
  Path Group:             clk_fpga_0
  Path Type:              Hold (Min at Fast Process Corner)
  Requirement:            0.000ns  (clk_fpga_0 rise@0.000ns - clk_fpga_0 rise@0.000ns)
  Data Path Delay:        0.427ns  (logic 0.141ns (33.004%)  route 0.286ns (66.996%))
  Logic Levels:           0
  Clock Path Skew:        0.038ns (DCD - SCD - CPR)
    Destination Clock Delay (DCD):    1.190ns
    Source Clock Delay      (SCD):    0.888ns
    Clock Pessimism Removal (CPR):    0.264ns

    Location             Delay type                Incr(ns)  Path(ns)    Netlist Resource(s)
  -------------------------------------------------------------------    -------------------
                         (clock clk_fpga_0 rise edge)
                                                      0.000     0.000 r
    PS7_X0Y0             PS7                          0.000     0.000 r  system_i/processing_system7_0/inst/PS7_i/FCLKCLK[0]
                         net (fo=1, routed)           0.303     0.303    system_i/processing_system7_0/inst/FCLK_CLK_unbuffered[0]
    BUFGCTRL_X0Y16       BUFG (Prop_bufg_I_O)         0.026     0.329 r  system_i/processing_system7_0/inst/buffer_fclk_clk_0.FCLK_CLK_0_BUFG/O
                         net (fo=20688, routed)       0.559     0.888    system_i/generator_accelerator_0/inst/s_axi_aclk
    SLICE_X65Y12         FDCE                                         r  system_i/generator_accelerator_0/inst/gnn_weight_addr_reg[8]_rep__20/C
  -------------------------------------------------------------------    -------------------
    SLICE_X65Y12         FDCE (Prop_fdce_C_Q)         0.141     1.029 r  system_i/generator_accelerator_0/inst/gnn_weight_addr_reg[8]_rep__20/Q
                         net (fo=192, routed)         0.286     1.315    system_i/generator_accelerator_0/inst/u_gnn/gen_weight_bank[19].bank/memory_reg_0_127_10_10/A0
    SLICE_X62Y11         RAMD64E                                      r  system_i/generator_accelerator_0/inst/u_gnn/gen_weight_bank[19].bank/memory_reg_0_127_10_10/DP.HIGH/WADR0
  -------------------------------------------------------------------    -------------------

                         (clock clk_fpga_0 rise edge)
                                                      0.000     0.000 r
    PS7_X0Y0             PS7                          0.000     0.000 r  system_i/processing_system7_0/inst/PS7_i/FCLKCLK[0]
                         net (fo=1, routed)           0.331     0.331    system_i/processing_system7_0/inst/FCLK_CLK_unbuffered[0]
    BUFGCTRL_X0Y16       BUFG (Prop_bufg_I_O)         0.029     0.360 r  system_i/processing_system7_0/inst/buffer_fclk_clk_0.FCLK_CLK_0_BUFG/O
                         net (fo=20688, routed)       0.830     1.190    system_i/generator_accelerator_0/inst/u_gnn/gen_weight_bank[19].bank/memory_reg_0_127_10_10/WCLK
    SLICE_X62Y11         RAMD64E                                      r  system_i/generator_accelerator_0/inst/u_gnn/gen_weight_bank[19].bank/memory_reg_0_127_10_10/DP.HIGH/CLK
                         clock pessimism             -0.264     0.926
    SLICE_X62Y11         RAMD64E (Hold_ramd64e_CLK_WADR0)
                                                      0.310     1.236    system_i/generator_accelerator_0/inst/u_gnn/gen_weight_bank[19].bank/memory_reg_0_127_10_10/DP.HIGH
  -------------------------------------------------------------------
                         required time                         -1.236
                         arrival time                           1.315
  -------------------------------------------------------------------
                         slack                                  0.079

Slack (MET) :             0.079ns  (arrival time - required time)
  Source:                 system_i/generator_accelerator_0/inst/gnn_weight_addr_reg[8]_rep__20/C
                            (rising edge-triggered cell FDCE clocked by clk_fpga_0  {rise@0.000ns fall@5.000ns period=10.000ns})
  Destination:            system_i/generator_accelerator_0/inst/u_gnn/gen_weight_bank[19].bank/memory_reg_0_127_10_10/DP.LOW/WADR0
                            (rising edge-triggered cell RAMD64E clocked by clk_fpga_0  {rise@0.000ns fall@5.000ns period=10.000ns})
  Path Group:             clk_fpga_0
  Path Type:              Hold (Min at Fast Process Corner)
  Requirement:            0.000ns  (clk_fpga_0 rise@0.000ns - clk_fpga_0 rise@0.000ns)
  Data Path Delay:        0.427ns  (logic 0.141ns (33.004%)  route 0.286ns (66.996%))
  Logic Levels:           0
  Clock Path Skew:        0.038ns (DCD - SCD - CPR)
    Destination Clock Delay (DCD):    1.190ns
    Source Clock Delay      (SCD):    0.888ns
    Clock Pessimism Removal (CPR):    0.264ns

    Location             Delay type                Incr(ns)  Path(ns)    Netlist Resource(s)
  -------------------------------------------------------------------    -------------------
                         (clock clk_fpga_0 rise edge)
                                                      0.000     0.000 r
    PS7_X0Y0             PS7                          0.000     0.000 r  system_i/processing_system7_0/inst/PS7_i/FCLKCLK[0]
                         net (fo=1, routed)           0.303     0.303    system_i/processing_system7_0/inst/FCLK_CLK_unbuffered[0]
    BUFGCTRL_X0Y16       BUFG (Prop_bufg_I_O)         0.026     0.329 r  system_i/processing_system7_0/inst/buffer_fclk_clk_0.FCLK_CLK_0_BUFG/O
                         net (fo=20688, routed)       0.559     0.888    system_i/generator_accelerator_0/inst/s_axi_aclk
    SLICE_X65Y12         FDCE                                         r  system_i/generator_accelerator_0/inst/gnn_weight_addr_reg[8]_rep__20/C
  -------------------------------------------------------------------    -------------------
    SLICE_X65Y12         FDCE (Prop_fdce_C_Q)         0.141     1.029 r  system_i/generator_accelerator_0/inst/gnn_weight_addr_reg[8]_rep__20/Q
                         net (fo=192, routed)         0.286     1.315    system_i/generator_accelerator_0/inst/u_gnn/gen_weight_bank[19].bank/memory_reg_0_127_10_10/A0
    SLICE_X62Y11         RAMD64E                                      r  system_i/generator_accelerator_0/inst/u_gnn/gen_weight_bank[19].bank/memory_reg_0_127_10_10/DP.LOW/WADR0
  -------------------------------------------------------------------    -------------------

                         (clock clk_fpga_0 rise edge)
                                                      0.000     0.000 r
    PS7_X0Y0             PS7                          0.000     0.000 r  system_i/processing_system7_0/inst/PS7_i/FCLKCLK[0]
                         net (fo=1, routed)           0.331     0.331    system_i/processing_system7_0/inst/FCLK_CLK_unbuffered[0]
    BUFGCTRL_X0Y16       BUFG (Prop_bufg_I_O)         0.029     0.360 r  system_i/processing_system7_0/inst/buffer_fclk_clk_0.FCLK_CLK_0_BUFG/O
                         net (fo=20688, routed)       0.830     1.190    system_i/generator_accelerator_0/inst/u_gnn/gen_weight_bank[19].bank/memory_reg_0_127_10_10/WCLK
    SLICE_X62Y11         RAMD64E                                      r  system_i/generator_accelerator_0/inst/u_gnn/gen_weight_bank[19].bank/memory_reg_0_127_10_10/DP.LOW/CLK
                         clock pessimism             -0.264     0.926
    SLICE_X62Y11         RAMD64E (Hold_ramd64e_CLK_WADR0)
                                                      0.310     1.236    system_i/generator_accelerator_0/inst/u_gnn/gen_weight_bank[19].bank/memory_reg_0_127_10_10/DP.LOW
  -------------------------------------------------------------------
                         required time                         -1.236
                         arrival time                           1.315
  -------------------------------------------------------------------
                         slack                                  0.079

Slack (MET) :             0.079ns  (arrival time - required time)
  Source:                 system_i/generator_accelerator_0/inst/gnn_weight_addr_reg[8]_rep__20/C
                            (rising edge-triggered cell FDCE clocked by clk_fpga_0  {rise@0.000ns fall@5.000ns period=10.000ns})
  Destination:            system_i/generator_accelerator_0/inst/u_gnn/gen_weight_bank[19].bank/memory_reg_0_127_10_10/SP.HIGH/WADR0
                            (rising edge-triggered cell RAMD64E clocked by clk_fpga_0  {rise@0.000ns fall@5.000ns period=10.000ns})
  Path Group:             clk_fpga_0
  Path Type:              Hold (Min at Fast Process Corner)
  Requirement:            0.000ns  (clk_fpga_0 rise@0.000ns - clk_fpga_0 rise@0.000ns)
  Data Path Delay:        0.427ns  (logic 0.141ns (33.004%)  route 0.286ns (66.996%))
  Logic Levels:           0
  Clock Path Skew:        0.038ns (DCD - SCD - CPR)
    Destination Clock Delay (DCD):    1.190ns
    Source Clock Delay      (SCD):    0.888ns
    Clock Pessimism Removal (CPR):    0.264ns

    Location             Delay type                Incr(ns)  Path(ns)    Netlist Resource(s)
  -------------------------------------------------------------------    -------------------
                         (clock clk_fpga_0 rise edge)
                                                      0.000     0.000 r
    PS7_X0Y0             PS7                          0.000     0.000 r  system_i/processing_system7_0/inst/PS7_i/FCLKCLK[0]
                         net (fo=1, routed)           0.303     0.303    system_i/processing_system7_0/inst/FCLK_CLK_unbuffered[0]
    BUFGCTRL_X0Y16       BUFG (Prop_bufg_I_O)         0.026     0.329 r  system_i/processing_system7_0/inst/buffer_fclk_clk_0.FCLK_CLK_0_BUFG/O
                         net (fo=20688, routed)       0.559     0.888    system_i/generator_accelerator_0/inst/s_axi_aclk
    SLICE_X65Y12         FDCE                                         r  system_i/generator_accelerator_0/inst/gnn_weight_addr_reg[8]_rep__20/C
  -------------------------------------------------------------------    -------------------
    SLICE_X65Y12         FDCE (Prop_fdce_C_Q)         0.141     1.029 r  system_i/generator_accelerator_0/inst/gnn_weight_addr_reg[8]_rep__20/Q
                         net (fo=192, routed)         0.286     1.315    system_i/generator_accelerator_0/inst/u_gnn/gen_weight_bank[19].bank/memory_reg_0_127_10_10/A0
    SLICE_X62Y11         RAMD64E                                      r  system_i/generator_accelerator_0/inst/u_gnn/gen_weight_bank[19].bank/memory_reg_0_127_10_10/SP.HIGH/WADR0
  -------------------------------------------------------------------    -------------------

                         (clock clk_fpga_0 rise edge)
                                                      0.000     0.000 r
    PS7_X0Y0             PS7                          0.000     0.000 r  system_i/processing_system7_0/inst/PS7_i/FCLKCLK[0]
                         net (fo=1, routed)           0.331     0.331    system_i/processing_system7_0/inst/FCLK_CLK_unbuffered[0]
    BUFGCTRL_X0Y16       BUFG (Prop_bufg_I_O)         0.029     0.360 r  system_i/processing_system7_0/inst/buffer_fclk_clk_0.FCLK_CLK_0_BUFG/O
                         net (fo=20688, routed)       0.830     1.190    system_i/generator_accelerator_0/inst/u_gnn/gen_weight_bank[19].bank/memory_reg_0_127_10_10/WCLK
    SLICE_X62Y11         RAMD64E                                      r  system_i/generator_accelerator_0/inst/u_gnn/gen_weight_bank[19].bank/memory_reg_0_127_10_10/SP.HIGH/CLK
                         clock pessimism             -0.264     0.926
    SLICE_X62Y11         RAMD64E (Hold_ramd64e_CLK_WADR0)
                                                      0.310     1.236    system_i/generator_accelerator_0/inst/u_gnn/gen_weight_bank[19].bank/memory_reg_0_127_10_10/SP.HIGH
  -------------------------------------------------------------------
                         required time                         -1.236
                         arrival time                           1.315
  -------------------------------------------------------------------
                         slack                                  0.079

Slack (MET) :             0.079ns  (arrival time - required time)
  Source:                 system_i/generator_accelerator_0/inst/gnn_weight_addr_reg[8]_rep__20/C
                            (rising edge-triggered cell FDCE clocked by clk_fpga_0  {rise@0.000ns fall@5.000ns period=10.000ns})
  Destination:            system_i/generator_accelerator_0/inst/u_gnn/gen_weight_bank[19].bank/memory_reg_0_127_10_10/SP.LOW/WADR0
                            (rising edge-triggered cell RAMD64E clocked by clk_fpga_0  {rise@0.000ns fall@5.000ns period=10.000ns})
  Path Group:             clk_fpga_0
  Path Type:              Hold (Min at Fast Process Corner)
  Requirement:            0.000ns  (clk_fpga_0 rise@0.000ns - clk_fpga_0 rise@0.000ns)
  Data Path Delay:        0.427ns  (logic 0.141ns (33.004%)  route 0.286ns (66.996%))
  Logic Levels:           0
  Clock Path Skew:        0.038ns (DCD - SCD - CPR)
    Destination Clock Delay (DCD):    1.190ns
    Source Clock Delay      (SCD):    0.888ns
    Clock Pessimism Removal (CPR):    0.264ns

    Location             Delay type                Incr(ns)  Path(ns)    Netlist Resource(s)
  -------------------------------------------------------------------    -------------------
                         (clock clk_fpga_0 rise edge)
                                                      0.000     0.000 r
    PS7_X0Y0             PS7                          0.000     0.000 r  system_i/processing_system7_0/inst/PS7_i/FCLKCLK[0]
                         net (fo=1, routed)           0.303     0.303    system_i/processing_system7_0/inst/FCLK_CLK_unbuffered[0]
    BUFGCTRL_X0Y16       BUFG (Prop_bufg_I_O)         0.026     0.329 r  system_i/processing_system7_0/inst/buffer_fclk_clk_0.FCLK_CLK_0_BUFG/O
                         net (fo=20688, routed)       0.559     0.888    system_i/generator_accelerator_0/inst/s_axi_aclk
    SLICE_X65Y12         FDCE                                         r  system_i/generator_accelerator_0/inst/gnn_weight_addr_reg[8]_rep__20/C
  -------------------------------------------------------------------    -------------------
    SLICE_X65Y12         FDCE (Prop_fdce_C_Q)         0.141     1.029 r  system_i/generator_accelerator_0/inst/gnn_weight_addr_reg[8]_rep__20/Q
                         net (fo=192, routed)         0.286     1.315    system_i/generator_accelerator_0/inst/u_gnn/gen_weight_bank[19].bank/memory_reg_0_127_10_10/A0
    SLICE_X62Y11         RAMD64E                                      r  system_i/generator_accelerator_0/inst/u_gnn/gen_weight_bank[19].bank/memory_reg_0_127_10_10/SP.LOW/WADR0
  -------------------------------------------------------------------    -------------------

                         (clock clk_fpga_0 rise edge)
                                                      0.000     0.000 r
    PS7_X0Y0             PS7                          0.000     0.000 r  system_i/processing_system7_0/inst/PS7_i/FCLKCLK[0]
                         net (fo=1, routed)           0.331     0.331    system_i/processing_system7_0/inst/FCLK_CLK_unbuffered[0]
    BUFGCTRL_X0Y16       BUFG (Prop_bufg_I_O)         0.029     0.360 r  system_i/processing_system7_0/inst/buffer_fclk_clk_0.FCLK_CLK_0_BUFG/O
                         net (fo=20688, routed)       0.830     1.190    system_i/generator_accelerator_0/inst/u_gnn/gen_weight_bank[19].bank/memory_reg_0_127_10_10/WCLK
    SLICE_X62Y11         RAMD64E                                      r  system_i/generator_accelerator_0/inst/u_gnn/gen_weight_bank[19].bank/memory_reg_0_127_10_10/SP.LOW/CLK
                         clock pessimism             -0.264     0.926
    SLICE_X62Y11         RAMD64E (Hold_ramd64e_CLK_WADR0)
                                                      0.310     1.236    system_i/generator_accelerator_0/inst/u_gnn/gen_weight_bank[19].bank/memory_reg_0_127_10_10/SP.LOW
  -------------------------------------------------------------------
                         required time                         -1.236
                         arrival time                           1.315
  -------------------------------------------------------------------
                         slack                                  0.079

Slack (MET) :             0.079ns  (arrival time - required time)
  Source:                 system_i/generator_accelerator_0/inst/gnn_weight_addr_reg[9]_rep__12/C
                            (rising edge-triggered cell FDCE clocked by clk_fpga_0  {rise@0.000ns fall@5.000ns period=10.000ns})
  Destination:            system_i/generator_accelerator_0/inst/u_gnn/gen_weight_bank[28].bank/memory_reg_0_127_1_1/DP.HIGH/WADR1
                            (rising edge-triggered cell RAMD64E clocked by clk_fpga_0  {rise@0.000ns fall@5.000ns period=10.000ns})
  Path Group:             clk_fpga_0
  Path Type:              Hold (Min at Fast Process Corner)
  Requirement:            0.000ns  (clk_fpga_0 rise@0.000ns - clk_fpga_0 rise@0.000ns)
  Data Path Delay:        0.401ns  (logic 0.141ns (35.134%)  route 0.260ns (64.866%))
  Logic Levels:           0
  Clock Path Skew:        0.013ns (DCD - SCD - CPR)
    Destination Clock Delay (DCD):    1.176ns
    Source Clock Delay      (SCD):    0.878ns
    Clock Pessimism Removal (CPR):    0.285ns

    Location             Delay type                Incr(ns)  Path(ns)    Netlist Resource(s)
  -------------------------------------------------------------------    -------------------
                         (clock clk_fpga_0 rise edge)
                                                      0.000     0.000 r
    PS7_X0Y0             PS7                          0.000     0.000 r  system_i/processing_system7_0/inst/PS7_i/FCLKCLK[0]
                         net (fo=1, routed)           0.303     0.303    system_i/processing_system7_0/inst/FCLK_CLK_unbuffered[0]
    BUFGCTRL_X0Y16       BUFG (Prop_bufg_I_O)         0.026     0.329 r  system_i/processing_system7_0/inst/buffer_fclk_clk_0.FCLK_CLK_0_BUFG/O
                         net (fo=20688, routed)       0.549     0.878    system_i/generator_accelerator_0/inst/s_axi_aclk
    SLICE_X65Y24         FDCE                                         r  system_i/generator_accelerator_0/inst/gnn_weight_addr_reg[9]_rep__12/C
  -------------------------------------------------------------------    -------------------
    SLICE_X65Y24         FDCE (Prop_fdce_C_Q)         0.141     1.019 r  system_i/generator_accelerator_0/inst/gnn_weight_addr_reg[9]_rep__12/Q
                         net (fo=192, routed)         0.260     1.279    system_i/generator_accelerator_0/inst/u_gnn/gen_weight_bank[28].bank/memory_reg_0_127_1_1/A1
    SLICE_X66Y24         RAMD64E                                      r  system_i/generator_accelerator_0/inst/u_gnn/gen_weight_bank[28].bank/memory_reg_0_127_1_1/DP.HIGH/WADR1
  -------------------------------------------------------------------    -------------------

                         (clock clk_fpga_0 rise edge)
                                                      0.000     0.000 r
    PS7_X0Y0             PS7                          0.000     0.000 r  system_i/processing_system7_0/inst/PS7_i/FCLKCLK[0]
                         net (fo=1, routed)           0.331     0.331    system_i/processing_system7_0/inst/FCLK_CLK_unbuffered[0]
    BUFGCTRL_X0Y16       BUFG (Prop_bufg_I_O)         0.029     0.360 r  system_i/processing_system7_0/inst/buffer_fclk_clk_0.FCLK_CLK_0_BUFG/O
                         net (fo=20688, routed)       0.816     1.176    system_i/generator_accelerator_0/inst/u_gnn/gen_weight_bank[28].bank/memory_reg_0_127_1_1/WCLK
    SLICE_X66Y24         RAMD64E                                      r  system_i/generator_accelerator_0/inst/u_gnn/gen_weight_bank[28].bank/memory_reg_0_127_1_1/DP.HIGH/CLK
                         clock pessimism             -0.285     0.891
    SLICE_X66Y24         RAMD64E (Hold_ramd64e_CLK_WADR1)
                                                      0.309     1.200    system_i/generator_accelerator_0/inst/u_gnn/gen_weight_bank[28].bank/memory_reg_0_127_1_1/DP.HIGH
  -------------------------------------------------------------------
                         required time                         -1.200
                         arrival time                           1.279
  -------------------------------------------------------------------
                         slack                                  0.079

Slack (MET) :             0.079ns  (arrival time - required time)
  Source:                 system_i/generator_accelerator_0/inst/gnn_weight_addr_reg[9]_rep__12/C
                            (rising edge-triggered cell FDCE clocked by clk_fpga_0  {rise@0.000ns fall@5.000ns period=10.000ns})
  Destination:            system_i/generator_accelerator_0/inst/u_gnn/gen_weight_bank[28].bank/memory_reg_0_127_1_1/DP.LOW/WADR1
                            (rising edge-triggered cell RAMD64E clocked by clk_fpga_0  {rise@0.000ns fall@5.000ns period=10.000ns})
  Path Group:             clk_fpga_0
  Path Type:              Hold (Min at Fast Process Corner)
  Requirement:            0.000ns  (clk_fpga_0 rise@0.000ns - clk_fpga_0 rise@0.000ns)
  Data Path Delay:        0.401ns  (logic 0.141ns (35.134%)  route 0.260ns (64.866%))
  Logic Levels:           0
  Clock Path Skew:        0.013ns (DCD - SCD - CPR)
    Destination Clock Delay (DCD):    1.176ns
    Source Clock Delay      (SCD):    0.878ns
    Clock Pessimism Removal (CPR):    0.285ns

    Location             Delay type                Incr(ns)  Path(ns)    Netlist Resource(s)
  -------------------------------------------------------------------    -------------------
                         (clock clk_fpga_0 rise edge)
                                                      0.000     0.000 r
    PS7_X0Y0             PS7                          0.000     0.000 r  system_i/processing_system7_0/inst/PS7_i/FCLKCLK[0]
                         net (fo=1, routed)           0.303     0.303    system_i/processing_system7_0/inst/FCLK_CLK_unbuffered[0]
    BUFGCTRL_X0Y16       BUFG (Prop_bufg_I_O)         0.026     0.329 r  system_i/processing_system7_0/inst/buffer_fclk_clk_0.FCLK_CLK_0_BUFG/O
                         net (fo=20688, routed)       0.549     0.878    system_i/generator_accelerator_0/inst/s_axi_aclk
    SLICE_X65Y24         FDCE                                         r  system_i/generator_accelerator_0/inst/gnn_weight_addr_reg[9]_rep__12/C
  -------------------------------------------------------------------    -------------------
    SLICE_X65Y24         FDCE (Prop_fdce_C_Q)         0.141     1.019 r  system_i/generator_accelerator_0/inst/gnn_weight_addr_reg[9]_rep__12/Q
                         net (fo=192, routed)         0.260     1.279    system_i/generator_accelerator_0/inst/u_gnn/gen_weight_bank[28].bank/memory_reg_0_127_1_1/A1
    SLICE_X66Y24         RAMD64E                                      r  system_i/generator_accelerator_0/inst/u_gnn/gen_weight_bank[28].bank/memory_reg_0_127_1_1/DP.LOW/WADR1
  -------------------------------------------------------------------    -------------------

                         (clock clk_fpga_0 rise edge)
                                                      0.000     0.000 r
    PS7_X0Y0             PS7                          0.000     0.000 r  system_i/processing_system7_0/inst/PS7_i/FCLKCLK[0]
                         net (fo=1, routed)           0.331     0.331    system_i/processing_system7_0/inst/FCLK_CLK_unbuffered[0]
    BUFGCTRL_X0Y16       BUFG (Prop_bufg_I_O)         0.029     0.360 r  system_i/processing_system7_0/inst/buffer_fclk_clk_0.FCLK_CLK_0_BUFG/O
                         net (fo=20688, routed)       0.816     1.176    system_i/generator_accelerator_0/inst/u_gnn/gen_weight_bank[28].bank/memory_reg_0_127_1_1/WCLK
    SLICE_X66Y24         RAMD64E                                      r  system_i/generator_accelerator_0/inst/u_gnn/gen_weight_bank[28].bank/memory_reg_0_127_1_1/DP.LOW/CLK
                         clock pessimism             -0.285     0.891
    SLICE_X66Y24         RAMD64E (Hold_ramd64e_CLK_WADR1)
                                                      0.309     1.200    system_i/generator_accelerator_0/inst/u_gnn/gen_weight_bank[28].bank/memory_reg_0_127_1_1/DP.LOW
  -------------------------------------------------------------------
                         required time                         -1.200
                         arrival time                           1.279
  -------------------------------------------------------------------
                         slack                                  0.079

Slack (MET) :             0.079ns  (arrival time - required time)
  Source:                 system_i/generator_accelerator_0/inst/gnn_weight_addr_reg[9]_rep__12/C
                            (rising edge-triggered cell FDCE clocked by clk_fpga_0  {rise@0.000ns fall@5.000ns period=10.000ns})
  Destination:            system_i/generator_accelerator_0/inst/u_gnn/gen_weight_bank[28].bank/memory_reg_0_127_1_1/SP.HIGH/WADR1
                            (rising edge-triggered cell RAMD64E clocked by clk_fpga_0  {rise@0.000ns fall@5.000ns period=10.000ns})
  Path Group:             clk_fpga_0
  Path Type:              Hold (Min at Fast Process Corner)
  Requirement:            0.000ns  (clk_fpga_0 rise@0.000ns - clk_fpga_0 rise@0.000ns)
  Data Path Delay:        0.401ns  (logic 0.141ns (35.134%)  route 0.260ns (64.866%))
  Logic Levels:           0
  Clock Path Skew:        0.013ns (DCD - SCD - CPR)
    Destination Clock Delay (DCD):    1.176ns
    Source Clock Delay      (SCD):    0.878ns
    Clock Pessimism Removal (CPR):    0.285ns

    Location             Delay type                Incr(ns)  Path(ns)    Netlist Resource(s)
  -------------------------------------------------------------------    -------------------
                         (clock clk_fpga_0 rise edge)
                                                      0.000     0.000 r
    PS7_X0Y0             PS7                          0.000     0.000 r  system_i/processing_system7_0/inst/PS7_i/FCLKCLK[0]
                         net (fo=1, routed)           0.303     0.303    system_i/processing_system7_0/inst/FCLK_CLK_unbuffered[0]
    BUFGCTRL_X0Y16       BUFG (Prop_bufg_I_O)         0.026     0.329 r  system_i/processing_system7_0/inst/buffer_fclk_clk_0.FCLK_CLK_0_BUFG/O
                         net (fo=20688, routed)       0.549     0.878    system_i/generator_accelerator_0/inst/s_axi_aclk
    SLICE_X65Y24         FDCE                                         r  system_i/generator_accelerator_0/inst/gnn_weight_addr_reg[9]_rep__12/C
  -------------------------------------------------------------------    -------------------
    SLICE_X65Y24         FDCE (Prop_fdce_C_Q)         0.141     1.019 r  system_i/generator_accelerator_0/inst/gnn_weight_addr_reg[9]_rep__12/Q
                         net (fo=192, routed)         0.260     1.279    system_i/generator_accelerator_0/inst/u_gnn/gen_weight_bank[28].bank/memory_reg_0_127_1_1/A1
    SLICE_X66Y24         RAMD64E                                      r  system_i/generator_accelerator_0/inst/u_gnn/gen_weight_bank[28].bank/memory_reg_0_127_1_1/SP.HIGH/WADR1
  -------------------------------------------------------------------    -------------------

                         (clock clk_fpga_0 rise edge)
                                                      0.000     0.000 r
    PS7_X0Y0             PS7                          0.000     0.000 r  system_i/processing_system7_0/inst/PS7_i/FCLKCLK[0]
                         net (fo=1, routed)           0.331     0.331    system_i/processing_system7_0/inst/FCLK_CLK_unbuffered[0]
    BUFGCTRL_X0Y16       BUFG (Prop_bufg_I_O)         0.029     0.360 r  system_i/processing_system7_0/inst/buffer_fclk_clk_0.FCLK_CLK_0_BUFG/O
                         net (fo=20688, routed)       0.816     1.176    system_i/generator_accelerator_0/inst/u_gnn/gen_weight_bank[28].bank/memory_reg_0_127_1_1/WCLK
    SLICE_X66Y24         RAMD64E                                      r  system_i/generator_accelerator_0/inst/u_gnn/gen_weight_bank[28].bank/memory_reg_0_127_1_1/SP.HIGH/CLK
                         clock pessimism             -0.285     0.891
    SLICE_X66Y24         RAMD64E (Hold_ramd64e_CLK_WADR1)
                                                      0.309     1.200    system_i/generator_accelerator_0/inst/u_gnn/gen_weight_bank[28].bank/memory_reg_0_127_1_1/SP.HIGH
  -------------------------------------------------------------------
                         required time                         -1.200
                         arrival time                           1.279
  -------------------------------------------------------------------
                         slack                                  0.079

Slack (MET) :             0.079ns  (arrival time - required time)
  Source:                 system_i/generator_accelerator_0/inst/gnn_weight_addr_reg[9]_rep__12/C
                            (rising edge-triggered cell FDCE clocked by clk_fpga_0  {rise@0.000ns fall@5.000ns period=10.000ns})
  Destination:            system_i/generator_accelerator_0/inst/u_gnn/gen_weight_bank[28].bank/memory_reg_0_127_1_1/SP.LOW/WADR1
                            (rising edge-triggered cell RAMD64E clocked by clk_fpga_0  {rise@0.000ns fall@5.000ns period=10.000ns})
  Path Group:             clk_fpga_0
  Path Type:              Hold (Min at Fast Process Corner)
  Requirement:            0.000ns  (clk_fpga_0 rise@0.000ns - clk_fpga_0 rise@0.000ns)
  Data Path Delay:        0.401ns  (logic 0.141ns (35.134%)  route 0.260ns (64.866%))
  Logic Levels:           0
  Clock Path Skew:        0.013ns (DCD - SCD - CPR)
    Destination Clock Delay (DCD):    1.176ns
    Source Clock Delay      (SCD):    0.878ns
    Clock Pessimism Removal (CPR):    0.285ns

    Location             Delay type                Incr(ns)  Path(ns)    Netlist Resource(s)
  -------------------------------------------------------------------    -------------------
                         (clock clk_fpga_0 rise edge)
                                                      0.000     0.000 r
    PS7_X0Y0             PS7                          0.000     0.000 r  system_i/processing_system7_0/inst/PS7_i/FCLKCLK[0]
                         net (fo=1, routed)           0.303     0.303    system_i/processing_system7_0/inst/FCLK_CLK_unbuffered[0]
    BUFGCTRL_X0Y16       BUFG (Prop_bufg_I_O)         0.026     0.329 r  system_i/processing_system7_0/inst/buffer_fclk_clk_0.FCLK_CLK_0_BUFG/O
                         net (fo=20688, routed)       0.549     0.878    system_i/generator_accelerator_0/inst/s_axi_aclk
    SLICE_X65Y24         FDCE                                         r  system_i/generator_accelerator_0/inst/gnn_weight_addr_reg[9]_rep__12/C
  -------------------------------------------------------------------    -------------------
    SLICE_X65Y24         FDCE (Prop_fdce_C_Q)         0.141     1.019 r  system_i/generator_accelerator_0/inst/gnn_weight_addr_reg[9]_rep__12/Q
                         net (fo=192, routed)         0.260     1.279    system_i/generator_accelerator_0/inst/u_gnn/gen_weight_bank[28].bank/memory_reg_0_127_1_1/A1
    SLICE_X66Y24         RAMD64E                                      r  system_i/generator_accelerator_0/inst/u_gnn/gen_weight_bank[28].bank/memory_reg_0_127_1_1/SP.LOW/WADR1
  -------------------------------------------------------------------    -------------------

                         (clock clk_fpga_0 rise edge)
                                                      0.000     0.000 r
    PS7_X0Y0             PS7                          0.000     0.000 r  system_i/processing_system7_0/inst/PS7_i/FCLKCLK[0]
                         net (fo=1, routed)           0.331     0.331    system_i/processing_system7_0/inst/FCLK_CLK_unbuffered[0]
    BUFGCTRL_X0Y16       BUFG (Prop_bufg_I_O)         0.029     0.360 r  system_i/processing_system7_0/inst/buffer_fclk_clk_0.FCLK_CLK_0_BUFG/O
                         net (fo=20688, routed)       0.816     1.176    system_i/generator_accelerator_0/inst/u_gnn/gen_weight_bank[28].bank/memory_reg_0_127_1_1/WCLK
    SLICE_X66Y24         RAMD64E                                      r  system_i/generator_accelerator_0/inst/u_gnn/gen_weight_bank[28].bank/memory_reg_0_127_1_1/SP.LOW/CLK
                         clock pessimism             -0.285     0.891
    SLICE_X66Y24         RAMD64E (Hold_ramd64e_CLK_WADR1)
                                                      0.309     1.200    system_i/generator_accelerator_0/inst/u_gnn/gen_weight_bank[28].bank/memory_reg_0_127_1_1/SP.LOW
  -------------------------------------------------------------------
                         required time                         -1.200
                         arrival time                           1.279
  -------------------------------------------------------------------
                         slack                                  0.079

Slack (MET) :             0.079ns  (arrival time - required time)
  Source:                 system_i/generator_accelerator_0/inst/gnn_weight_addr_reg[8]_rep__19/C
                            (rising edge-triggered cell FDCE clocked by clk_fpga_0  {rise@0.000ns fall@5.000ns period=10.000ns})
  Destination:            system_i/generator_accelerator_0/inst/u_gnn/gen_weight_bank[21].bank/memory_reg_128_255_14_14/DP.HIGH/WADR0
                            (rising edge-triggered cell RAMD64E clocked by clk_fpga_0  {rise@0.000ns fall@5.000ns period=10.000ns})
  Path Group:             clk_fpga_0
  Path Type:              Hold (Min at Fast Process Corner)
  Requirement:            0.000ns  (clk_fpga_0 rise@0.000ns - clk_fpga_0 rise@0.000ns)
  Data Path Delay:        0.404ns  (logic 0.141ns (34.861%)  route 0.263ns (65.139%))
  Logic Levels:           0
  Clock Path Skew:        0.015ns (DCD - SCD - CPR)
    Destination Clock Delay (DCD):    1.212ns
    Source Clock Delay      (SCD):    0.912ns
    Clock Pessimism Removal (CPR):    0.285ns

    Location             Delay type                Incr(ns)  Path(ns)    Netlist Resource(s)
  -------------------------------------------------------------------    -------------------
                         (clock clk_fpga_0 rise edge)
                                                      0.000     0.000 r
    PS7_X0Y0             PS7                          0.000     0.000 r  system_i/processing_system7_0/inst/PS7_i/FCLKCLK[0]
                         net (fo=1, routed)           0.303     0.303    system_i/processing_system7_0/inst/FCLK_CLK_unbuffered[0]
    BUFGCTRL_X0Y16       BUFG (Prop_bufg_I_O)         0.026     0.329 r  system_i/processing_system7_0/inst/buffer_fclk_clk_0.FCLK_CLK_0_BUFG/O
                         net (fo=20688, routed)       0.583     0.912    system_i/generator_accelerator_0/inst/s_axi_aclk
    SLICE_X79Y13         FDCE                                         r  system_i/generator_accelerator_0/inst/gnn_weight_addr_reg[8]_rep__19/C
  -------------------------------------------------------------------    -------------------
    SLICE_X79Y13         FDCE (Prop_fdce_C_Q)         0.141     1.053 r  system_i/generator_accelerator_0/inst/gnn_weight_addr_reg[8]_rep__19/Q
                         net (fo=192, routed)         0.263     1.316    system_i/generator_accelerator_0/inst/u_gnn/gen_weight_bank[21].bank/memory_reg_128_255_14_14/A0
    SLICE_X78Y14         RAMD64E                                      r  system_i/generator_accelerator_0/inst/u_gnn/gen_weight_bank[21].bank/memory_reg_128_255_14_14/DP.HIGH/WADR0
  -------------------------------------------------------------------    -------------------

                         (clock clk_fpga_0 rise edge)
                                                      0.000     0.000 r
    PS7_X0Y0             PS7                          0.000     0.000 r  system_i/processing_system7_0/inst/PS7_i/FCLKCLK[0]
                         net (fo=1, routed)           0.331     0.331    system_i/processing_system7_0/inst/FCLK_CLK_unbuffered[0]
    BUFGCTRL_X0Y16       BUFG (Prop_bufg_I_O)         0.029     0.360 r  system_i/processing_system7_0/inst/buffer_fclk_clk_0.FCLK_CLK_0_BUFG/O
                         net (fo=20688, routed)       0.852     1.212    system_i/generator_accelerator_0/inst/u_gnn/gen_weight_bank[21].bank/memory_reg_128_255_14_14/WCLK
    SLICE_X78Y14         RAMD64E                                      r  system_i/generator_accelerator_0/inst/u_gnn/gen_weight_bank[21].bank/memory_reg_128_255_14_14/DP.HIGH/CLK
                         clock pessimism             -0.285     0.927
    SLICE_X78Y14         RAMD64E (Hold_ramd64e_CLK_WADR0)
                                                      0.310     1.237    system_i/generator_accelerator_0/inst/u_gnn/gen_weight_bank[21].bank/memory_reg_128_255_14_14/DP.HIGH
  -------------------------------------------------------------------
                         required time                         -1.237
                         arrival time                           1.316
  -------------------------------------------------------------------
                         slack                                  0.079

Slack (MET) :             0.081ns  (arrival time - required time)
  Source:                 system_i/dma_mem_smartconnect/inst/m00_nodes/m00_r_node/inst/inst_mi_handler/gen_normal_area.gen_upsizer.inst_upsizer/gen_r_ch.accum_reg[bytes][7][userdata][0]/C
                            (rising edge-triggered cell FDRE clocked by clk_fpga_1  {rise@0.000ns fall@3.333ns period=6.666ns})
  Destination:            system_i/dma_mem_smartconnect/inst/m00_nodes/m00_r_node/inst/inst_mi_handler/gen_normal_area.inst_fifo_node_payld/gen_xpm_memory_fifo.inst_fifo/gen_mem_rep[0].inst_xpm_memory/xpm_memory_base_inst/gen_wr_a.gen_word_narrow.mem_reg_0_31_72_77/RAMC/I
                            (rising edge-triggered cell RAMD32 clocked by clk_fpga_1  {rise@0.000ns fall@3.333ns period=6.666ns})
  Path Group:             clk_fpga_1
  Path Type:              Hold (Min at Fast Process Corner)
  Requirement:            0.000ns  (clk_fpga_1 rise@0.000ns - clk_fpga_1 rise@0.000ns)
  Data Path Delay:        0.241ns  (logic 0.141ns (58.401%)  route 0.100ns (41.599%))
  Logic Levels:           0
  Clock Path Skew:        0.016ns (DCD - SCD - CPR)
    Destination Clock Delay (DCD):    1.191ns
    Source Clock Delay      (SCD):    0.889ns
    Clock Pessimism Removal (CPR):    0.286ns

    Location             Delay type                Incr(ns)  Path(ns)    Netlist Resource(s)
  -------------------------------------------------------------------    -------------------
                         (clock clk_fpga_1 rise edge)
                                                      0.000     0.000 r
    PS7_X0Y0             PS7                          0.000     0.000 r  system_i/processing_system7_0/inst/PS7_i/FCLKCLK[1]
                         net (fo=1, routed)           0.303     0.303    system_i/processing_system7_0/inst/FCLK_CLK_unbuffered[1]
    BUFGCTRL_X0Y17       BUFG (Prop_bufg_I_O)         0.026     0.329 r  system_i/processing_system7_0/inst/buffer_fclk_clk_1.FCLK_CLK_1_BUFG/O
                         net (fo=8926, routed)        0.560     0.889    system_i/dma_mem_smartconnect/inst/m00_nodes/m00_r_node/inst/inst_mi_handler/gen_normal_area.gen_upsizer.inst_upsizer/s_sc_aclk
    SLICE_X33Y55         FDRE                                         r  system_i/dma_mem_smartconnect/inst/m00_nodes/m00_r_node/inst/inst_mi_handler/gen_normal_area.gen_upsizer.inst_upsizer/gen_r_ch.accum_reg[bytes][7][userdata][0]/C
  -------------------------------------------------------------------    -------------------
    SLICE_X33Y55         FDRE (Prop_fdre_C_Q)         0.141     1.030 r  system_i/dma_mem_smartconnect/inst/m00_nodes/m00_r_node/inst/inst_mi_handler/gen_normal_area.gen_upsizer.inst_upsizer/gen_r_ch.accum_reg[bytes][7][userdata][0]/Q
                         net (fo=1, routed)           0.100     1.130    system_i/dma_mem_smartconnect/inst/m00_nodes/m00_r_node/inst/inst_mi_handler/gen_normal_area.inst_fifo_node_payld/gen_xpm_memory_fifo.inst_fifo/gen_mem_rep[0].inst_xpm_memory/xpm_memory_base_inst/gen_wr_a.gen_word_narrow.mem_reg_0_31_72_77/DIC0
    SLICE_X34Y55         RAMD32                                       r  system_i/dma_mem_smartconnect/inst/m00_nodes/m00_r_node/inst/inst_mi_handler/gen_normal_area.inst_fifo_node_payld/gen_xpm_memory_fifo.inst_fifo/gen_mem_rep[0].inst_xpm_memory/xpm_memory_base_inst/gen_wr_a.gen_word_narrow.mem_reg_0_31_72_77/RAMC/I
  -------------------------------------------------------------------    -------------------

                         (clock clk_fpga_1 rise edge)
                                                      0.000     0.000 r
    PS7_X0Y0             PS7                          0.000     0.000 r  system_i/processing_system7_0/inst/PS7_i/FCLKCLK[1]
                         net (fo=1, routed)           0.331     0.331    system_i/processing_system7_0/inst/FCLK_CLK_unbuffered[1]
    BUFGCTRL_X0Y17       BUFG (Prop_bufg_I_O)         0.029     0.360 r  system_i/processing_system7_0/inst/buffer_fclk_clk_1.FCLK_CLK_1_BUFG/O
                         net (fo=8926, routed)        0.831     1.191    system_i/dma_mem_smartconnect/inst/m00_nodes/m00_r_node/inst/inst_mi_handler/gen_normal_area.inst_fifo_node_payld/gen_xpm_memory_fifo.inst_fifo/gen_mem_rep[0].inst_xpm_memory/xpm_memory_base_inst/gen_wr_a.gen_word_narrow.mem_reg_0_31_72_77/WCLK
    SLICE_X34Y55         RAMD32                                       r  system_i/dma_mem_smartconnect/inst/m00_nodes/m00_r_node/inst/inst_mi_handler/gen_normal_area.inst_fifo_node_payld/gen_xpm_memory_fifo.inst_fifo/gen_mem_rep[0].inst_xpm_memory/xpm_memory_base_inst/gen_wr_a.gen_word_narrow.mem_reg_0_31_72_77/RAMC/CLK
                         clock pessimism             -0.286     0.905
    SLICE_X34Y55         RAMD32 (Hold_ramd32_CLK_I)
                                                      0.144     1.049    system_i/dma_mem_smartconnect/inst/m00_nodes/m00_r_node/inst/inst_mi_handler/gen_normal_area.inst_fifo_node_payld/gen_xpm_memory_fifo.inst_fifo/gen_mem_rep[0].inst_xpm_memory/xpm_memory_base_inst/gen_wr_a.gen_word_narrow.mem_reg_0_31_72_77/RAMC
  -------------------------------------------------------------------
                         required time                         -1.049
                         arrival time                           1.130
  -------------------------------------------------------------------
                         slack                                  0.081

Slack (MET) :             0.081ns  (arrival time - required time)
  Source:                 system_i/dma_mem_smartconnect/inst/s00_entry_pipeline/s00_si_converter/inst/gen_normal.splitter_inst/ar_cmd_reg/m_vector_i_reg[182]/C
                            (rising edge-triggered cell FDRE clocked by clk_fpga_1  {rise@0.000ns fall@3.333ns period=6.666ns})
  Destination:            system_i/dma_mem_smartconnect/inst/s00_nodes/s00_ar_node/inst/inst_mi_handler/gen_normal_area.inst_fifo_node_payld/gen_xpm_memory_fifo.inst_fifo/gen_mem_rep[0].inst_xpm_memory/xpm_memory_base_inst/gen_wr_a.gen_word_narrow.mem_reg_0_31_84_89/RAMC/I
                            (rising edge-triggered cell RAMD32 clocked by clk_fpga_1  {rise@0.000ns fall@3.333ns period=6.666ns})
  Path Group:             clk_fpga_1
  Path Type:              Hold (Min at Fast Process Corner)
  Requirement:            0.000ns  (clk_fpga_1 rise@0.000ns - clk_fpga_1 rise@0.000ns)
  Data Path Delay:        0.241ns  (logic 0.141ns (58.401%)  route 0.100ns (41.599%))
  Logic Levels:           0
  Clock Path Skew:        0.016ns (DCD - SCD - CPR)
    Destination Clock Delay (DCD):    1.217ns
    Source Clock Delay      (SCD):    0.916ns
    Clock Pessimism Removal (CPR):    0.285ns

    Location             Delay type                Incr(ns)  Path(ns)    Netlist Resource(s)
  -------------------------------------------------------------------    -------------------
                         (clock clk_fpga_1 rise edge)
                                                      0.000     0.000 r
    PS7_X0Y0             PS7                          0.000     0.000 r  system_i/processing_system7_0/inst/PS7_i/FCLKCLK[1]
                         net (fo=1, routed)           0.303     0.303    system_i/processing_system7_0/inst/FCLK_CLK_unbuffered[1]
    BUFGCTRL_X0Y17       BUFG (Prop_bufg_I_O)         0.026     0.329 r  system_i/processing_system7_0/inst/buffer_fclk_clk_1.FCLK_CLK_1_BUFG/O
                         net (fo=8926, routed)        0.587     0.916    system_i/dma_mem_smartconnect/inst/s00_entry_pipeline/s00_si_converter/inst/gen_normal.splitter_inst/ar_cmd_reg/aclk
    SLICE_X13Y44         FDRE                                         r  system_i/dma_mem_smartconnect/inst/s00_entry_pipeline/s00_si_converter/inst/gen_normal.splitter_inst/ar_cmd_reg/m_vector_i_reg[182]/C
  -------------------------------------------------------------------    -------------------
    SLICE_X13Y44         FDRE (Prop_fdre_C_Q)         0.141     1.057 r  system_i/dma_mem_smartconnect/inst/s00_entry_pipeline/s00_si_converter/inst/gen_normal.splitter_inst/ar_cmd_reg/m_vector_i_reg[182]/Q
                         net (fo=1, routed)           0.100     1.157    system_i/dma_mem_smartconnect/inst/s00_nodes/s00_ar_node/inst/inst_mi_handler/gen_normal_area.inst_fifo_node_payld/gen_xpm_memory_fifo.inst_fifo/gen_mem_rep[0].inst_xpm_memory/xpm_memory_base_inst/gen_wr_a.gen_word_narrow.mem_reg_0_31_84_89/DIC0
    SLICE_X14Y44         RAMD32                                       r  system_i/dma_mem_smartconnect/inst/s00_nodes/s00_ar_node/inst/inst_mi_handler/gen_normal_area.inst_fifo_node_payld/gen_xpm_memory_fifo.inst_fifo/gen_mem_rep[0].inst_xpm_memory/xpm_memory_base_inst/gen_wr_a.gen_word_narrow.mem_reg_0_31_84_89/RAMC/I
  -------------------------------------------------------------------    -------------------

                         (clock clk_fpga_1 rise edge)
                                                      0.000     0.000 r
    PS7_X0Y0             PS7                          0.000     0.000 r  system_i/processing_system7_0/inst/PS7_i/FCLKCLK[1]
                         net (fo=1, routed)           0.331     0.331    system_i/processing_system7_0/inst/FCLK_CLK_unbuffered[1]
    BUFGCTRL_X0Y17       BUFG (Prop_bufg_I_O)         0.029     0.360 r  system_i/processing_system7_0/inst/buffer_fclk_clk_1.FCLK_CLK_1_BUFG/O
                         net (fo=8926, routed)        0.857     1.217    system_i/dma_mem_smartconnect/inst/s00_nodes/s00_ar_node/inst/inst_mi_handler/gen_normal_area.inst_fifo_node_payld/gen_xpm_memory_fifo.inst_fifo/gen_mem_rep[0].inst_xpm_memory/xpm_memory_base_inst/gen_wr_a.gen_word_narrow.mem_reg_0_31_84_89/WCLK
    SLICE_X14Y44         RAMD32                                       r  system_i/dma_mem_smartconnect/inst/s00_nodes/s00_ar_node/inst/inst_mi_handler/gen_normal_area.inst_fifo_node_payld/gen_xpm_memory_fifo.inst_fifo/gen_mem_rep[0].inst_xpm_memory/xpm_memory_base_inst/gen_wr_a.gen_word_narrow.mem_reg_0_31_84_89/RAMC/CLK
                         clock pessimism             -0.285     0.932
    SLICE_X14Y44         RAMD32 (Hold_ramd32_CLK_I)
                                                      0.144     1.076    system_i/dma_mem_smartconnect/inst/s00_nodes/s00_ar_node/inst/inst_mi_handler/gen_normal_area.inst_fifo_node_payld/gen_xpm_memory_fifo.inst_fifo/gen_mem_rep[0].inst_xpm_memory/xpm_memory_base_inst/gen_wr_a.gen_word_narrow.mem_reg_0_31_84_89/RAMC
  -------------------------------------------------------------------
                         required time                         -1.076
                         arrival time                           1.157
  -------------------------------------------------------------------
                         slack                                  0.081

Slack (MET) :             0.082ns  (arrival time - required time)
  Source:                 system_i/dma_mem_smartconnect/inst/m00_nodes/m00_r_node/inst/inst_mi_handler/gen_normal_area.gen_upsizer.inst_upsizer/gen_r_ch.accum_reg[bytes][14][userdata][2]/C
                            (rising edge-triggered cell FDRE clocked by clk_fpga_1  {rise@0.000ns fall@3.333ns period=6.666ns})
  Destination:            system_i/dma_mem_smartconnect/inst/m00_nodes/m00_r_node/inst/inst_mi_handler/gen_normal_area.inst_fifo_node_payld/gen_xpm_memory_fifo.inst_fifo/gen_mem_rep[0].inst_xpm_memory/xpm_memory_base_inst/gen_wr_a.gen_word_narrow.mem_reg_0_31_132_137/RAMB/I
                            (rising edge-triggered cell RAMD32 clocked by clk_fpga_1  {rise@0.000ns fall@3.333ns period=6.666ns})
  Path Group:             clk_fpga_1
  Path Type:              Hold (Min at Fast Process Corner)
  Requirement:            0.000ns  (clk_fpga_1 rise@0.000ns - clk_fpga_1 rise@0.000ns)
  Data Path Delay:        0.244ns  (logic 0.141ns (57.750%)  route 0.103ns (42.250%))
  Logic Levels:           0
  Clock Path Skew:        0.016ns (DCD - SCD - CPR)
    Destination Clock Delay (DCD):    1.191ns
    Source Clock Delay      (SCD):    0.889ns
    Clock Pessimism Removal (CPR):    0.286ns

    Location             Delay type                Incr(ns)  Path(ns)    Netlist Resource(s)
  -------------------------------------------------------------------    -------------------
                         (clock clk_fpga_1 rise edge)
                                                      0.000     0.000 r
    PS7_X0Y0             PS7                          0.000     0.000 r  system_i/processing_system7_0/inst/PS7_i/FCLKCLK[1]
                         net (fo=1, routed)           0.303     0.303    system_i/processing_system7_0/inst/FCLK_CLK_unbuffered[1]
    BUFGCTRL_X0Y17       BUFG (Prop_bufg_I_O)         0.026     0.329 r  system_i/processing_system7_0/inst/buffer_fclk_clk_1.FCLK_CLK_1_BUFG/O
                         net (fo=8926, routed)        0.560     0.889    system_i/dma_mem_smartconnect/inst/m00_nodes/m00_r_node/inst/inst_mi_handler/gen_normal_area.gen_upsizer.inst_upsizer/s_sc_aclk
    SLICE_X36Y55         FDRE                                         r  system_i/dma_mem_smartconnect/inst/m00_nodes/m00_r_node/inst/inst_mi_handler/gen_normal_area.gen_upsizer.inst_upsizer/gen_r_ch.accum_reg[bytes][14][userdata][2]/C
  -------------------------------------------------------------------    -------------------
    SLICE_X36Y55         FDRE (Prop_fdre_C_Q)         0.141     1.030 r  system_i/dma_mem_smartconnect/inst/m00_nodes/m00_r_node/inst/inst_mi_handler/gen_normal_area.gen_upsizer.inst_upsizer/gen_r_ch.accum_reg[bytes][14][userdata][2]/Q
                         net (fo=1, routed)           0.103     1.133    system_i/dma_mem_smartconnect/inst/m00_nodes/m00_r_node/inst/inst_mi_handler/gen_normal_area.inst_fifo_node_payld/gen_xpm_memory_fifo.inst_fifo/gen_mem_rep[0].inst_xpm_memory/xpm_memory_base_inst/gen_wr_a.gen_word_narrow.mem_reg_0_31_132_137/DIB0
    SLICE_X38Y56         RAMD32                                       r  system_i/dma_mem_smartconnect/inst/m00_nodes/m00_r_node/inst/inst_mi_handler/gen_normal_area.inst_fifo_node_payld/gen_xpm_memory_fifo.inst_fifo/gen_mem_rep[0].inst_xpm_memory/xpm_memory_base_inst/gen_wr_a.gen_word_narrow.mem_reg_0_31_132_137/RAMB/I
  -------------------------------------------------------------------    -------------------

                         (clock clk_fpga_1 rise edge)
                                                      0.000     0.000 r
    PS7_X0Y0             PS7                          0.000     0.000 r  system_i/processing_system7_0/inst/PS7_i/FCLKCLK[1]
                         net (fo=1, routed)           0.331     0.331    system_i/processing_system7_0/inst/FCLK_CLK_unbuffered[1]
    BUFGCTRL_X0Y17       BUFG (Prop_bufg_I_O)         0.029     0.360 r  system_i/processing_system7_0/inst/buffer_fclk_clk_1.FCLK_CLK_1_BUFG/O
                         net (fo=8926, routed)        0.831     1.191    system_i/dma_mem_smartconnect/inst/m00_nodes/m00_r_node/inst/inst_mi_handler/gen_normal_area.inst_fifo_node_payld/gen_xpm_memory_fifo.inst_fifo/gen_mem_rep[0].inst_xpm_memory/xpm_memory_base_inst/gen_wr_a.gen_word_narrow.mem_reg_0_31_132_137/WCLK
    SLICE_X38Y56         RAMD32                                       r  system_i/dma_mem_smartconnect/inst/m00_nodes/m00_r_node/inst/inst_mi_handler/gen_normal_area.inst_fifo_node_payld/gen_xpm_memory_fifo.inst_fifo/gen_mem_rep[0].inst_xpm_memory/xpm_memory_base_inst/gen_wr_a.gen_word_narrow.mem_reg_0_31_132_137/RAMB/CLK
                         clock pessimism             -0.286     0.905
    SLICE_X38Y56         RAMD32 (Hold_ramd32_CLK_I)
                                                      0.146     1.051    system_i/dma_mem_smartconnect/inst/m00_nodes/m00_r_node/inst/inst_mi_handler/gen_normal_area.inst_fifo_node_payld/gen_xpm_memory_fifo.inst_fifo/gen_mem_rep[0].inst_xpm_memory/xpm_memory_base_inst/gen_wr_a.gen_word_narrow.mem_reg_0_31_132_137/RAMB
  -------------------------------------------------------------------
                         required time                         -1.051
                         arrival time                           1.133
  -------------------------------------------------------------------
                         slack                                  0.082

Slack (MET) :             0.082ns  (arrival time - required time)
  Source:                 system_i/dma_mem_smartconnect/inst/switchboards/w_switchboard/inst/gen_mi[0].inst_opipe_payld/gen_pipe[1].pipe_reg[1][76]/C
                            (rising edge-triggered cell FDRE clocked by clk_fpga_1  {rise@0.000ns fall@3.333ns period=6.666ns})
  Destination:            system_i/dma_mem_smartconnect/inst/m00_nodes/m00_w_node/inst/inst_mi_handler/gen_normal_area.inst_fifo_node_payld/gen_xpm_memory_fifo.inst_fifo/gen_mem_rep[0].inst_xpm_memory/xpm_memory_base_inst/gen_wr_a.gen_word_narrow.mem_reg_0_31_72_77/RAMC/I
                            (rising edge-triggered cell RAMD32 clocked by clk_fpga_1  {rise@0.000ns fall@3.333ns period=6.666ns})
  Path Group:             clk_fpga_1
  Path Type:              Hold (Min at Fast Process Corner)
  Requirement:            0.000ns  (clk_fpga_1 rise@0.000ns - clk_fpga_1 rise@0.000ns)
  Data Path Delay:        0.185ns  (logic 0.128ns (69.109%)  route 0.057ns (30.891%))
  Logic Levels:           0
  Clock Path Skew:        0.013ns (DCD - SCD - CPR)
    Destination Clock Delay (DCD):    1.200ns
    Source Clock Delay      (SCD):    0.901ns
    Clock Pessimism Removal (CPR):    0.287ns

    Location             Delay type                Incr(ns)  Path(ns)    Netlist Resource(s)
  -------------------------------------------------------------------    -------------------
                         (clock clk_fpga_1 rise edge)
                                                      0.000     0.000 r
    PS7_X0Y0             PS7                          0.000     0.000 r  system_i/processing_system7_0/inst/PS7_i/FCLKCLK[1]
                         net (fo=1, routed)           0.303     0.303    system_i/processing_system7_0/inst/FCLK_CLK_unbuffered[1]
    BUFGCTRL_X0Y17       BUFG (Prop_bufg_I_O)         0.026     0.329 r  system_i/processing_system7_0/inst/buffer_fclk_clk_1.FCLK_CLK_1_BUFG/O
                         net (fo=8926, routed)        0.572     0.901    system_i/dma_mem_smartconnect/inst/switchboards/w_switchboard/inst/gen_mi[0].inst_opipe_payld/aclk
    SLICE_X31Y28         FDRE                                         r  system_i/dma_mem_smartconnect/inst/switchboards/w_switchboard/inst/gen_mi[0].inst_opipe_payld/gen_pipe[1].pipe_reg[1][76]/C
  -------------------------------------------------------------------    -------------------
    SLICE_X31Y28         FDRE (Prop_fdre_C_Q)         0.128     1.029 r  system_i/dma_mem_smartconnect/inst/switchboards/w_switchboard/inst/gen_mi[0].inst_opipe_payld/gen_pipe[1].pipe_reg[1][76]/Q
                         net (fo=1, routed)           0.057     1.086    system_i/dma_mem_smartconnect/inst/m00_nodes/m00_w_node/inst/inst_mi_handler/gen_normal_area.inst_fifo_node_payld/gen_xpm_memory_fifo.inst_fifo/gen_mem_rep[0].inst_xpm_memory/xpm_memory_base_inst/gen_wr_a.gen_word_narrow.mem_reg_0_31_72_77/DIC0
    SLICE_X30Y28         RAMD32                                       r  system_i/dma_mem_smartconnect/inst/m00_nodes/m00_w_node/inst/inst_mi_handler/gen_normal_area.inst_fifo_node_payld/gen_xpm_memory_fifo.inst_fifo/gen_mem_rep[0].inst_xpm_memory/xpm_memory_base_inst/gen_wr_a.gen_word_narrow.mem_reg_0_31_72_77/RAMC/I
  -------------------------------------------------------------------    -------------------

                         (clock clk_fpga_1 rise edge)
                                                      0.000     0.000 r
    PS7_X0Y0             PS7                          0.000     0.000 r  system_i/processing_system7_0/inst/PS7_i/FCLKCLK[1]
                         net (fo=1, routed)           0.331     0.331    system_i/processing_system7_0/inst/FCLK_CLK_unbuffered[1]
    BUFGCTRL_X0Y17       BUFG (Prop_bufg_I_O)         0.029     0.360 r  system_i/processing_system7_0/inst/buffer_fclk_clk_1.FCLK_CLK_1_BUFG/O
                         net (fo=8926, routed)        0.840     1.200    system_i/dma_mem_smartconnect/inst/m00_nodes/m00_w_node/inst/inst_mi_handler/gen_normal_area.inst_fifo_node_payld/gen_xpm_memory_fifo.inst_fifo/gen_mem_rep[0].inst_xpm_memory/xpm_memory_base_inst/gen_wr_a.gen_word_narrow.mem_reg_0_31_72_77/WCLK
    SLICE_X30Y28         RAMD32                                       r  system_i/dma_mem_smartconnect/inst/m00_nodes/m00_w_node/inst/inst_mi_handler/gen_normal_area.inst_fifo_node_payld/gen_xpm_memory_fifo.inst_fifo/gen_mem_rep[0].inst_xpm_memory/xpm_memory_base_inst/gen_wr_a.gen_word_narrow.mem_reg_0_31_72_77/RAMC/CLK
                         clock pessimism             -0.287     0.914
    SLICE_X30Y28         RAMD32 (Hold_ramd32_CLK_I)
                                                      0.090     1.004    system_i/dma_mem_smartconnect/inst/m00_nodes/m00_w_node/inst/inst_mi_handler/gen_normal_area.inst_fifo_node_payld/gen_xpm_memory_fifo.inst_fifo/gen_mem_rep[0].inst_xpm_memory/xpm_memory_base_inst/gen_wr_a.gen_word_narrow.mem_reg_0_31_72_77/RAMC
  -------------------------------------------------------------------
                         required time                         -1.004
                         arrival time                           1.086
  -------------------------------------------------------------------
                         slack                                  0.082

Slack (MET) :             0.082ns  (arrival time - required time)
  Source:                 system_i/dma_mem_smartconnect/inst/switchboards/r_switchboard/inst/gen_mi[0].inst_opipe_payld/gen_pipe[1].pipe_reg[1][142]/C
                            (rising edge-triggered cell FDRE clocked by clk_fpga_1  {rise@0.000ns fall@3.333ns period=6.666ns})
  Destination:            system_i/dma_mem_smartconnect/inst/s00_nodes/s00_r_node/inst/inst_mi_handler/gen_normal_area.inst_fifo_node_payld/gen_xpm_memory_fifo.inst_fifo/gen_mem_rep[0].inst_xpm_memory/xpm_memory_base_inst/gen_wr_a.gen_word_narrow.mem_reg_0_31_138_143/RAMC/I
                            (rising edge-triggered cell RAMD32 clocked by clk_fpga_1  {rise@0.000ns fall@3.333ns period=6.666ns})
  Path Group:             clk_fpga_1
  Path Type:              Hold (Min at Fast Process Corner)
  Requirement:            0.000ns  (clk_fpga_1 rise@0.000ns - clk_fpga_1 rise@0.000ns)
  Data Path Delay:        0.185ns  (logic 0.128ns (69.109%)  route 0.057ns (30.891%))
  Logic Levels:           0
  Clock Path Skew:        0.013ns (DCD - SCD - CPR)
    Destination Clock Delay (DCD):    1.213ns
    Source Clock Delay      (SCD):    0.912ns
    Clock Pessimism Removal (CPR):    0.288ns

    Location             Delay type                Incr(ns)  Path(ns)    Netlist Resource(s)
  -------------------------------------------------------------------    -------------------
                         (clock clk_fpga_1 rise edge)
                                                      0.000     0.000 r
    PS7_X0Y0             PS7                          0.000     0.000 r  system_i/processing_system7_0/inst/PS7_i/FCLKCLK[1]
                         net (fo=1, routed)           0.303     0.303    system_i/processing_system7_0/inst/FCLK_CLK_unbuffered[1]
    BUFGCTRL_X0Y17       BUFG (Prop_bufg_I_O)         0.026     0.329 r  system_i/processing_system7_0/inst/buffer_fclk_clk_1.FCLK_CLK_1_BUFG/O
                         net (fo=8926, routed)        0.583     0.912    system_i/dma_mem_smartconnect/inst/switchboards/r_switchboard/inst/gen_mi[0].inst_opipe_payld/aclk
    SLICE_X31Y49         FDRE                                         r  system_i/dma_mem_smartconnect/inst/switchboards/r_switchboard/inst/gen_mi[0].inst_opipe_payld/gen_pipe[1].pipe_reg[1][142]/C
  -------------------------------------------------------------------    -------------------
    SLICE_X31Y49         FDRE (Prop_fdre_C_Q)         0.128     1.040 r  system_i/dma_mem_smartconnect/inst/switchboards/r_switchboard/inst/gen_mi[0].inst_opipe_payld/gen_pipe[1].pipe_reg[1][142]/Q
                         net (fo=1, routed)           0.057     1.097    system_i/dma_mem_smartconnect/inst/s00_nodes/s00_r_node/inst/inst_mi_handler/gen_normal_area.inst_fifo_node_payld/gen_xpm_memory_fifo.inst_fifo/gen_mem_rep[0].inst_xpm_memory/xpm_memory_base_inst/gen_wr_a.gen_word_narrow.mem_reg_0_31_138_143/DIC0
    SLICE_X30Y49         RAMD32                                       r  system_i/dma_mem_smartconnect/inst/s00_nodes/s00_r_node/inst/inst_mi_handler/gen_normal_area.inst_fifo_node_payld/gen_xpm_memory_fifo.inst_fifo/gen_mem_rep[0].inst_xpm_memory/xpm_memory_base_inst/gen_wr_a.gen_word_narrow.mem_reg_0_31_138_143/RAMC/I
  -------------------------------------------------------------------    -------------------

                         (clock clk_fpga_1 rise edge)
                                                      0.000     0.000 r
    PS7_X0Y0             PS7                          0.000     0.000 r  system_i/processing_system7_0/inst/PS7_i/FCLKCLK[1]
                         net (fo=1, routed)           0.331     0.331    system_i/processing_system7_0/inst/FCLK_CLK_unbuffered[1]
    BUFGCTRL_X0Y17       BUFG (Prop_bufg_I_O)         0.029     0.360 r  system_i/processing_system7_0/inst/buffer_fclk_clk_1.FCLK_CLK_1_BUFG/O
                         net (fo=8926, routed)        0.853     1.213    system_i/dma_mem_smartconnect/inst/s00_nodes/s00_r_node/inst/inst_mi_handler/gen_normal_area.inst_fifo_node_payld/gen_xpm_memory_fifo.inst_fifo/gen_mem_rep[0].inst_xpm_memory/xpm_memory_base_inst/gen_wr_a.gen_word_narrow.mem_reg_0_31_138_143/WCLK
    SLICE_X30Y49         RAMD32                                       r  system_i/dma_mem_smartconnect/inst/s00_nodes/s00_r_node/inst/inst_mi_handler/gen_normal_area.inst_fifo_node_payld/gen_xpm_memory_fifo.inst_fifo/gen_mem_rep[0].inst_xpm_memory/xpm_memory_base_inst/gen_wr_a.gen_word_narrow.mem_reg_0_31_138_143/RAMC/CLK
                         clock pessimism             -0.288     0.925
    SLICE_X30Y49         RAMD32 (Hold_ramd32_CLK_I)
                                                      0.090     1.015    system_i/dma_mem_smartconnect/inst/s00_nodes/s00_r_node/inst/inst_mi_handler/gen_normal_area.inst_fifo_node_payld/gen_xpm_memory_fifo.inst_fifo/gen_mem_rep[0].inst_xpm_memory/xpm_memory_base_inst/gen_wr_a.gen_word_narrow.mem_reg_0_31_138_143/RAMC
  -------------------------------------------------------------------
                         required time                         -1.015
                         arrival time                           1.097
  -------------------------------------------------------------------
                         slack                                  0.082

Slack (MET) :             0.083ns  (arrival time - required time)
  Source:                 system_i/dma_mem_smartconnect/inst/s01_entry_pipeline/s01_mmu/inst/w_sreg/m_vector_i_reg[1099]/C
                            (rising edge-triggered cell FDRE clocked by clk_fpga_1  {rise@0.000ns fall@3.333ns period=6.666ns})
  Destination:            system_i/dma_mem_smartconnect/inst/s01_nodes/s01_w_node/inst/inst_mi_handler/gen_normal_area.inst_fifo_node_payld/gen_xpm_memory_fifo.inst_fifo/gen_mem_rep[0].inst_xpm_memory/xpm_memory_base_inst/gen_wr_a.gen_word_narrow.mem_reg_0_31_96_101/RAMC/I
                            (rising edge-triggered cell RAMD32 clocked by clk_fpga_1  {rise@0.000ns fall@3.333ns period=6.666ns})
  Path Group:             clk_fpga_1
  Path Type:              Hold (Min at Fast Process Corner)
  Requirement:            0.000ns  (clk_fpga_1 rise@0.000ns - clk_fpga_1 rise@0.000ns)
  Data Path Delay:        0.240ns  (logic 0.141ns (58.816%)  route 0.099ns (41.184%))
  Logic Levels:           0
  Clock Path Skew:        0.013ns (DCD - SCD - CPR)
    Destination Clock Delay (DCD):    1.201ns
    Source Clock Delay      (SCD):    0.902ns
    Clock Pessimism Removal (CPR):    0.286ns

    Location             Delay type                Incr(ns)  Path(ns)    Netlist Resource(s)
  -------------------------------------------------------------------    -------------------
                         (clock clk_fpga_1 rise edge)
                                                      0.000     0.000 r
    PS7_X0Y0             PS7                          0.000     0.000 r  system_i/processing_system7_0/inst/PS7_i/FCLKCLK[1]
                         net (fo=1, routed)           0.303     0.303    system_i/processing_system7_0/inst/FCLK_CLK_unbuffered[1]
    BUFGCTRL_X0Y17       BUFG (Prop_bufg_I_O)         0.026     0.329 r  system_i/processing_system7_0/inst/buffer_fclk_clk_1.FCLK_CLK_1_BUFG/O
                         net (fo=8926, routed)        0.573     0.901    system_i/dma_mem_smartconnect/inst/s01_entry_pipeline/s01_mmu/inst/w_sreg/aclk
    SLICE_X33Y17         FDRE                                         r  system_i/dma_mem_smartconnect/inst/s01_entry_pipeline/s01_mmu/inst/w_sreg/m_vector_i_reg[1099]/C
  -------------------------------------------------------------------    -------------------
    SLICE_X33Y17         FDRE (Prop_fdre_C_Q)         0.141     1.043 r  system_i/dma_mem_smartconnect/inst/s01_entry_pipeline/s01_mmu/inst/w_sreg/m_vector_i_reg[1099]/Q
                         net (fo=1, routed)           0.099     1.141    system_i/dma_mem_smartconnect/inst/s01_nodes/s01_w_node/inst/inst_mi_handler/gen_normal_area.inst_fifo_node_payld/gen_xpm_memory_fifo.inst_fifo/gen_mem_rep[0].inst_xpm_memory/xpm_memory_base_inst/gen_wr_a.gen_word_narrow.mem_reg_0_31_96_101/DIC0
    SLICE_X34Y18         RAMD32                                       r  system_i/dma_mem_smartconnect/inst/s01_nodes/s01_w_node/inst/inst_mi_handler/gen_normal_area.inst_fifo_node_payld/gen_xpm_memory_fifo.inst_fifo/gen_mem_rep[0].inst_xpm_memory/xpm_memory_base_inst/gen_wr_a.gen_word_narrow.mem_reg_0_31_96_101/RAMC/I
  -------------------------------------------------------------------    -------------------

                         (clock clk_fpga_1 rise edge)
                                                      0.000     0.000 r
    PS7_X0Y0             PS7                          0.000     0.000 r  system_i/processing_system7_0/inst/PS7_i/FCLKCLK[1]
                         net (fo=1, routed)           0.331     0.331    system_i/processing_system7_0/inst/FCLK_CLK_unbuffered[1]
    BUFGCTRL_X0Y17       BUFG (Prop_bufg_I_O)         0.029     0.360 r  system_i/processing_system7_0/inst/buffer_fclk_clk_1.FCLK_CLK_1_BUFG/O
                         net (fo=8926, routed)        0.841     1.201    system_i/dma_mem_smartconnect/inst/s01_nodes/s01_w_node/inst/inst_mi_handler/gen_normal_area.inst_fifo_node_payld/gen_xpm_memory_fifo.inst_fifo/gen_mem_rep[0].inst_xpm_memory/xpm_memory_base_inst/gen_wr_a.gen_word_narrow.mem_reg_0_31_96_101/WCLK
    SLICE_X34Y18         RAMD32                                       r  system_i/dma_mem_smartconnect/inst/s01_nodes/s01_w_node/inst/inst_mi_handler/gen_normal_area.inst_fifo_node_payld/gen_xpm_memory_fifo.inst_fifo/gen_mem_rep[0].inst_xpm_memory/xpm_memory_base_inst/gen_wr_a.gen_word_narrow.mem_reg_0_31_96_101/RAMC/CLK
                         clock pessimism             -0.286     0.914
    SLICE_X34Y18         RAMD32 (Hold_ramd32_CLK_I)
                                                      0.144     1.059    system_i/dma_mem_smartconnect/inst/s01_nodes/s01_w_node/inst/inst_mi_handler/gen_normal_area.inst_fifo_node_payld/gen_xpm_memory_fifo.inst_fifo/gen_mem_rep[0].inst_xpm_memory/xpm_memory_base_inst/gen_wr_a.gen_word_narrow.mem_reg_0_31_96_101/RAMC
  -------------------------------------------------------------------
                         required time                         -1.059
                         arrival time                           1.141
  -------------------------------------------------------------------
                         slack                                  0.083

Slack (MET) :             0.083ns  (arrival time - required time)
  Source:                 system_i/dma_mem_smartconnect/inst/m00_nodes/m00_r_node/inst/inst_mi_handler/gen_normal_area.gen_upsizer.inst_upsizer/gen_r_ch.accum_reg[bytes][13][userdata][6]/C
                            (rising edge-triggered cell FDRE clocked by clk_fpga_1  {rise@0.000ns fall@3.333ns period=6.666ns})
  Destination:            system_i/dma_mem_smartconnect/inst/m00_nodes/m00_r_node/inst/inst_mi_handler/gen_normal_area.inst_fifo_node_payld/gen_xpm_memory_fifo.inst_fifo/gen_mem_rep[0].inst_xpm_memory/xpm_memory_base_inst/gen_wr_a.gen_word_narrow.mem_reg_0_31_126_131/RAMC/I
                            (rising edge-triggered cell RAMD32 clocked by clk_fpga_1  {rise@0.000ns fall@3.333ns period=6.666ns})
  Path Group:             clk_fpga_1
  Path Type:              Hold (Min at Fast Process Corner)
  Requirement:            0.000ns  (clk_fpga_1 rise@0.000ns - clk_fpga_1 rise@0.000ns)
  Data Path Delay:        0.243ns  (logic 0.141ns (57.979%)  route 0.102ns (42.021%))
  Logic Levels:           0
  Clock Path Skew:        0.016ns (DCD - SCD - CPR)
    Destination Clock Delay (DCD):    1.211ns
    Source Clock Delay      (SCD):    0.909ns
    Clock Pessimism Removal (CPR):    0.286ns

    Location             Delay type                Incr(ns)  Path(ns)    Netlist Resource(s)
  -------------------------------------------------------------------    -------------------
                         (clock clk_fpga_1 rise edge)
                                                      0.000     0.000 r
    PS7_X0Y0             PS7                          0.000     0.000 r  system_i/processing_system7_0/inst/PS7_i/FCLKCLK[1]
                         net (fo=1, routed)           0.303     0.303    system_i/processing_system7_0/inst/FCLK_CLK_unbuffered[1]
    BUFGCTRL_X0Y17       BUFG (Prop_bufg_I_O)         0.026     0.329 r  system_i/processing_system7_0/inst/buffer_fclk_clk_1.FCLK_CLK_1_BUFG/O
                         net (fo=8926, routed)        0.580     0.909    system_i/dma_mem_smartconnect/inst/m00_nodes/m00_r_node/inst/inst_mi_handler/gen_normal_area.gen_upsizer.inst_upsizer/s_sc_aclk
    SLICE_X32Y48         FDRE                                         r  system_i/dma_mem_smartconnect/inst/m00_nodes/m00_r_node/inst/inst_mi_handler/gen_normal_area.gen_upsizer.inst_upsizer/gen_r_ch.accum_reg[bytes][13][userdata][6]/C
  -------------------------------------------------------------------    -------------------
    SLICE_X32Y48         FDRE (Prop_fdre_C_Q)         0.141     1.050 r  system_i/dma_mem_smartconnect/inst/m00_nodes/m00_r_node/inst/inst_mi_handler/gen_normal_area.gen_upsizer.inst_upsizer/gen_r_ch.accum_reg[bytes][13][userdata][6]/Q
                         net (fo=1, routed)           0.102     1.152    system_i/dma_mem_smartconnect/inst/m00_nodes/m00_r_node/inst/inst_mi_handler/gen_normal_area.inst_fifo_node_payld/gen_xpm_memory_fifo.inst_fifo/gen_mem_rep[0].inst_xpm_memory/xpm_memory_base_inst/gen_wr_a.gen_word_narrow.mem_reg_0_31_126_131/DIC0
    SLICE_X34Y48         RAMD32                                       r  system_i/dma_mem_smartconnect/inst/m00_nodes/m00_r_node/inst/inst_mi_handler/gen_normal_area.inst_fifo_node_payld/gen_xpm_memory_fifo.inst_fifo/gen_mem_rep[0].inst_xpm_memory/xpm_memory_base_inst/gen_wr_a.gen_word_narrow.mem_reg_0_31_126_131/RAMC/I
  -------------------------------------------------------------------    -------------------

                         (clock clk_fpga_1 rise edge)
                                                      0.000     0.000 r
    PS7_X0Y0             PS7                          0.000     0.000 r  system_i/processing_system7_0/inst/PS7_i/FCLKCLK[1]
                         net (fo=1, routed)           0.331     0.331    system_i/processing_system7_0/inst/FCLK_CLK_unbuffered[1]
    BUFGCTRL_X0Y17       BUFG (Prop_bufg_I_O)         0.029     0.360 r  system_i/processing_system7_0/inst/buffer_fclk_clk_1.FCLK_CLK_1_BUFG/O
                         net (fo=8926, routed)        0.851     1.211    system_i/dma_mem_smartconnect/inst/m00_nodes/m00_r_node/inst/inst_mi_handler/gen_normal_area.inst_fifo_node_payld/gen_xpm_memory_fifo.inst_fifo/gen_mem_rep[0].inst_xpm_memory/xpm_memory_base_inst/gen_wr_a.gen_word_narrow.mem_reg_0_31_126_131/WCLK
    SLICE_X34Y48         RAMD32                                       r  system_i/dma_mem_smartconnect/inst/m00_nodes/m00_r_node/inst/inst_mi_handler/gen_normal_area.inst_fifo_node_payld/gen_xpm_memory_fifo.inst_fifo/gen_mem_rep[0].inst_xpm_memory/xpm_memory_base_inst/gen_wr_a.gen_word_narrow.mem_reg_0_31_126_131/RAMC/CLK
                         clock pessimism             -0.286     0.924
    SLICE_X34Y48         RAMD32 (Hold_ramd32_CLK_I)
                                                      0.144     1.069    system_i/dma_mem_smartconnect/inst/m00_nodes/m00_r_node/inst/inst_mi_handler/gen_normal_area.inst_fifo_node_payld/gen_xpm_memory_fifo.inst_fifo/gen_mem_rep[0].inst_xpm_memory/xpm_memory_base_inst/gen_wr_a.gen_word_narrow.mem_reg_0_31_126_131/RAMC
  -------------------------------------------------------------------
                         required time                         -1.069
                         arrival time                           1.152
  -------------------------------------------------------------------
                         slack                                  0.083

Slack (MET) :             0.084ns  (arrival time - required time)
  Source:                 system_i/dma_mem_smartconnect/inst/m00_nodes/m00_w_node/inst/inst_mi_handler/gen_normal_area.inst_fifo_node_payld/gen_xpm_memory_fifo.inst_fifo/gen_mem_rep[0].inst_wr_addra/count_r_reg[2]/C
                            (rising edge-triggered cell FDRE clocked by clk_fpga_1  {rise@0.000ns fall@3.333ns period=6.666ns})
  Destination:            system_i/dma_mem_smartconnect/inst/m00_nodes/m00_w_node/inst/inst_mi_handler/gen_normal_area.inst_fifo_node_payld/gen_xpm_memory_fifo.inst_fifo/gen_mem_rep[0].inst_xpm_memory/xpm_memory_base_inst/gen_wr_a.gen_word_narrow.mem_reg_0_31_42_47/RAMA/WADR2
                            (rising edge-triggered cell RAMD32 clocked by clk_fpga_1  {rise@0.000ns fall@3.333ns period=6.666ns})
  Path Group:             clk_fpga_1
  Path Type:              Hold (Min at Fast Process Corner)
  Requirement:            0.000ns  (clk_fpga_1 rise@0.000ns - clk_fpga_1 rise@0.000ns)
  Data Path Delay:        0.374ns  (logic 0.141ns (37.707%)  route 0.233ns (62.293%))
  Logic Levels:           0
  Clock Path Skew:        0.036ns (DCD - SCD - CPR)
    Destination Clock Delay (DCD):    1.206ns
    Source Clock Delay      (SCD):    0.906ns
    Clock Pessimism Removal (CPR):    0.264ns

    Location             Delay type                Incr(ns)  Path(ns)    Netlist Resource(s)
  -------------------------------------------------------------------    -------------------
                         (clock clk_fpga_1 rise edge)
                                                      0.000     0.000 r
    PS7_X0Y0             PS7                          0.000     0.000 r  system_i/processing_system7_0/inst/PS7_i/FCLKCLK[1]
                         net (fo=1, routed)           0.303     0.303    system_i/processing_system7_0/inst/FCLK_CLK_unbuffered[1]
    BUFGCTRL_X0Y17       BUFG (Prop_bufg_I_O)         0.026     0.329 r  system_i/processing_system7_0/inst/buffer_fclk_clk_1.FCLK_CLK_1_BUFG/O
                         net (fo=8926, routed)        0.577     0.906    system_i/dma_mem_smartconnect/inst/m00_nodes/m00_w_node/inst/inst_mi_handler/gen_normal_area.inst_fifo_node_payld/gen_xpm_memory_fifo.inst_fifo/gen_mem_rep[0].inst_wr_addra/s_sc_aclk
    SLICE_X31Y16         FDRE                                         r  system_i/dma_mem_smartconnect/inst/m00_nodes/m00_w_node/inst/inst_mi_handler/gen_normal_area.inst_fifo_node_payld/gen_xpm_memory_fifo.inst_fifo/gen_mem_rep[0].inst_wr_addra/count_r_reg[2]/C
  -------------------------------------------------------------------    -------------------
    SLICE_X31Y16         FDRE (Prop_fdre_C_Q)         0.141     1.047 r  system_i/dma_mem_smartconnect/inst/m00_nodes/m00_w_node/inst/inst_mi_handler/gen_normal_area.inst_fifo_node_payld/gen_xpm_memory_fifo.inst_fifo/gen_mem_rep[0].inst_wr_addra/count_r_reg[2]/Q
                         net (fo=213, routed)         0.233     1.279    system_i/dma_mem_smartconnect/inst/m00_nodes/m00_w_node/inst/inst_mi_handler/gen_normal_area.inst_fifo_node_payld/gen_xpm_memory_fifo.inst_fifo/gen_mem_rep[0].inst_xpm_memory/xpm_memory_base_inst/gen_wr_a.gen_word_narrow.mem_reg_0_31_42_47/ADDRD2
    SLICE_X26Y16         RAMD32                                       r  system_i/dma_mem_smartconnect/inst/m00_nodes/m00_w_node/inst/inst_mi_handler/gen_normal_area.inst_fifo_node_payld/gen_xpm_memory_fifo.inst_fifo/gen_mem_rep[0].inst_xpm_memory/xpm_memory_base_inst/gen_wr_a.gen_word_narrow.mem_reg_0_31_42_47/RAMA/WADR2
  -------------------------------------------------------------------    -------------------

                         (clock clk_fpga_1 rise edge)
                                                      0.000     0.000 r
    PS7_X0Y0             PS7                          0.000     0.000 r  system_i/processing_system7_0/inst/PS7_i/FCLKCLK[1]
                         net (fo=1, routed)           0.331     0.331    system_i/processing_system7_0/inst/FCLK_CLK_unbuffered[1]
    BUFGCTRL_X0Y17       BUFG (Prop_bufg_I_O)         0.029     0.360 r  system_i/processing_system7_0/inst/buffer_fclk_clk_1.FCLK_CLK_1_BUFG/O
                         net (fo=8926, routed)        0.846     1.206    system_i/dma_mem_smartconnect/inst/m00_nodes/m00_w_node/inst/inst_mi_handler/gen_normal_area.inst_fifo_node_payld/gen_xpm_memory_fifo.inst_fifo/gen_mem_rep[0].inst_xpm_memory/xpm_memory_base_inst/gen_wr_a.gen_word_narrow.mem_reg_0_31_42_47/WCLK
    SLICE_X26Y16         RAMD32                                       r  system_i/dma_mem_smartconnect/inst/m00_nodes/m00_w_node/inst/inst_mi_handler/gen_normal_area.inst_fifo_node_payld/gen_xpm_memory_fifo.inst_fifo/gen_mem_rep[0].inst_xpm_memory/xpm_memory_base_inst/gen_wr_a.gen_word_narrow.mem_reg_0_31_42_47/RAMA/CLK
                         clock pessimism             -0.264     0.942
    SLICE_X26Y16         RAMD32 (Hold_ramd32_CLK_WADR2)
                                                      0.254     1.196    system_i/dma_mem_smartconnect/inst/m00_nodes/m00_w_node/inst/inst_mi_handler/gen_normal_area.inst_fifo_node_payld/gen_xpm_memory_fifo.inst_fifo/gen_mem_rep[0].inst_xpm_memory/xpm_memory_base_inst/gen_wr_a.gen_word_narrow.mem_reg_0_31_42_47/RAMA
  -------------------------------------------------------------------
                         required time                         -1.196
                         arrival time                           1.279
  -------------------------------------------------------------------
                         slack                                  0.084

Slack (MET) :             0.084ns  (arrival time - required time)
  Source:                 system_i/dma_mem_smartconnect/inst/m00_nodes/m00_w_node/inst/inst_mi_handler/gen_normal_area.inst_fifo_node_payld/gen_xpm_memory_fifo.inst_fifo/gen_mem_rep[0].inst_wr_addra/count_r_reg[2]/C
                            (rising edge-triggered cell FDRE clocked by clk_fpga_1  {rise@0.000ns fall@3.333ns period=6.666ns})
  Destination:            system_i/dma_mem_smartconnect/inst/m00_nodes/m00_w_node/inst/inst_mi_handler/gen_normal_area.inst_fifo_node_payld/gen_xpm_memory_fifo.inst_fifo/gen_mem_rep[0].inst_xpm_memory/xpm_memory_base_inst/gen_wr_a.gen_word_narrow.mem_reg_0_31_42_47/RAMA_D1/WADR2
                            (rising edge-triggered cell RAMD32 clocked by clk_fpga_1  {rise@0.000ns fall@3.333ns period=6.666ns})
  Path Group:             clk_fpga_1
  Path Type:              Hold (Min at Fast Process Corner)
  Requirement:            0.000ns  (clk_fpga_1 rise@0.000ns - clk_fpga_1 rise@0.000ns)
  Data Path Delay:        0.374ns  (logic 0.141ns (37.707%)  route 0.233ns (62.293%))
  Logic Levels:           0
  Clock Path Skew:        0.036ns (DCD - SCD - CPR)
    Destination Clock Delay (DCD):    1.206ns
    Source Clock Delay      (SCD):    0.906ns
    Clock Pessimism Removal (CPR):    0.264ns

    Location             Delay type                Incr(ns)  Path(ns)    Netlist Resource(s)
  -------------------------------------------------------------------    -------------------
                         (clock clk_fpga_1 rise edge)
                                                      0.000     0.000 r
    PS7_X0Y0             PS7                          0.000     0.000 r  system_i/processing_system7_0/inst/PS7_i/FCLKCLK[1]
                         net (fo=1, routed)           0.303     0.303    system_i/processing_system7_0/inst/FCLK_CLK_unbuffered[1]
    BUFGCTRL_X0Y17       BUFG (Prop_bufg_I_O)         0.026     0.329 r  system_i/processing_system7_0/inst/buffer_fclk_clk_1.FCLK_CLK_1_BUFG/O
                         net (fo=8926, routed)        0.577     0.906    system_i/dma_mem_smartconnect/inst/m00_nodes/m00_w_node/inst/inst_mi_handler/gen_normal_area.inst_fifo_node_payld/gen_xpm_memory_fifo.inst_fifo/gen_mem_rep[0].inst_wr_addra/s_sc_aclk
    SLICE_X31Y16         FDRE                                         r  system_i/dma_mem_smartconnect/inst/m00_nodes/m00_w_node/inst/inst_mi_handler/gen_normal_area.inst_fifo_node_payld/gen_xpm_memory_fifo.inst_fifo/gen_mem_rep[0].inst_wr_addra/count_r_reg[2]/C
  -------------------------------------------------------------------    -------------------
    SLICE_X31Y16         FDRE (Prop_fdre_C_Q)         0.141     1.047 r  system_i/dma_mem_smartconnect/inst/m00_nodes/m00_w_node/inst/inst_mi_handler/gen_normal_area.inst_fifo_node_payld/gen_xpm_memory_fifo.inst_fifo/gen_mem_rep[0].inst_wr_addra/count_r_reg[2]/Q
                         net (fo=213, routed)         0.233     1.279    system_i/dma_mem_smartconnect/inst/m00_nodes/m00_w_node/inst/inst_mi_handler/gen_normal_area.inst_fifo_node_payld/gen_xpm_memory_fifo.inst_fifo/gen_mem_rep[0].inst_xpm_memory/xpm_memory_base_inst/gen_wr_a.gen_word_narrow.mem_reg_0_31_42_47/ADDRD2
    SLICE_X26Y16         RAMD32                                       r  system_i/dma_mem_smartconnect/inst/m00_nodes/m00_w_node/inst/inst_mi_handler/gen_normal_area.inst_fifo_node_payld/gen_xpm_memory_fifo.inst_fifo/gen_mem_rep[0].inst_xpm_memory/xpm_memory_base_inst/gen_wr_a.gen_word_narrow.mem_reg_0_31_42_47/RAMA_D1/WADR2
  -------------------------------------------------------------------    -------------------

                         (clock clk_fpga_1 rise edge)
                                                      0.000     0.000 r
    PS7_X0Y0             PS7                          0.000     0.000 r  system_i/processing_system7_0/inst/PS7_i/FCLKCLK[1]
                         net (fo=1, routed)           0.331     0.331    system_i/processing_system7_0/inst/FCLK_CLK_unbuffered[1]
    BUFGCTRL_X0Y17       BUFG (Prop_bufg_I_O)         0.029     0.360 r  system_i/processing_system7_0/inst/buffer_fclk_clk_1.FCLK_CLK_1_BUFG/O
                         net (fo=8926, routed)        0.846     1.206    system_i/dma_mem_smartconnect/inst/m00_nodes/m00_w_node/inst/inst_mi_handler/gen_normal_area.inst_fifo_node_payld/gen_xpm_memory_fifo.inst_fifo/gen_mem_rep[0].inst_xpm_memory/xpm_memory_base_inst/gen_wr_a.gen_word_narrow.mem_reg_0_31_42_47/WCLK
    SLICE_X26Y16         RAMD32                                       r  system_i/dma_mem_smartconnect/inst/m00_nodes/m00_w_node/inst/inst_mi_handler/gen_normal_area.inst_fifo_node_payld/gen_xpm_memory_fifo.inst_fifo/gen_mem_rep[0].inst_xpm_memory/xpm_memory_base_inst/gen_wr_a.gen_word_narrow.mem_reg_0_31_42_47/RAMA_D1/CLK
                         clock pessimism             -0.264     0.942
    SLICE_X26Y16         RAMD32 (Hold_ramd32_CLK_WADR2)
                                                      0.254     1.196    system_i/dma_mem_smartconnect/inst/m00_nodes/m00_w_node/inst/inst_mi_handler/gen_normal_area.inst_fifo_node_payld/gen_xpm_memory_fifo.inst_fifo/gen_mem_rep[0].inst_xpm_memory/xpm_memory_base_inst/gen_wr_a.gen_word_narrow.mem_reg_0_31_42_47/RAMA_D1
  -------------------------------------------------------------------
                         required time                         -1.196
                         arrival time                           1.279
  -------------------------------------------------------------------
                         slack                                  0.084

Slack (MET) :             0.084ns  (arrival time - required time)
  Source:                 system_i/dma_mem_smartconnect/inst/m00_nodes/m00_w_node/inst/inst_mi_handler/gen_normal_area.inst_fifo_node_payld/gen_xpm_memory_fifo.inst_fifo/gen_mem_rep[0].inst_wr_addra/count_r_reg[2]/C
                            (rising edge-triggered cell FDRE clocked by clk_fpga_1  {rise@0.000ns fall@3.333ns period=6.666ns})
  Destination:            system_i/dma_mem_smartconnect/inst/m00_nodes/m00_w_node/inst/inst_mi_handler/gen_normal_area.inst_fifo_node_payld/gen_xpm_memory_fifo.inst_fifo/gen_mem_rep[0].inst_xpm_memory/xpm_memory_base_inst/gen_wr_a.gen_word_narrow.mem_reg_0_31_42_47/RAMB/WADR2
                            (rising edge-triggered cell RAMD32 clocked by clk_fpga_1  {rise@0.000ns fall@3.333ns period=6.666ns})
  Path Group:             clk_fpga_1
  Path Type:              Hold (Min at Fast Process Corner)
  Requirement:            0.000ns  (clk_fpga_1 rise@0.000ns - clk_fpga_1 rise@0.000ns)
  Data Path Delay:        0.374ns  (logic 0.141ns (37.707%)  route 0.233ns (62.293%))
  Logic Levels:           0
  Clock Path Skew:        0.036ns (DCD - SCD - CPR)
    Destination Clock Delay (DCD):    1.206ns
    Source Clock Delay      (SCD):    0.906ns
    Clock Pessimism Removal (CPR):    0.264ns

    Location             Delay type                Incr(ns)  Path(ns)    Netlist Resource(s)
  -------------------------------------------------------------------    -------------------
                         (clock clk_fpga_1 rise edge)
                                                      0.000     0.000 r
    PS7_X0Y0             PS7                          0.000     0.000 r  system_i/processing_system7_0/inst/PS7_i/FCLKCLK[1]
                         net (fo=1, routed)           0.303     0.303    system_i/processing_system7_0/inst/FCLK_CLK_unbuffered[1]
    BUFGCTRL_X0Y17       BUFG (Prop_bufg_I_O)         0.026     0.329 r  system_i/processing_system7_0/inst/buffer_fclk_clk_1.FCLK_CLK_1_BUFG/O
                         net (fo=8926, routed)        0.577     0.906    system_i/dma_mem_smartconnect/inst/m00_nodes/m00_w_node/inst/inst_mi_handler/gen_normal_area.inst_fifo_node_payld/gen_xpm_memory_fifo.inst_fifo/gen_mem_rep[0].inst_wr_addra/s_sc_aclk
    SLICE_X31Y16         FDRE                                         r  system_i/dma_mem_smartconnect/inst/m00_nodes/m00_w_node/inst/inst_mi_handler/gen_normal_area.inst_fifo_node_payld/gen_xpm_memory_fifo.inst_fifo/gen_mem_rep[0].inst_wr_addra/count_r_reg[2]/C
  -------------------------------------------------------------------    -------------------
    SLICE_X31Y16         FDRE (Prop_fdre_C_Q)         0.141     1.047 r  system_i/dma_mem_smartconnect/inst/m00_nodes/m00_w_node/inst/inst_mi_handler/gen_normal_area.inst_fifo_node_payld/gen_xpm_memory_fifo.inst_fifo/gen_mem_rep[0].inst_wr_addra/count_r_reg[2]/Q
                         net (fo=213, routed)         0.233     1.279    system_i/dma_mem_smartconnect/inst/m00_nodes/m00_w_node/inst/inst_mi_handler/gen_normal_area.inst_fifo_node_payld/gen_xpm_memory_fifo.inst_fifo/gen_mem_rep[0].inst_xpm_memory/xpm_memory_base_inst/gen_wr_a.gen_word_narrow.mem_reg_0_31_42_47/ADDRD2
    SLICE_X26Y16         RAMD32                                       r  system_i/dma_mem_smartconnect/inst/m00_nodes/m00_w_node/inst/inst_mi_handler/gen_normal_area.inst_fifo_node_payld/gen_xpm_memory_fifo.inst_fifo/gen_mem_rep[0].inst_xpm_memory/xpm_memory_base_inst/gen_wr_a.gen_word_narrow.mem_reg_0_31_42_47/RAMB/WADR2
  -------------------------------------------------------------------    -------------------

                         (clock clk_fpga_1 rise edge)
                                                      0.000     0.000 r
    PS7_X0Y0             PS7                          0.000     0.000 r  system_i/processing_system7_0/inst/PS7_i/FCLKCLK[1]
                         net (fo=1, routed)           0.331     0.331    system_i/processing_system7_0/inst/FCLK_CLK_unbuffered[1]
    BUFGCTRL_X0Y17       BUFG (Prop_bufg_I_O)         0.029     0.360 r  system_i/processing_system7_0/inst/buffer_fclk_clk_1.FCLK_CLK_1_BUFG/O
                         net (fo=8926, routed)        0.846     1.206    system_i/dma_mem_smartconnect/inst/m00_nodes/m00_w_node/inst/inst_mi_handler/gen_normal_area.inst_fifo_node_payld/gen_xpm_memory_fifo.inst_fifo/gen_mem_rep[0].inst_xpm_memory/xpm_memory_base_inst/gen_wr_a.gen_word_narrow.mem_reg_0_31_42_47/WCLK
    SLICE_X26Y16         RAMD32                                       r  system_i/dma_mem_smartconnect/inst/m00_nodes/m00_w_node/inst/inst_mi_handler/gen_normal_area.inst_fifo_node_payld/gen_xpm_memory_fifo.inst_fifo/gen_mem_rep[0].inst_xpm_memory/xpm_memory_base_inst/gen_wr_a.gen_word_narrow.mem_reg_0_31_42_47/RAMB/CLK
                         clock pessimism             -0.264     0.942
    SLICE_X26Y16         RAMD32 (Hold_ramd32_CLK_WADR2)
                                                      0.254     1.196    system_i/dma_mem_smartconnect/inst/m00_nodes/m00_w_node/inst/inst_mi_handler/gen_normal_area.inst_fifo_node_payld/gen_xpm_memory_fifo.inst_fifo/gen_mem_rep[0].inst_xpm_memory/xpm_memory_base_inst/gen_wr_a.gen_word_narrow.mem_reg_0_31_42_47/RAMB
  -------------------------------------------------------------------
                         required time                         -1.196
                         arrival time                           1.279
  -------------------------------------------------------------------
                         slack                                  0.084

Slack (MET) :             0.084ns  (arrival time - required time)
  Source:                 system_i/dma_mem_smartconnect/inst/m00_nodes/m00_w_node/inst/inst_mi_handler/gen_normal_area.inst_fifo_node_payld/gen_xpm_memory_fifo.inst_fifo/gen_mem_rep[0].inst_wr_addra/count_r_reg[2]/C
                            (rising edge-triggered cell FDRE clocked by clk_fpga_1  {rise@0.000ns fall@3.333ns period=6.666ns})
  Destination:            system_i/dma_mem_smartconnect/inst/m00_nodes/m00_w_node/inst/inst_mi_handler/gen_normal_area.inst_fifo_node_payld/gen_xpm_memory_fifo.inst_fifo/gen_mem_rep[0].inst_xpm_memory/xpm_memory_base_inst/gen_wr_a.gen_word_narrow.mem_reg_0_31_42_47/RAMB_D1/WADR2
                            (rising edge-triggered cell RAMD32 clocked by clk_fpga_1  {rise@0.000ns fall@3.333ns period=6.666ns})
  Path Group:             clk_fpga_1
  Path Type:              Hold (Min at Fast Process Corner)
  Requirement:            0.000ns  (clk_fpga_1 rise@0.000ns - clk_fpga_1 rise@0.000ns)
  Data Path Delay:        0.374ns  (logic 0.141ns (37.707%)  route 0.233ns (62.293%))
  Logic Levels:           0
  Clock Path Skew:        0.036ns (DCD - SCD - CPR)
    Destination Clock Delay (DCD):    1.206ns
    Source Clock Delay      (SCD):    0.906ns
    Clock Pessimism Removal (CPR):    0.264ns

    Location             Delay type                Incr(ns)  Path(ns)    Netlist Resource(s)
  -------------------------------------------------------------------    -------------------
                         (clock clk_fpga_1 rise edge)
                                                      0.000     0.000 r
    PS7_X0Y0             PS7                          0.000     0.000 r  system_i/processing_system7_0/inst/PS7_i/FCLKCLK[1]
                         net (fo=1, routed)           0.303     0.303    system_i/processing_system7_0/inst/FCLK_CLK_unbuffered[1]
    BUFGCTRL_X0Y17       BUFG (Prop_bufg_I_O)         0.026     0.329 r  system_i/processing_system7_0/inst/buffer_fclk_clk_1.FCLK_CLK_1_BUFG/O
                         net (fo=8926, routed)        0.577     0.906    system_i/dma_mem_smartconnect/inst/m00_nodes/m00_w_node/inst/inst_mi_handler/gen_normal_area.inst_fifo_node_payld/gen_xpm_memory_fifo.inst_fifo/gen_mem_rep[0].inst_wr_addra/s_sc_aclk
    SLICE_X31Y16         FDRE                                         r  system_i/dma_mem_smartconnect/inst/m00_nodes/m00_w_node/inst/inst_mi_handler/gen_normal_area.inst_fifo_node_payld/gen_xpm_memory_fifo.inst_fifo/gen_mem_rep[0].inst_wr_addra/count_r_reg[2]/C
  -------------------------------------------------------------------    -------------------
    SLICE_X31Y16         FDRE (Prop_fdre_C_Q)         0.141     1.047 r  system_i/dma_mem_smartconnect/inst/m00_nodes/m00_w_node/inst/inst_mi_handler/gen_normal_area.inst_fifo_node_payld/gen_xpm_memory_fifo.inst_fifo/gen_mem_rep[0].inst_wr_addra/count_r_reg[2]/Q
                         net (fo=213, routed)         0.233     1.279    system_i/dma_mem_smartconnect/inst/m00_nodes/m00_w_node/inst/inst_mi_handler/gen_normal_area.inst_fifo_node_payld/gen_xpm_memory_fifo.inst_fifo/gen_mem_rep[0].inst_xpm_memory/xpm_memory_base_inst/gen_wr_a.gen_word_narrow.mem_reg_0_31_42_47/ADDRD2
    SLICE_X26Y16         RAMD32                                       r  system_i/dma_mem_smartconnect/inst/m00_nodes/m00_w_node/inst/inst_mi_handler/gen_normal_area.inst_fifo_node_payld/gen_xpm_memory_fifo.inst_fifo/gen_mem_rep[0].inst_xpm_memory/xpm_memory_base_inst/gen_wr_a.gen_word_narrow.mem_reg_0_31_42_47/RAMB_D1/WADR2
  -------------------------------------------------------------------    -------------------

                         (clock clk_fpga_1 rise edge)
                                                      0.000     0.000 r
    PS7_X0Y0             PS7                          0.000     0.000 r  system_i/processing_system7_0/inst/PS7_i/FCLKCLK[1]
                         net (fo=1, routed)           0.331     0.331    system_i/processing_system7_0/inst/FCLK_CLK_unbuffered[1]
    BUFGCTRL_X0Y17       BUFG (Prop_bufg_I_O)         0.029     0.360 r  system_i/processing_system7_0/inst/buffer_fclk_clk_1.FCLK_CLK_1_BUFG/O
                         net (fo=8926, routed)        0.846     1.206    system_i/dma_mem_smartconnect/inst/m00_nodes/m00_w_node/inst/inst_mi_handler/gen_normal_area.inst_fifo_node_payld/gen_xpm_memory_fifo.inst_fifo/gen_mem_rep[0].inst_xpm_memory/xpm_memory_base_inst/gen_wr_a.gen_word_narrow.mem_reg_0_31_42_47/WCLK
    SLICE_X26Y16         RAMD32                                       r  system_i/dma_mem_smartconnect/inst/m00_nodes/m00_w_node/inst/inst_mi_handler/gen_normal_area.inst_fifo_node_payld/gen_xpm_memory_fifo.inst_fifo/gen_mem_rep[0].inst_xpm_memory/xpm_memory_base_inst/gen_wr_a.gen_word_narrow.mem_reg_0_31_42_47/RAMB_D1/CLK
                         clock pessimism             -0.264     0.942
    SLICE_X26Y16         RAMD32 (Hold_ramd32_CLK_WADR2)
                                                      0.254     1.196    system_i/dma_mem_smartconnect/inst/m00_nodes/m00_w_node/inst/inst_mi_handler/gen_normal_area.inst_fifo_node_payld/gen_xpm_memory_fifo.inst_fifo/gen_mem_rep[0].inst_xpm_memory/xpm_memory_base_inst/gen_wr_a.gen_word_narrow.mem_reg_0_31_42_47/RAMB_D1
  -------------------------------------------------------------------
                         required time                         -1.196
                         arrival time                           1.279
  -------------------------------------------------------------------
                         slack                                  0.084

Slack (MET) :             0.084ns  (arrival time - required time)
  Source:                 system_i/dma_mem_smartconnect/inst/m00_nodes/m00_w_node/inst/inst_mi_handler/gen_normal_area.inst_fifo_node_payld/gen_xpm_memory_fifo.inst_fifo/gen_mem_rep[0].inst_wr_addra/count_r_reg[2]/C
                            (rising edge-triggered cell FDRE clocked by clk_fpga_1  {rise@0.000ns fall@3.333ns period=6.666ns})
  Destination:            system_i/dma_mem_smartconnect/inst/m00_nodes/m00_w_node/inst/inst_mi_handler/gen_normal_area.inst_fifo_node_payld/gen_xpm_memory_fifo.inst_fifo/gen_mem_rep[0].inst_xpm_memory/xpm_memory_base_inst/gen_wr_a.gen_word_narrow.mem_reg_0_31_42_47/RAMC/WADR2
                            (rising edge-triggered cell RAMD32 clocked by clk_fpga_1  {rise@0.000ns fall@3.333ns period=6.666ns})
  Path Group:             clk_fpga_1
  Path Type:              Hold (Min at Fast Process Corner)
  Requirement:            0.000ns  (clk_fpga_1 rise@0.000ns - clk_fpga_1 rise@0.000ns)
  Data Path Delay:        0.374ns  (logic 0.141ns (37.707%)  route 0.233ns (62.293%))
  Logic Levels:           0
  Clock Path Skew:        0.036ns (DCD - SCD - CPR)
    Destination Clock Delay (DCD):    1.206ns
    Source Clock Delay      (SCD):    0.906ns
    Clock Pessimism Removal (CPR):    0.264ns

    Location             Delay type                Incr(ns)  Path(ns)    Netlist Resource(s)
  -------------------------------------------------------------------    -------------------
                         (clock clk_fpga_1 rise edge)
                                                      0.000     0.000 r
    PS7_X0Y0             PS7                          0.000     0.000 r  system_i/processing_system7_0/inst/PS7_i/FCLKCLK[1]
                         net (fo=1, routed)           0.303     0.303    system_i/processing_system7_0/inst/FCLK_CLK_unbuffered[1]
    BUFGCTRL_X0Y17       BUFG (Prop_bufg_I_O)         0.026     0.329 r  system_i/processing_system7_0/inst/buffer_fclk_clk_1.FCLK_CLK_1_BUFG/O
                         net (fo=8926, routed)        0.577     0.906    system_i/dma_mem_smartconnect/inst/m00_nodes/m00_w_node/inst/inst_mi_handler/gen_normal_area.inst_fifo_node_payld/gen_xpm_memory_fifo.inst_fifo/gen_mem_rep[0].inst_wr_addra/s_sc_aclk
    SLICE_X31Y16         FDRE                                         r  system_i/dma_mem_smartconnect/inst/m00_nodes/m00_w_node/inst/inst_mi_handler/gen_normal_area.inst_fifo_node_payld/gen_xpm_memory_fifo.inst_fifo/gen_mem_rep[0].inst_wr_addra/count_r_reg[2]/C
  -------------------------------------------------------------------    -------------------
    SLICE_X31Y16         FDRE (Prop_fdre_C_Q)         0.141     1.047 r  system_i/dma_mem_smartconnect/inst/m00_nodes/m00_w_node/inst/inst_mi_handler/gen_normal_area.inst_fifo_node_payld/gen_xpm_memory_fifo.inst_fifo/gen_mem_rep[0].inst_wr_addra/count_r_reg[2]/Q
                         net (fo=213, routed)         0.233     1.279    system_i/dma_mem_smartconnect/inst/m00_nodes/m00_w_node/inst/inst_mi_handler/gen_normal_area.inst_fifo_node_payld/gen_xpm_memory_fifo.inst_fifo/gen_mem_rep[0].inst_xpm_memory/xpm_memory_base_inst/gen_wr_a.gen_word_narrow.mem_reg_0_31_42_47/ADDRD2
    SLICE_X26Y16         RAMD32                                       r  system_i/dma_mem_smartconnect/inst/m00_nodes/m00_w_node/inst/inst_mi_handler/gen_normal_area.inst_fifo_node_payld/gen_xpm_memory_fifo.inst_fifo/gen_mem_rep[0].inst_xpm_memory/xpm_memory_base_inst/gen_wr_a.gen_word_narrow.mem_reg_0_31_42_47/RAMC/WADR2
  -------------------------------------------------------------------    -------------------

                         (clock clk_fpga_1 rise edge)
                                                      0.000     0.000 r
    PS7_X0Y0             PS7                          0.000     0.000 r  system_i/processing_system7_0/inst/PS7_i/FCLKCLK[1]
                         net (fo=1, routed)           0.331     0.331    system_i/processing_system7_0/inst/FCLK_CLK_unbuffered[1]
    BUFGCTRL_X0Y17       BUFG (Prop_bufg_I_O)         0.029     0.360 r  system_i/processing_system7_0/inst/buffer_fclk_clk_1.FCLK_CLK_1_BUFG/O
                         net (fo=8926, routed)        0.846     1.206    system_i/dma_mem_smartconnect/inst/m00_nodes/m00_w_node/inst/inst_mi_handler/gen_normal_area.inst_fifo_node_payld/gen_xpm_memory_fifo.inst_fifo/gen_mem_rep[0].inst_xpm_memory/xpm_memory_base_inst/gen_wr_a.gen_word_narrow.mem_reg_0_31_42_47/WCLK
    SLICE_X26Y16         RAMD32                                       r  system_i/dma_mem_smartconnect/inst/m00_nodes/m00_w_node/inst/inst_mi_handler/gen_normal_area.inst_fifo_node_payld/gen_xpm_memory_fifo.inst_fifo/gen_mem_rep[0].inst_xpm_memory/xpm_memory_base_inst/gen_wr_a.gen_word_narrow.mem_reg_0_31_42_47/RAMC/CLK
                         clock pessimism             -0.264     0.942
    SLICE_X26Y16         RAMD32 (Hold_ramd32_CLK_WADR2)
                                                      0.254     1.196    system_i/dma_mem_smartconnect/inst/m00_nodes/m00_w_node/inst/inst_mi_handler/gen_normal_area.inst_fifo_node_payld/gen_xpm_memory_fifo.inst_fifo/gen_mem_rep[0].inst_xpm_memory/xpm_memory_base_inst/gen_wr_a.gen_word_narrow.mem_reg_0_31_42_47/RAMC
  -------------------------------------------------------------------
                         required time                         -1.196
                         arrival time                           1.279
  -------------------------------------------------------------------
                         slack                                  0.084

Slack (MET) :             0.084ns  (arrival time - required time)
  Source:                 system_i/dma_mem_smartconnect/inst/m00_nodes/m00_w_node/inst/inst_mi_handler/gen_normal_area.inst_fifo_node_payld/gen_xpm_memory_fifo.inst_fifo/gen_mem_rep[0].inst_wr_addra/count_r_reg[2]/C
                            (rising edge-triggered cell FDRE clocked by clk_fpga_1  {rise@0.000ns fall@3.333ns period=6.666ns})
  Destination:            system_i/dma_mem_smartconnect/inst/m00_nodes/m00_w_node/inst/inst_mi_handler/gen_normal_area.inst_fifo_node_payld/gen_xpm_memory_fifo.inst_fifo/gen_mem_rep[0].inst_xpm_memory/xpm_memory_base_inst/gen_wr_a.gen_word_narrow.mem_reg_0_31_42_47/RAMC_D1/WADR2
                            (rising edge-triggered cell RAMD32 clocked by clk_fpga_1  {rise@0.000ns fall@3.333ns period=6.666ns})
  Path Group:             clk_fpga_1
  Path Type:              Hold (Min at Fast Process Corner)
  Requirement:            0.000ns  (clk_fpga_1 rise@0.000ns - clk_fpga_1 rise@0.000ns)
  Data Path Delay:        0.374ns  (logic 0.141ns (37.707%)  route 0.233ns (62.293%))
  Logic Levels:           0
  Clock Path Skew:        0.036ns (DCD - SCD - CPR)
    Destination Clock Delay (DCD):    1.206ns
    Source Clock Delay      (SCD):    0.906ns
    Clock Pessimism Removal (CPR):    0.264ns

    Location             Delay type                Incr(ns)  Path(ns)    Netlist Resource(s)
  -------------------------------------------------------------------    -------------------
                         (clock clk_fpga_1 rise edge)
                                                      0.000     0.000 r
    PS7_X0Y0             PS7                          0.000     0.000 r  system_i/processing_system7_0/inst/PS7_i/FCLKCLK[1]
                         net (fo=1, routed)           0.303     0.303    system_i/processing_system7_0/inst/FCLK_CLK_unbuffered[1]
    BUFGCTRL_X0Y17       BUFG (Prop_bufg_I_O)         0.026     0.329 r  system_i/processing_system7_0/inst/buffer_fclk_clk_1.FCLK_CLK_1_BUFG/O
                         net (fo=8926, routed)        0.577     0.906    system_i/dma_mem_smartconnect/inst/m00_nodes/m00_w_node/inst/inst_mi_handler/gen_normal_area.inst_fifo_node_payld/gen_xpm_memory_fifo.inst_fifo/gen_mem_rep[0].inst_wr_addra/s_sc_aclk
    SLICE_X31Y16         FDRE                                         r  system_i/dma_mem_smartconnect/inst/m00_nodes/m00_w_node/inst/inst_mi_handler/gen_normal_area.inst_fifo_node_payld/gen_xpm_memory_fifo.inst_fifo/gen_mem_rep[0].inst_wr_addra/count_r_reg[2]/C
  -------------------------------------------------------------------    -------------------
    SLICE_X31Y16         FDRE (Prop_fdre_C_Q)         0.141     1.047 r  system_i/dma_mem_smartconnect/inst/m00_nodes/m00_w_node/inst/inst_mi_handler/gen_normal_area.inst_fifo_node_payld/gen_xpm_memory_fifo.inst_fifo/gen_mem_rep[0].inst_wr_addra/count_r_reg[2]/Q
                         net (fo=213, routed)         0.233     1.279    system_i/dma_mem_smartconnect/inst/m00_nodes/m00_w_node/inst/inst_mi_handler/gen_normal_area.inst_fifo_node_payld/gen_xpm_memory_fifo.inst_fifo/gen_mem_rep[0].inst_xpm_memory/xpm_memory_base_inst/gen_wr_a.gen_word_narrow.mem_reg_0_31_42_47/ADDRD2
    SLICE_X26Y16         RAMD32                                       r  system_i/dma_mem_smartconnect/inst/m00_nodes/m00_w_node/inst/inst_mi_handler/gen_normal_area.inst_fifo_node_payld/gen_xpm_memory_fifo.inst_fifo/gen_mem_rep[0].inst_xpm_memory/xpm_memory_base_inst/gen_wr_a.gen_word_narrow.mem_reg_0_31_42_47/RAMC_D1/WADR2
  -------------------------------------------------------------------    -------------------

                         (clock clk_fpga_1 rise edge)
                                                      0.000     0.000 r
    PS7_X0Y0             PS7                          0.000     0.000 r  system_i/processing_system7_0/inst/PS7_i/FCLKCLK[1]
                         net (fo=1, routed)           0.331     0.331    system_i/processing_system7_0/inst/FCLK_CLK_unbuffered[1]
    BUFGCTRL_X0Y17       BUFG (Prop_bufg_I_O)         0.029     0.360 r  system_i/processing_system7_0/inst/buffer_fclk_clk_1.FCLK_CLK_1_BUFG/O
                         net (fo=8926, routed)        0.846     1.206    system_i/dma_mem_smartconnect/inst/m00_nodes/m00_w_node/inst/inst_mi_handler/gen_normal_area.inst_fifo_node_payld/gen_xpm_memory_fifo.inst_fifo/gen_mem_rep[0].inst_xpm_memory/xpm_memory_base_inst/gen_wr_a.gen_word_narrow.mem_reg_0_31_42_47/WCLK
    SLICE_X26Y16         RAMD32                                       r  system_i/dma_mem_smartconnect/inst/m00_nodes/m00_w_node/inst/inst_mi_handler/gen_normal_area.inst_fifo_node_payld/gen_xpm_memory_fifo.inst_fifo/gen_mem_rep[0].inst_xpm_memory/xpm_memory_base_inst/gen_wr_a.gen_word_narrow.mem_reg_0_31_42_47/RAMC_D1/CLK
                         clock pessimism             -0.264     0.942
    SLICE_X26Y16         RAMD32 (Hold_ramd32_CLK_WADR2)
                                                      0.254     1.196    system_i/dma_mem_smartconnect/inst/m00_nodes/m00_w_node/inst/inst_mi_handler/gen_normal_area.inst_fifo_node_payld/gen_xpm_memory_fifo.inst_fifo/gen_mem_rep[0].inst_xpm_memory/xpm_memory_base_inst/gen_wr_a.gen_word_narrow.mem_reg_0_31_42_47/RAMC_D1
  -------------------------------------------------------------------
                         required time                         -1.196
                         arrival time                           1.279
  -------------------------------------------------------------------
                         slack                                  0.084

Slack (MET) :             0.084ns  (arrival time - required time)
  Source:                 system_i/dma_mem_smartconnect/inst/m00_nodes/m00_w_node/inst/inst_mi_handler/gen_normal_area.inst_fifo_node_payld/gen_xpm_memory_fifo.inst_fifo/gen_mem_rep[0].inst_wr_addra/count_r_reg[2]/C
                            (rising edge-triggered cell FDRE clocked by clk_fpga_1  {rise@0.000ns fall@3.333ns period=6.666ns})
  Destination:            system_i/dma_mem_smartconnect/inst/m00_nodes/m00_w_node/inst/inst_mi_handler/gen_normal_area.inst_fifo_node_payld/gen_xpm_memory_fifo.inst_fifo/gen_mem_rep[0].inst_xpm_memory/xpm_memory_base_inst/gen_wr_a.gen_word_narrow.mem_reg_0_31_42_47/RAMD/ADR2
                            (rising edge-triggered cell RAMS32 clocked by clk_fpga_1  {rise@0.000ns fall@3.333ns period=6.666ns})
  Path Group:             clk_fpga_1
  Path Type:              Hold (Min at Fast Process Corner)
  Requirement:            0.000ns  (clk_fpga_1 rise@0.000ns - clk_fpga_1 rise@0.000ns)
  Data Path Delay:        0.374ns  (logic 0.141ns (37.707%)  route 0.233ns (62.293%))
  Logic Levels:           0
  Clock Path Skew:        0.036ns (DCD - SCD - CPR)
    Destination Clock Delay (DCD):    1.206ns
    Source Clock Delay      (SCD):    0.906ns
    Clock Pessimism Removal (CPR):    0.264ns

    Location             Delay type                Incr(ns)  Path(ns)    Netlist Resource(s)
  -------------------------------------------------------------------    -------------------
                         (clock clk_fpga_1 rise edge)
                                                      0.000     0.000 r
    PS7_X0Y0             PS7                          0.000     0.000 r  system_i/processing_system7_0/inst/PS7_i/FCLKCLK[1]
                         net (fo=1, routed)           0.303     0.303    system_i/processing_system7_0/inst/FCLK_CLK_unbuffered[1]
    BUFGCTRL_X0Y17       BUFG (Prop_bufg_I_O)         0.026     0.329 r  system_i/processing_system7_0/inst/buffer_fclk_clk_1.FCLK_CLK_1_BUFG/O
                         net (fo=8926, routed)        0.577     0.906    system_i/dma_mem_smartconnect/inst/m00_nodes/m00_w_node/inst/inst_mi_handler/gen_normal_area.inst_fifo_node_payld/gen_xpm_memory_fifo.inst_fifo/gen_mem_rep[0].inst_wr_addra/s_sc_aclk
    SLICE_X31Y16         FDRE                                         r  system_i/dma_mem_smartconnect/inst/m00_nodes/m00_w_node/inst/inst_mi_handler/gen_normal_area.inst_fifo_node_payld/gen_xpm_memory_fifo.inst_fifo/gen_mem_rep[0].inst_wr_addra/count_r_reg[2]/C
  -------------------------------------------------------------------    -------------------
    SLICE_X31Y16         FDRE (Prop_fdre_C_Q)         0.141     1.047 r  system_i/dma_mem_smartconnect/inst/m00_nodes/m00_w_node/inst/inst_mi_handler/gen_normal_area.inst_fifo_node_payld/gen_xpm_memory_fifo.inst_fifo/gen_mem_rep[0].inst_wr_addra/count_r_reg[2]/Q
                         net (fo=213, routed)         0.233     1.279    system_i/dma_mem_smartconnect/inst/m00_nodes/m00_w_node/inst/inst_mi_handler/gen_normal_area.inst_fifo_node_payld/gen_xpm_memory_fifo.inst_fifo/gen_mem_rep[0].inst_xpm_memory/xpm_memory_base_inst/gen_wr_a.gen_word_narrow.mem_reg_0_31_42_47/ADDRD2
    SLICE_X26Y16         RAMS32                                       r  system_i/dma_mem_smartconnect/inst/m00_nodes/m00_w_node/inst/inst_mi_handler/gen_normal_area.inst_fifo_node_payld/gen_xpm_memory_fifo.inst_fifo/gen_mem_rep[0].inst_xpm_memory/xpm_memory_base_inst/gen_wr_a.gen_word_narrow.mem_reg_0_31_42_47/RAMD/ADR2
  -------------------------------------------------------------------    -------------------

                         (clock clk_fpga_1 rise edge)
                                                      0.000     0.000 r
    PS7_X0Y0             PS7                          0.000     0.000 r  system_i/processing_system7_0/inst/PS7_i/FCLKCLK[1]
                         net (fo=1, routed)           0.331     0.331    system_i/processing_system7_0/inst/FCLK_CLK_unbuffered[1]
    BUFGCTRL_X0Y17       BUFG (Prop_bufg_I_O)         0.029     0.360 r  system_i/processing_system7_0/inst/buffer_fclk_clk_1.FCLK_CLK_1_BUFG/O
                         net (fo=8926, routed)        0.846     1.206    system_i/dma_mem_smartconnect/inst/m00_nodes/m00_w_node/inst/inst_mi_handler/gen_normal_area.inst_fifo_node_payld/gen_xpm_memory_fifo.inst_fifo/gen_mem_rep[0].inst_xpm_memory/xpm_memory_base_inst/gen_wr_a.gen_word_narrow.mem_reg_0_31_42_47/WCLK
    SLICE_X26Y16         RAMS32                                       r  system_i/dma_mem_smartconnect/inst/m00_nodes/m00_w_node/inst/inst_mi_handler/gen_normal_area.inst_fifo_node_payld/gen_xpm_memory_fifo.inst_fifo/gen_mem_rep[0].inst_xpm_memory/xpm_memory_base_inst/gen_wr_a.gen_word_narrow.mem_reg_0_31_42_47/RAMD/CLK
                         clock pessimism             -0.264     0.942
    SLICE_X26Y16         RAMS32 (Hold_rams32_CLK_ADR2)
                                                      0.254     1.196    system_i/dma_mem_smartconnect/inst/m00_nodes/m00_w_node/inst/inst_mi_handler/gen_normal_area.inst_fifo_node_payld/gen_xpm_memory_fifo.inst_fifo/gen_mem_rep[0].inst_xpm_memory/xpm_memory_base_inst/gen_wr_a.gen_word_narrow.mem_reg_0_31_42_47/RAMD
  -------------------------------------------------------------------
                         required time                         -1.196
                         arrival time                           1.279
  -------------------------------------------------------------------
                         slack                                  0.084

Slack (MET) :             0.084ns  (arrival time - required time)
  Source:                 system_i/dma_mem_smartconnect/inst/m00_nodes/m00_w_node/inst/inst_mi_handler/gen_normal_area.inst_fifo_node_payld/gen_xpm_memory_fifo.inst_fifo/gen_mem_rep[0].inst_wr_addra/count_r_reg[2]/C
                            (rising edge-triggered cell FDRE clocked by clk_fpga_1  {rise@0.000ns fall@3.333ns period=6.666ns})
  Destination:            system_i/dma_mem_smartconnect/inst/m00_nodes/m00_w_node/inst/inst_mi_handler/gen_normal_area.inst_fifo_node_payld/gen_xpm_memory_fifo.inst_fifo/gen_mem_rep[0].inst_xpm_memory/xpm_memory_base_inst/gen_wr_a.gen_word_narrow.mem_reg_0_31_42_47/RAMD_D1/ADR2
                            (rising edge-triggered cell RAMS32 clocked by clk_fpga_1  {rise@0.000ns fall@3.333ns period=6.666ns})
  Path Group:             clk_fpga_1
  Path Type:              Hold (Min at Fast Process Corner)
  Requirement:            0.000ns  (clk_fpga_1 rise@0.000ns - clk_fpga_1 rise@0.000ns)
  Data Path Delay:        0.374ns  (logic 0.141ns (37.707%)  route 0.233ns (62.293%))
  Logic Levels:           0
  Clock Path Skew:        0.036ns (DCD - SCD - CPR)
    Destination Clock Delay (DCD):    1.206ns
    Source Clock Delay      (SCD):    0.906ns
    Clock Pessimism Removal (CPR):    0.264ns

    Location             Delay type                Incr(ns)  Path(ns)    Netlist Resource(s)
  -------------------------------------------------------------------    -------------------
                         (clock clk_fpga_1 rise edge)
                                                      0.000     0.000 r
    PS7_X0Y0             PS7                          0.000     0.000 r  system_i/processing_system7_0/inst/PS7_i/FCLKCLK[1]
                         net (fo=1, routed)           0.303     0.303    system_i/processing_system7_0/inst/FCLK_CLK_unbuffered[1]
    BUFGCTRL_X0Y17       BUFG (Prop_bufg_I_O)         0.026     0.329 r  system_i/processing_system7_0/inst/buffer_fclk_clk_1.FCLK_CLK_1_BUFG/O
                         net (fo=8926, routed)        0.577     0.906    system_i/dma_mem_smartconnect/inst/m00_nodes/m00_w_node/inst/inst_mi_handler/gen_normal_area.inst_fifo_node_payld/gen_xpm_memory_fifo.inst_fifo/gen_mem_rep[0].inst_wr_addra/s_sc_aclk
    SLICE_X31Y16         FDRE                                         r  system_i/dma_mem_smartconnect/inst/m00_nodes/m00_w_node/inst/inst_mi_handler/gen_normal_area.inst_fifo_node_payld/gen_xpm_memory_fifo.inst_fifo/gen_mem_rep[0].inst_wr_addra/count_r_reg[2]/C
  -------------------------------------------------------------------    -------------------
    SLICE_X31Y16         FDRE (Prop_fdre_C_Q)         0.141     1.047 r  system_i/dma_mem_smartconnect/inst/m00_nodes/m00_w_node/inst/inst_mi_handler/gen_normal_area.inst_fifo_node_payld/gen_xpm_memory_fifo.inst_fifo/gen_mem_rep[0].inst_wr_addra/count_r_reg[2]/Q
                         net (fo=213, routed)         0.233     1.279    system_i/dma_mem_smartconnect/inst/m00_nodes/m00_w_node/inst/inst_mi_handler/gen_normal_area.inst_fifo_node_payld/gen_xpm_memory_fifo.inst_fifo/gen_mem_rep[0].inst_xpm_memory/xpm_memory_base_inst/gen_wr_a.gen_word_narrow.mem_reg_0_31_42_47/ADDRD2
    SLICE_X26Y16         RAMS32                                       r  system_i/dma_mem_smartconnect/inst/m00_nodes/m00_w_node/inst/inst_mi_handler/gen_normal_area.inst_fifo_node_payld/gen_xpm_memory_fifo.inst_fifo/gen_mem_rep[0].inst_xpm_memory/xpm_memory_base_inst/gen_wr_a.gen_word_narrow.mem_reg_0_31_42_47/RAMD_D1/ADR2
  -------------------------------------------------------------------    -------------------

                         (clock clk_fpga_1 rise edge)
                                                      0.000     0.000 r
    PS7_X0Y0             PS7                          0.000     0.000 r  system_i/processing_system7_0/inst/PS7_i/FCLKCLK[1]
                         net (fo=1, routed)           0.331     0.331    system_i/processing_system7_0/inst/FCLK_CLK_unbuffered[1]
    BUFGCTRL_X0Y17       BUFG (Prop_bufg_I_O)         0.029     0.360 r  system_i/processing_system7_0/inst/buffer_fclk_clk_1.FCLK_CLK_1_BUFG/O
                         net (fo=8926, routed)        0.846     1.206    system_i/dma_mem_smartconnect/inst/m00_nodes/m00_w_node/inst/inst_mi_handler/gen_normal_area.inst_fifo_node_payld/gen_xpm_memory_fifo.inst_fifo/gen_mem_rep[0].inst_xpm_memory/xpm_memory_base_inst/gen_wr_a.gen_word_narrow.mem_reg_0_31_42_47/WCLK
    SLICE_X26Y16         RAMS32                                       r  system_i/dma_mem_smartconnect/inst/m00_nodes/m00_w_node/inst/inst_mi_handler/gen_normal_area.inst_fifo_node_payld/gen_xpm_memory_fifo.inst_fifo/gen_mem_rep[0].inst_xpm_memory/xpm_memory_base_inst/gen_wr_a.gen_word_narrow.mem_reg_0_31_42_47/RAMD_D1/CLK
                         clock pessimism             -0.264     0.942
    SLICE_X26Y16         RAMS32 (Hold_rams32_CLK_ADR2)
                                                      0.254     1.196    system_i/dma_mem_smartconnect/inst/m00_nodes/m00_w_node/inst/inst_mi_handler/gen_normal_area.inst_fifo_node_payld/gen_xpm_memory_fifo.inst_fifo/gen_mem_rep[0].inst_xpm_memory/xpm_memory_base_inst/gen_wr_a.gen_word_narrow.mem_reg_0_31_42_47/RAMD_D1
  -------------------------------------------------------------------
                         required time                         -1.196
                         arrival time                           1.279
  -------------------------------------------------------------------
                         slack                                  0.084

Slack (MET) :             0.085ns  (arrival time - required time)
  Source:                 system_i/dma_mem_smartconnect/inst/s01_nodes/s01_b_node/inst/inst_mi_handler/gen_normal_area.inst_fifo_node_payld/gen_xpm_memory_fifo.inst_fifo/gen_mem_rep[0].inst_wr_addra/count_r_reg[2]/C
                            (rising edge-triggered cell FDRE clocked by clk_fpga_1  {rise@0.000ns fall@3.333ns period=6.666ns})
  Destination:            system_i/dma_mem_smartconnect/inst/s01_nodes/s01_b_node/inst/inst_mi_handler/gen_normal_area.inst_fifo_node_payld/gen_xpm_memory_fifo.inst_fifo/gen_mem_rep[0].inst_xpm_memory/xpm_memory_base_inst/gen_wr_a.gen_word_narrow.mem_reg_0_31_0_5/RAMA/WADR2
                            (rising edge-triggered cell RAMD32 clocked by clk_fpga_1  {rise@0.000ns fall@3.333ns period=6.666ns})
  Path Group:             clk_fpga_1
  Path Type:              Hold (Min at Fast Process Corner)
  Requirement:            0.000ns  (clk_fpga_1 rise@0.000ns - clk_fpga_1 rise@0.000ns)
  Data Path Delay:        0.354ns  (logic 0.141ns (39.845%)  route 0.213ns (60.155%))
  Logic Levels:           0
  Clock Path Skew:        0.015ns (DCD - SCD - CPR)
    Destination Clock Delay (DCD):    1.244ns
    Source Clock Delay      (SCD):    0.943ns
    Clock Pessimism Removal (CPR):    0.286ns

    Location             Delay type                Incr(ns)  Path(ns)    Netlist Resource(s)
  -------------------------------------------------------------------    -------------------
                         (clock clk_fpga_1 rise edge)
                                                      0.000     0.000 r
    PS7_X0Y0             PS7                          0.000     0.000 r  system_i/processing_system7_0/inst/PS7_i/FCLKCLK[1]
                         net (fo=1, routed)           0.303     0.303    system_i/processing_system7_0/inst/FCLK_CLK_unbuffered[1]
    BUFGCTRL_X0Y17       BUFG (Prop_bufg_I_O)         0.026     0.329 r  system_i/processing_system7_0/inst/buffer_fclk_clk_1.FCLK_CLK_1_BUFG/O
                         net (fo=8926, routed)        0.614     0.943    system_i/dma_mem_smartconnect/inst/s01_nodes/s01_b_node/inst/inst_mi_handler/gen_normal_area.inst_fifo_node_payld/gen_xpm_memory_fifo.inst_fifo/gen_mem_rep[0].inst_wr_addra/s_sc_aclk
    SLICE_X1Y14          FDRE                                         r  system_i/dma_mem_smartconnect/inst/s01_nodes/s01_b_node/inst/inst_mi_handler/gen_normal_area.inst_fifo_node_payld/gen_xpm_memory_fifo.inst_fifo/gen_mem_rep[0].inst_wr_addra/count_r_reg[2]/C
  -------------------------------------------------------------------    -------------------
    SLICE_X1Y14          FDRE (Prop_fdre_C_Q)         0.141     1.084 r  system_i/dma_mem_smartconnect/inst/s01_nodes/s01_b_node/inst/inst_mi_handler/gen_normal_area.inst_fifo_node_payld/gen_xpm_memory_fifo.inst_fifo/gen_mem_rep[0].inst_wr_addra/count_r_reg[2]/Q
                         net (fo=13, routed)          0.213     1.296    system_i/dma_mem_smartconnect/inst/s01_nodes/s01_b_node/inst/inst_mi_handler/gen_normal_area.inst_fifo_node_payld/gen_xpm_memory_fifo.inst_fifo/gen_mem_rep[0].inst_xpm_memory/xpm_memory_base_inst/gen_wr_a.gen_word_narrow.mem_reg_0_31_0_5/ADDRD2
    SLICE_X2Y13          RAMD32                                       r  system_i/dma_mem_smartconnect/inst/s01_nodes/s01_b_node/inst/inst_mi_handler/gen_normal_area.inst_fifo_node_payld/gen_xpm_memory_fifo.inst_fifo/gen_mem_rep[0].inst_xpm_memory/xpm_memory_base_inst/gen_wr_a.gen_word_narrow.mem_reg_0_31_0_5/RAMA/WADR2
  -------------------------------------------------------------------    -------------------

                         (clock clk_fpga_1 rise edge)
                                                      0.000     0.000 r
    PS7_X0Y0             PS7                          0.000     0.000 r  system_i/processing_system7_0/inst/PS7_i/FCLKCLK[1]
                         net (fo=1, routed)           0.331     0.331    system_i/processing_system7_0/inst/FCLK_CLK_unbuffered[1]
    BUFGCTRL_X0Y17       BUFG (Prop_bufg_I_O)         0.029     0.360 r  system_i/processing_system7_0/inst/buffer_fclk_clk_1.FCLK_CLK_1_BUFG/O
                         net (fo=8926, routed)        0.884     1.244    system_i/dma_mem_smartconnect/inst/s01_nodes/s01_b_node/inst/inst_mi_handler/gen_normal_area.inst_fifo_node_payld/gen_xpm_memory_fifo.inst_fifo/gen_mem_rep[0].inst_xpm_memory/xpm_memory_base_inst/gen_wr_a.gen_word_narrow.mem_reg_0_31_0_5/WCLK
    SLICE_X2Y13          RAMD32                                       r  system_i/dma_mem_smartconnect/inst/s01_nodes/s01_b_node/inst/inst_mi_handler/gen_normal_area.inst_fifo_node_payld/gen_xpm_memory_fifo.inst_fifo/gen_mem_rep[0].inst_xpm_memory/xpm_memory_base_inst/gen_wr_a.gen_word_narrow.mem_reg_0_31_0_5/RAMA/CLK
                         clock pessimism             -0.286     0.957
    SLICE_X2Y13          RAMD32 (Hold_ramd32_CLK_WADR2)
                                                      0.254     1.211    system_i/dma_mem_smartconnect/inst/s01_nodes/s01_b_node/inst/inst_mi_handler/gen_normal_area.inst_fifo_node_payld/gen_xpm_memory_fifo.inst_fifo/gen_mem_rep[0].inst_xpm_memory/xpm_memory_base_inst/gen_wr_a.gen_word_narrow.mem_reg_0_31_0_5/RAMA
  -------------------------------------------------------------------
                         required time                         -1.212
                         arrival time                           1.296
  -------------------------------------------------------------------
                         slack                                  0.085

Slack (MET) :             0.085ns  (arrival time - required time)
  Source:                 system_i/dma_mem_smartconnect/inst/s01_nodes/s01_b_node/inst/inst_mi_handler/gen_normal_area.inst_fifo_node_payld/gen_xpm_memory_fifo.inst_fifo/gen_mem_rep[0].inst_wr_addra/count_r_reg[2]/C
                            (rising edge-triggered cell FDRE clocked by clk_fpga_1  {rise@0.000ns fall@3.333ns period=6.666ns})
  Destination:            system_i/dma_mem_smartconnect/inst/s01_nodes/s01_b_node/inst/inst_mi_handler/gen_normal_area.inst_fifo_node_payld/gen_xpm_memory_fifo.inst_fifo/gen_mem_rep[0].inst_xpm_memory/xpm_memory_base_inst/gen_wr_a.gen_word_narrow.mem_reg_0_31_0_5/RAMA_D1/WADR2
                            (rising edge-triggered cell RAMD32 clocked by clk_fpga_1  {rise@0.000ns fall@3.333ns period=6.666ns})
  Path Group:             clk_fpga_1
  Path Type:              Hold (Min at Fast Process Corner)
  Requirement:            0.000ns  (clk_fpga_1 rise@0.000ns - clk_fpga_1 rise@0.000ns)
  Data Path Delay:        0.354ns  (logic 0.141ns (39.845%)  route 0.213ns (60.155%))
  Logic Levels:           0
  Clock Path Skew:        0.015ns (DCD - SCD - CPR)
    Destination Clock Delay (DCD):    1.244ns
    Source Clock Delay      (SCD):    0.943ns
    Clock Pessimism Removal (CPR):    0.286ns

    Location             Delay type                Incr(ns)  Path(ns)    Netlist Resource(s)
  -------------------------------------------------------------------    -------------------
                         (clock clk_fpga_1 rise edge)
                                                      0.000     0.000 r
    PS7_X0Y0             PS7                          0.000     0.000 r  system_i/processing_system7_0/inst/PS7_i/FCLKCLK[1]
                         net (fo=1, routed)           0.303     0.303    system_i/processing_system7_0/inst/FCLK_CLK_unbuffered[1]
    BUFGCTRL_X0Y17       BUFG (Prop_bufg_I_O)         0.026     0.329 r  system_i/processing_system7_0/inst/buffer_fclk_clk_1.FCLK_CLK_1_BUFG/O
                         net (fo=8926, routed)        0.614     0.943    system_i/dma_mem_smartconnect/inst/s01_nodes/s01_b_node/inst/inst_mi_handler/gen_normal_area.inst_fifo_node_payld/gen_xpm_memory_fifo.inst_fifo/gen_mem_rep[0].inst_wr_addra/s_sc_aclk
    SLICE_X1Y14          FDRE                                         r  system_i/dma_mem_smartconnect/inst/s01_nodes/s01_b_node/inst/inst_mi_handler/gen_normal_area.inst_fifo_node_payld/gen_xpm_memory_fifo.inst_fifo/gen_mem_rep[0].inst_wr_addra/count_r_reg[2]/C
  -------------------------------------------------------------------    -------------------
    SLICE_X1Y14          FDRE (Prop_fdre_C_Q)         0.141     1.084 r  system_i/dma_mem_smartconnect/inst/s01_nodes/s01_b_node/inst/inst_mi_handler/gen_normal_area.inst_fifo_node_payld/gen_xpm_memory_fifo.inst_fifo/gen_mem_rep[0].inst_wr_addra/count_r_reg[2]/Q
                         net (fo=13, routed)          0.213     1.296    system_i/dma_mem_smartconnect/inst/s01_nodes/s01_b_node/inst/inst_mi_handler/gen_normal_area.inst_fifo_node_payld/gen_xpm_memory_fifo.inst_fifo/gen_mem_rep[0].inst_xpm_memory/xpm_memory_base_inst/gen_wr_a.gen_word_narrow.mem_reg_0_31_0_5/ADDRD2
    SLICE_X2Y13          RAMD32                                       r  system_i/dma_mem_smartconnect/inst/s01_nodes/s01_b_node/inst/inst_mi_handler/gen_normal_area.inst_fifo_node_payld/gen_xpm_memory_fifo.inst_fifo/gen_mem_rep[0].inst_xpm_memory/xpm_memory_base_inst/gen_wr_a.gen_word_narrow.mem_reg_0_31_0_5/RAMA_D1/WADR2
  -------------------------------------------------------------------    -------------------

                         (clock clk_fpga_1 rise edge)
                                                      0.000     0.000 r
    PS7_X0Y0             PS7                          0.000     0.000 r  system_i/processing_system7_0/inst/PS7_i/FCLKCLK[1]
                         net (fo=1, routed)           0.331     0.331    system_i/processing_system7_0/inst/FCLK_CLK_unbuffered[1]
    BUFGCTRL_X0Y17       BUFG (Prop_bufg_I_O)         0.029     0.360 r  system_i/processing_system7_0/inst/buffer_fclk_clk_1.FCLK_CLK_1_BUFG/O
                         net (fo=8926, routed)        0.884     1.244    system_i/dma_mem_smartconnect/inst/s01_nodes/s01_b_node/inst/inst_mi_handler/gen_normal_area.inst_fifo_node_payld/gen_xpm_memory_fifo.inst_fifo/gen_mem_rep[0].inst_xpm_memory/xpm_memory_base_inst/gen_wr_a.gen_word_narrow.mem_reg_0_31_0_5/WCLK
    SLICE_X2Y13          RAMD32                                       r  system_i/dma_mem_smartconnect/inst/s01_nodes/s01_b_node/inst/inst_mi_handler/gen_normal_area.inst_fifo_node_payld/gen_xpm_memory_fifo.inst_fifo/gen_mem_rep[0].inst_xpm_memory/xpm_memory_base_inst/gen_wr_a.gen_word_narrow.mem_reg_0_31_0_5/RAMA_D1/CLK
                         clock pessimism             -0.286     0.957
    SLICE_X2Y13          RAMD32 (Hold_ramd32_CLK_WADR2)
                                                      0.254     1.211    system_i/dma_mem_smartconnect/inst/s01_nodes/s01_b_node/inst/inst_mi_handler/gen_normal_area.inst_fifo_node_payld/gen_xpm_memory_fifo.inst_fifo/gen_mem_rep[0].inst_xpm_memory/xpm_memory_base_inst/gen_wr_a.gen_word_narrow.mem_reg_0_31_0_5/RAMA_D1
  -------------------------------------------------------------------
                         required time                         -1.212
                         arrival time                           1.296
  -------------------------------------------------------------------
                         slack                                  0.085

Slack (MET) :             0.085ns  (arrival time - required time)
  Source:                 system_i/dma_mem_smartconnect/inst/s01_nodes/s01_b_node/inst/inst_mi_handler/gen_normal_area.inst_fifo_node_payld/gen_xpm_memory_fifo.inst_fifo/gen_mem_rep[0].inst_wr_addra/count_r_reg[2]/C
                            (rising edge-triggered cell FDRE clocked by clk_fpga_1  {rise@0.000ns fall@3.333ns period=6.666ns})
  Destination:            system_i/dma_mem_smartconnect/inst/s01_nodes/s01_b_node/inst/inst_mi_handler/gen_normal_area.inst_fifo_node_payld/gen_xpm_memory_fifo.inst_fifo/gen_mem_rep[0].inst_xpm_memory/xpm_memory_base_inst/gen_wr_a.gen_word_narrow.mem_reg_0_31_0_5/RAMB/WADR2
                            (rising edge-triggered cell RAMD32 clocked by clk_fpga_1  {rise@0.000ns fall@3.333ns period=6.666ns})
  Path Group:             clk_fpga_1
  Path Type:              Hold (Min at Fast Process Corner)
  Requirement:            0.000ns  (clk_fpga_1 rise@0.000ns - clk_fpga_1 rise@0.000ns)
  Data Path Delay:        0.354ns  (logic 0.141ns (39.845%)  route 0.213ns (60.155%))
  Logic Levels:           0
  Clock Path Skew:        0.015ns (DCD - SCD - CPR)
    Destination Clock Delay (DCD):    1.244ns
    Source Clock Delay      (SCD):    0.943ns
    Clock Pessimism Removal (CPR):    0.286ns

    Location             Delay type                Incr(ns)  Path(ns)    Netlist Resource(s)
  -------------------------------------------------------------------    -------------------
                         (clock clk_fpga_1 rise edge)
                                                      0.000     0.000 r
    PS7_X0Y0             PS7                          0.000     0.000 r  system_i/processing_system7_0/inst/PS7_i/FCLKCLK[1]
                         net (fo=1, routed)           0.303     0.303    system_i/processing_system7_0/inst/FCLK_CLK_unbuffered[1]
    BUFGCTRL_X0Y17       BUFG (Prop_bufg_I_O)         0.026     0.329 r  system_i/processing_system7_0/inst/buffer_fclk_clk_1.FCLK_CLK_1_BUFG/O
                         net (fo=8926, routed)        0.614     0.943    system_i/dma_mem_smartconnect/inst/s01_nodes/s01_b_node/inst/inst_mi_handler/gen_normal_area.inst_fifo_node_payld/gen_xpm_memory_fifo.inst_fifo/gen_mem_rep[0].inst_wr_addra/s_sc_aclk
    SLICE_X1Y14          FDRE                                         r  system_i/dma_mem_smartconnect/inst/s01_nodes/s01_b_node/inst/inst_mi_handler/gen_normal_area.inst_fifo_node_payld/gen_xpm_memory_fifo.inst_fifo/gen_mem_rep[0].inst_wr_addra/count_r_reg[2]/C
  -------------------------------------------------------------------    -------------------
    SLICE_X1Y14          FDRE (Prop_fdre_C_Q)         0.141     1.084 r  system_i/dma_mem_smartconnect/inst/s01_nodes/s01_b_node/inst/inst_mi_handler/gen_normal_area.inst_fifo_node_payld/gen_xpm_memory_fifo.inst_fifo/gen_mem_rep[0].inst_wr_addra/count_r_reg[2]/Q
                         net (fo=13, routed)          0.213     1.296    system_i/dma_mem_smartconnect/inst/s01_nodes/s01_b_node/inst/inst_mi_handler/gen_normal_area.inst_fifo_node_payld/gen_xpm_memory_fifo.inst_fifo/gen_mem_rep[0].inst_xpm_memory/xpm_memory_base_inst/gen_wr_a.gen_word_narrow.mem_reg_0_31_0_5/ADDRD2
    SLICE_X2Y13          RAMD32                                       r  system_i/dma_mem_smartconnect/inst/s01_nodes/s01_b_node/inst/inst_mi_handler/gen_normal_area.inst_fifo_node_payld/gen_xpm_memory_fifo.inst_fifo/gen_mem_rep[0].inst_xpm_memory/xpm_memory_base_inst/gen_wr_a.gen_word_narrow.mem_reg_0_31_0_5/RAMB/WADR2
  -------------------------------------------------------------------    -------------------

                         (clock clk_fpga_1 rise edge)
                                                      0.000     0.000 r
    PS7_X0Y0             PS7                          0.000     0.000 r  system_i/processing_system7_0/inst/PS7_i/FCLKCLK[1]
                         net (fo=1, routed)           0.331     0.331    system_i/processing_system7_0/inst/FCLK_CLK_unbuffered[1]
    BUFGCTRL_X0Y17       BUFG (Prop_bufg_I_O)         0.029     0.360 r  system_i/processing_system7_0/inst/buffer_fclk_clk_1.FCLK_CLK_1_BUFG/O
                         net (fo=8926, routed)        0.884     1.244    system_i/dma_mem_smartconnect/inst/s01_nodes/s01_b_node/inst/inst_mi_handler/gen_normal_area.inst_fifo_node_payld/gen_xpm_memory_fifo.inst_fifo/gen_mem_rep[0].inst_xpm_memory/xpm_memory_base_inst/gen_wr_a.gen_word_narrow.mem_reg_0_31_0_5/WCLK
    SLICE_X2Y13          RAMD32                                       r  system_i/dma_mem_smartconnect/inst/s01_nodes/s01_b_node/inst/inst_mi_handler/gen_normal_area.inst_fifo_node_payld/gen_xpm_memory_fifo.inst_fifo/gen_mem_rep[0].inst_xpm_memory/xpm_memory_base_inst/gen_wr_a.gen_word_narrow.mem_reg_0_31_0_5/RAMB/CLK
                         clock pessimism             -0.286     0.957
    SLICE_X2Y13          RAMD32 (Hold_ramd32_CLK_WADR2)
                                                      0.254     1.211    system_i/dma_mem_smartconnect/inst/s01_nodes/s01_b_node/inst/inst_mi_handler/gen_normal_area.inst_fifo_node_payld/gen_xpm_memory_fifo.inst_fifo/gen_mem_rep[0].inst_xpm_memory/xpm_memory_base_inst/gen_wr_a.gen_word_narrow.mem_reg_0_31_0_5/RAMB
  -------------------------------------------------------------------
                         required time                         -1.212
                         arrival time                           1.296
  -------------------------------------------------------------------
                         slack                                  0.085

Slack (MET) :             0.085ns  (arrival time - required time)
  Source:                 system_i/dma_mem_smartconnect/inst/s01_nodes/s01_b_node/inst/inst_mi_handler/gen_normal_area.inst_fifo_node_payld/gen_xpm_memory_fifo.inst_fifo/gen_mem_rep[0].inst_wr_addra/count_r_reg[2]/C
                            (rising edge-triggered cell FDRE clocked by clk_fpga_1  {rise@0.000ns fall@3.333ns period=6.666ns})
  Destination:            system_i/dma_mem_smartconnect/inst/s01_nodes/s01_b_node/inst/inst_mi_handler/gen_normal_area.inst_fifo_node_payld/gen_xpm_memory_fifo.inst_fifo/gen_mem_rep[0].inst_xpm_memory/xpm_memory_base_inst/gen_wr_a.gen_word_narrow.mem_reg_0_31_0_5/RAMB_D1/WADR2
                            (rising edge-triggered cell RAMD32 clocked by clk_fpga_1  {rise@0.000ns fall@3.333ns period=6.666ns})
  Path Group:             clk_fpga_1
  Path Type:              Hold (Min at Fast Process Corner)
  Requirement:            0.000ns  (clk_fpga_1 rise@0.000ns - clk_fpga_1 rise@0.000ns)
  Data Path Delay:        0.354ns  (logic 0.141ns (39.845%)  route 0.213ns (60.155%))
  Logic Levels:           0
  Clock Path Skew:        0.015ns (DCD - SCD - CPR)
    Destination Clock Delay (DCD):    1.244ns
    Source Clock Delay      (SCD):    0.943ns
    Clock Pessimism Removal (CPR):    0.286ns

    Location             Delay type                Incr(ns)  Path(ns)    Netlist Resource(s)
  -------------------------------------------------------------------    -------------------
                         (clock clk_fpga_1 rise edge)
                                                      0.000     0.000 r
    PS7_X0Y0             PS7                          0.000     0.000 r  system_i/processing_system7_0/inst/PS7_i/FCLKCLK[1]
                         net (fo=1, routed)           0.303     0.303    system_i/processing_system7_0/inst/FCLK_CLK_unbuffered[1]
    BUFGCTRL_X0Y17       BUFG (Prop_bufg_I_O)         0.026     0.329 r  system_i/processing_system7_0/inst/buffer_fclk_clk_1.FCLK_CLK_1_BUFG/O
                         net (fo=8926, routed)        0.614     0.943    system_i/dma_mem_smartconnect/inst/s01_nodes/s01_b_node/inst/inst_mi_handler/gen_normal_area.inst_fifo_node_payld/gen_xpm_memory_fifo.inst_fifo/gen_mem_rep[0].inst_wr_addra/s_sc_aclk
    SLICE_X1Y14          FDRE                                         r  system_i/dma_mem_smartconnect/inst/s01_nodes/s01_b_node/inst/inst_mi_handler/gen_normal_area.inst_fifo_node_payld/gen_xpm_memory_fifo.inst_fifo/gen_mem_rep[0].inst_wr_addra/count_r_reg[2]/C
  -------------------------------------------------------------------    -------------------
    SLICE_X1Y14          FDRE (Prop_fdre_C_Q)         0.141     1.084 r  system_i/dma_mem_smartconnect/inst/s01_nodes/s01_b_node/inst/inst_mi_handler/gen_normal_area.inst_fifo_node_payld/gen_xpm_memory_fifo.inst_fifo/gen_mem_rep[0].inst_wr_addra/count_r_reg[2]/Q
                         net (fo=13, routed)          0.213     1.296    system_i/dma_mem_smartconnect/inst/s01_nodes/s01_b_node/inst/inst_mi_handler/gen_normal_area.inst_fifo_node_payld/gen_xpm_memory_fifo.inst_fifo/gen_mem_rep[0].inst_xpm_memory/xpm_memory_base_inst/gen_wr_a.gen_word_narrow.mem_reg_0_31_0_5/ADDRD2
    SLICE_X2Y13          RAMD32                                       r  system_i/dma_mem_smartconnect/inst/s01_nodes/s01_b_node/inst/inst_mi_handler/gen_normal_area.inst_fifo_node_payld/gen_xpm_memory_fifo.inst_fifo/gen_mem_rep[0].inst_xpm_memory/xpm_memory_base_inst/gen_wr_a.gen_word_narrow.mem_reg_0_31_0_5/RAMB_D1/WADR2
  -------------------------------------------------------------------    -------------------

                         (clock clk_fpga_1 rise edge)
                                                      0.000     0.000 r
    PS7_X0Y0             PS7                          0.000     0.000 r  system_i/processing_system7_0/inst/PS7_i/FCLKCLK[1]
                         net (fo=1, routed)           0.331     0.331    system_i/processing_system7_0/inst/FCLK_CLK_unbuffered[1]
    BUFGCTRL_X0Y17       BUFG (Prop_bufg_I_O)         0.029     0.360 r  system_i/processing_system7_0/inst/buffer_fclk_clk_1.FCLK_CLK_1_BUFG/O
                         net (fo=8926, routed)        0.884     1.244    system_i/dma_mem_smartconnect/inst/s01_nodes/s01_b_node/inst/inst_mi_handler/gen_normal_area.inst_fifo_node_payld/gen_xpm_memory_fifo.inst_fifo/gen_mem_rep[0].inst_xpm_memory/xpm_memory_base_inst/gen_wr_a.gen_word_narrow.mem_reg_0_31_0_5/WCLK
    SLICE_X2Y13          RAMD32                                       r  system_i/dma_mem_smartconnect/inst/s01_nodes/s01_b_node/inst/inst_mi_handler/gen_normal_area.inst_fifo_node_payld/gen_xpm_memory_fifo.inst_fifo/gen_mem_rep[0].inst_xpm_memory/xpm_memory_base_inst/gen_wr_a.gen_word_narrow.mem_reg_0_31_0_5/RAMB_D1/CLK
                         clock pessimism             -0.286     0.957
    SLICE_X2Y13          RAMD32 (Hold_ramd32_CLK_WADR2)
                                                      0.254     1.211    system_i/dma_mem_smartconnect/inst/s01_nodes/s01_b_node/inst/inst_mi_handler/gen_normal_area.inst_fifo_node_payld/gen_xpm_memory_fifo.inst_fifo/gen_mem_rep[0].inst_xpm_memory/xpm_memory_base_inst/gen_wr_a.gen_word_narrow.mem_reg_0_31_0_5/RAMB_D1
  -------------------------------------------------------------------
                         required time                         -1.212
                         arrival time                           1.296
  -------------------------------------------------------------------
                         slack                                  0.085

Slack (MET) :             0.085ns  (arrival time - required time)
  Source:                 system_i/dma_mem_smartconnect/inst/s01_nodes/s01_b_node/inst/inst_mi_handler/gen_normal_area.inst_fifo_node_payld/gen_xpm_memory_fifo.inst_fifo/gen_mem_rep[0].inst_wr_addra/count_r_reg[2]/C
                            (rising edge-triggered cell FDRE clocked by clk_fpga_1  {rise@0.000ns fall@3.333ns period=6.666ns})
  Destination:            system_i/dma_mem_smartconnect/inst/s01_nodes/s01_b_node/inst/inst_mi_handler/gen_normal_area.inst_fifo_node_payld/gen_xpm_memory_fifo.inst_fifo/gen_mem_rep[0].inst_xpm_memory/xpm_memory_base_inst/gen_wr_a.gen_word_narrow.mem_reg_0_31_0_5/RAMC/WADR2
                            (rising edge-triggered cell RAMD32 clocked by clk_fpga_1  {rise@0.000ns fall@3.333ns period=6.666ns})
  Path Group:             clk_fpga_1
  Path Type:              Hold (Min at Fast Process Corner)
  Requirement:            0.000ns  (clk_fpga_1 rise@0.000ns - clk_fpga_1 rise@0.000ns)
  Data Path Delay:        0.354ns  (logic 0.141ns (39.845%)  route 0.213ns (60.155%))
  Logic Levels:           0
  Clock Path Skew:        0.015ns (DCD - SCD - CPR)
    Destination Clock Delay (DCD):    1.244ns
    Source Clock Delay      (SCD):    0.943ns
    Clock Pessimism Removal (CPR):    0.286ns

    Location             Delay type                Incr(ns)  Path(ns)    Netlist Resource(s)
  -------------------------------------------------------------------    -------------------
                         (clock clk_fpga_1 rise edge)
                                                      0.000     0.000 r
    PS7_X0Y0             PS7                          0.000     0.000 r  system_i/processing_system7_0/inst/PS7_i/FCLKCLK[1]
                         net (fo=1, routed)           0.303     0.303    system_i/processing_system7_0/inst/FCLK_CLK_unbuffered[1]
    BUFGCTRL_X0Y17       BUFG (Prop_bufg_I_O)         0.026     0.329 r  system_i/processing_system7_0/inst/buffer_fclk_clk_1.FCLK_CLK_1_BUFG/O
                         net (fo=8926, routed)        0.614     0.943    system_i/dma_mem_smartconnect/inst/s01_nodes/s01_b_node/inst/inst_mi_handler/gen_normal_area.inst_fifo_node_payld/gen_xpm_memory_fifo.inst_fifo/gen_mem_rep[0].inst_wr_addra/s_sc_aclk
    SLICE_X1Y14          FDRE                                         r  system_i/dma_mem_smartconnect/inst/s01_nodes/s01_b_node/inst/inst_mi_handler/gen_normal_area.inst_fifo_node_payld/gen_xpm_memory_fifo.inst_fifo/gen_mem_rep[0].inst_wr_addra/count_r_reg[2]/C
  -------------------------------------------------------------------    -------------------
    SLICE_X1Y14          FDRE (Prop_fdre_C_Q)         0.141     1.084 r  system_i/dma_mem_smartconnect/inst/s01_nodes/s01_b_node/inst/inst_mi_handler/gen_normal_area.inst_fifo_node_payld/gen_xpm_memory_fifo.inst_fifo/gen_mem_rep[0].inst_wr_addra/count_r_reg[2]/Q
                         net (fo=13, routed)          0.213     1.296    system_i/dma_mem_smartconnect/inst/s01_nodes/s01_b_node/inst/inst_mi_handler/gen_normal_area.inst_fifo_node_payld/gen_xpm_memory_fifo.inst_fifo/gen_mem_rep[0].inst_xpm_memory/xpm_memory_base_inst/gen_wr_a.gen_word_narrow.mem_reg_0_31_0_5/ADDRD2
    SLICE_X2Y13          RAMD32                                       r  system_i/dma_mem_smartconnect/inst/s01_nodes/s01_b_node/inst/inst_mi_handler/gen_normal_area.inst_fifo_node_payld/gen_xpm_memory_fifo.inst_fifo/gen_mem_rep[0].inst_xpm_memory/xpm_memory_base_inst/gen_wr_a.gen_word_narrow.mem_reg_0_31_0_5/RAMC/WADR2
  -------------------------------------------------------------------    -------------------

                         (clock clk_fpga_1 rise edge)
                                                      0.000     0.000 r
    PS7_X0Y0             PS7                          0.000     0.000 r  system_i/processing_system7_0/inst/PS7_i/FCLKCLK[1]
                         net (fo=1, routed)           0.331     0.331    system_i/processing_system7_0/inst/FCLK_CLK_unbuffered[1]
    BUFGCTRL_X0Y17       BUFG (Prop_bufg_I_O)         0.029     0.360 r  system_i/processing_system7_0/inst/buffer_fclk_clk_1.FCLK_CLK_1_BUFG/O
                         net (fo=8926, routed)        0.884     1.244    system_i/dma_mem_smartconnect/inst/s01_nodes/s01_b_node/inst/inst_mi_handler/gen_normal_area.inst_fifo_node_payld/gen_xpm_memory_fifo.inst_fifo/gen_mem_rep[0].inst_xpm_memory/xpm_memory_base_inst/gen_wr_a.gen_word_narrow.mem_reg_0_31_0_5/WCLK
    SLICE_X2Y13          RAMD32                                       r  system_i/dma_mem_smartconnect/inst/s01_nodes/s01_b_node/inst/inst_mi_handler/gen_normal_area.inst_fifo_node_payld/gen_xpm_memory_fifo.inst_fifo/gen_mem_rep[0].inst_xpm_memory/xpm_memory_base_inst/gen_wr_a.gen_word_narrow.mem_reg_0_31_0_5/RAMC/CLK
                         clock pessimism             -0.286     0.957
    SLICE_X2Y13          RAMD32 (Hold_ramd32_CLK_WADR2)
                                                      0.254     1.211    system_i/dma_mem_smartconnect/inst/s01_nodes/s01_b_node/inst/inst_mi_handler/gen_normal_area.inst_fifo_node_payld/gen_xpm_memory_fifo.inst_fifo/gen_mem_rep[0].inst_xpm_memory/xpm_memory_base_inst/gen_wr_a.gen_word_narrow.mem_reg_0_31_0_5/RAMC
  -------------------------------------------------------------------
                         required time                         -1.212
                         arrival time                           1.296
  -------------------------------------------------------------------
                         slack                                  0.085

Slack (MET) :             0.085ns  (arrival time - required time)
  Source:                 system_i/dma_mem_smartconnect/inst/s01_nodes/s01_b_node/inst/inst_mi_handler/gen_normal_area.inst_fifo_node_payld/gen_xpm_memory_fifo.inst_fifo/gen_mem_rep[0].inst_wr_addra/count_r_reg[2]/C
                            (rising edge-triggered cell FDRE clocked by clk_fpga_1  {rise@0.000ns fall@3.333ns period=6.666ns})
  Destination:            system_i/dma_mem_smartconnect/inst/s01_nodes/s01_b_node/inst/inst_mi_handler/gen_normal_area.inst_fifo_node_payld/gen_xpm_memory_fifo.inst_fifo/gen_mem_rep[0].inst_xpm_memory/xpm_memory_base_inst/gen_wr_a.gen_word_narrow.mem_reg_0_31_0_5/RAMC_D1/WADR2
                            (rising edge-triggered cell RAMD32 clocked by clk_fpga_1  {rise@0.000ns fall@3.333ns period=6.666ns})
  Path Group:             clk_fpga_1
  Path Type:              Hold (Min at Fast Process Corner)
  Requirement:            0.000ns  (clk_fpga_1 rise@0.000ns - clk_fpga_1 rise@0.000ns)
  Data Path Delay:        0.354ns  (logic 0.141ns (39.845%)  route 0.213ns (60.155%))
  Logic Levels:           0
  Clock Path Skew:        0.015ns (DCD - SCD - CPR)
    Destination Clock Delay (DCD):    1.244ns
    Source Clock Delay      (SCD):    0.943ns
    Clock Pessimism Removal (CPR):    0.286ns

    Location             Delay type                Incr(ns)  Path(ns)    Netlist Resource(s)
  -------------------------------------------------------------------    -------------------
                         (clock clk_fpga_1 rise edge)
                                                      0.000     0.000 r
    PS7_X0Y0             PS7                          0.000     0.000 r  system_i/processing_system7_0/inst/PS7_i/FCLKCLK[1]
                         net (fo=1, routed)           0.303     0.303    system_i/processing_system7_0/inst/FCLK_CLK_unbuffered[1]
    BUFGCTRL_X0Y17       BUFG (Prop_bufg_I_O)         0.026     0.329 r  system_i/processing_system7_0/inst/buffer_fclk_clk_1.FCLK_CLK_1_BUFG/O
                         net (fo=8926, routed)        0.614     0.943    system_i/dma_mem_smartconnect/inst/s01_nodes/s01_b_node/inst/inst_mi_handler/gen_normal_area.inst_fifo_node_payld/gen_xpm_memory_fifo.inst_fifo/gen_mem_rep[0].inst_wr_addra/s_sc_aclk
    SLICE_X1Y14          FDRE                                         r  system_i/dma_mem_smartconnect/inst/s01_nodes/s01_b_node/inst/inst_mi_handler/gen_normal_area.inst_fifo_node_payld/gen_xpm_memory_fifo.inst_fifo/gen_mem_rep[0].inst_wr_addra/count_r_reg[2]/C
  -------------------------------------------------------------------    -------------------
    SLICE_X1Y14          FDRE (Prop_fdre_C_Q)         0.141     1.084 r  system_i/dma_mem_smartconnect/inst/s01_nodes/s01_b_node/inst/inst_mi_handler/gen_normal_area.inst_fifo_node_payld/gen_xpm_memory_fifo.inst_fifo/gen_mem_rep[0].inst_wr_addra/count_r_reg[2]/Q
                         net (fo=13, routed)          0.213     1.296    system_i/dma_mem_smartconnect/inst/s01_nodes/s01_b_node/inst/inst_mi_handler/gen_normal_area.inst_fifo_node_payld/gen_xpm_memory_fifo.inst_fifo/gen_mem_rep[0].inst_xpm_memory/xpm_memory_base_inst/gen_wr_a.gen_word_narrow.mem_reg_0_31_0_5/ADDRD2
    SLICE_X2Y13          RAMD32                                       r  system_i/dma_mem_smartconnect/inst/s01_nodes/s01_b_node/inst/inst_mi_handler/gen_normal_area.inst_fifo_node_payld/gen_xpm_memory_fifo.inst_fifo/gen_mem_rep[0].inst_xpm_memory/xpm_memory_base_inst/gen_wr_a.gen_word_narrow.mem_reg_0_31_0_5/RAMC_D1/WADR2
  -------------------------------------------------------------------    -------------------

                         (clock clk_fpga_1 rise edge)
                                                      0.000     0.000 r
    PS7_X0Y0             PS7                          0.000     0.000 r  system_i/processing_system7_0/inst/PS7_i/FCLKCLK[1]
                         net (fo=1, routed)           0.331     0.331    system_i/processing_system7_0/inst/FCLK_CLK_unbuffered[1]
    BUFGCTRL_X0Y17       BUFG (Prop_bufg_I_O)         0.029     0.360 r  system_i/processing_system7_0/inst/buffer_fclk_clk_1.FCLK_CLK_1_BUFG/O
                         net (fo=8926, routed)        0.884     1.244    system_i/dma_mem_smartconnect/inst/s01_nodes/s01_b_node/inst/inst_mi_handler/gen_normal_area.inst_fifo_node_payld/gen_xpm_memory_fifo.inst_fifo/gen_mem_rep[0].inst_xpm_memory/xpm_memory_base_inst/gen_wr_a.gen_word_narrow.mem_reg_0_31_0_5/WCLK
    SLICE_X2Y13          RAMD32                                       r  system_i/dma_mem_smartconnect/inst/s01_nodes/s01_b_node/inst/inst_mi_handler/gen_normal_area.inst_fifo_node_payld/gen_xpm_memory_fifo.inst_fifo/gen_mem_rep[0].inst_xpm_memory/xpm_memory_base_inst/gen_wr_a.gen_word_narrow.mem_reg_0_31_0_5/RAMC_D1/CLK
                         clock pessimism             -0.286     0.957
    SLICE_X2Y13          RAMD32 (Hold_ramd32_CLK_WADR2)
                                                      0.254     1.211    system_i/dma_mem_smartconnect/inst/s01_nodes/s01_b_node/inst/inst_mi_handler/gen_normal_area.inst_fifo_node_payld/gen_xpm_memory_fifo.inst_fifo/gen_mem_rep[0].inst_xpm_memory/xpm_memory_base_inst/gen_wr_a.gen_word_narrow.mem_reg_0_31_0_5/RAMC_D1
  -------------------------------------------------------------------
                         required time                         -1.212
                         arrival time                           1.296
  -------------------------------------------------------------------
                         slack                                  0.085

Slack (MET) :             0.085ns  (arrival time - required time)
  Source:                 system_i/dma_mem_smartconnect/inst/s01_nodes/s01_b_node/inst/inst_mi_handler/gen_normal_area.inst_fifo_node_payld/gen_xpm_memory_fifo.inst_fifo/gen_mem_rep[0].inst_wr_addra/count_r_reg[2]/C
                            (rising edge-triggered cell FDRE clocked by clk_fpga_1  {rise@0.000ns fall@3.333ns period=6.666ns})
  Destination:            system_i/dma_mem_smartconnect/inst/s01_nodes/s01_b_node/inst/inst_mi_handler/gen_normal_area.inst_fifo_node_payld/gen_xpm_memory_fifo.inst_fifo/gen_mem_rep[0].inst_xpm_memory/xpm_memory_base_inst/gen_wr_a.gen_word_narrow.mem_reg_0_31_0_5/RAMD/ADR2
                            (rising edge-triggered cell RAMS32 clocked by clk_fpga_1  {rise@0.000ns fall@3.333ns period=6.666ns})
  Path Group:             clk_fpga_1
  Path Type:              Hold (Min at Fast Process Corner)
  Requirement:            0.000ns  (clk_fpga_1 rise@0.000ns - clk_fpga_1 rise@0.000ns)
  Data Path Delay:        0.354ns  (logic 0.141ns (39.845%)  route 0.213ns (60.155%))
  Logic Levels:           0
  Clock Path Skew:        0.015ns (DCD - SCD - CPR)
    Destination Clock Delay (DCD):    1.244ns
    Source Clock Delay      (SCD):    0.943ns
    Clock Pessimism Removal (CPR):    0.286ns

    Location             Delay type                Incr(ns)  Path(ns)    Netlist Resource(s)
  -------------------------------------------------------------------    -------------------
                         (clock clk_fpga_1 rise edge)
                                                      0.000     0.000 r
    PS7_X0Y0             PS7                          0.000     0.000 r  system_i/processing_system7_0/inst/PS7_i/FCLKCLK[1]
                         net (fo=1, routed)           0.303     0.303    system_i/processing_system7_0/inst/FCLK_CLK_unbuffered[1]
    BUFGCTRL_X0Y17       BUFG (Prop_bufg_I_O)         0.026     0.329 r  system_i/processing_system7_0/inst/buffer_fclk_clk_1.FCLK_CLK_1_BUFG/O
                         net (fo=8926, routed)        0.614     0.943    system_i/dma_mem_smartconnect/inst/s01_nodes/s01_b_node/inst/inst_mi_handler/gen_normal_area.inst_fifo_node_payld/gen_xpm_memory_fifo.inst_fifo/gen_mem_rep[0].inst_wr_addra/s_sc_aclk
    SLICE_X1Y14          FDRE                                         r  system_i/dma_mem_smartconnect/inst/s01_nodes/s01_b_node/inst/inst_mi_handler/gen_normal_area.inst_fifo_node_payld/gen_xpm_memory_fifo.inst_fifo/gen_mem_rep[0].inst_wr_addra/count_r_reg[2]/C
  -------------------------------------------------------------------    -------------------
    SLICE_X1Y14          FDRE (Prop_fdre_C_Q)         0.141     1.084 r  system_i/dma_mem_smartconnect/inst/s01_nodes/s01_b_node/inst/inst_mi_handler/gen_normal_area.inst_fifo_node_payld/gen_xpm_memory_fifo.inst_fifo/gen_mem_rep[0].inst_wr_addra/count_r_reg[2]/Q
                         net (fo=13, routed)          0.213     1.296    system_i/dma_mem_smartconnect/inst/s01_nodes/s01_b_node/inst/inst_mi_handler/gen_normal_area.inst_fifo_node_payld/gen_xpm_memory_fifo.inst_fifo/gen_mem_rep[0].inst_xpm_memory/xpm_memory_base_inst/gen_wr_a.gen_word_narrow.mem_reg_0_31_0_5/ADDRD2
    SLICE_X2Y13          RAMS32                                       r  system_i/dma_mem_smartconnect/inst/s01_nodes/s01_b_node/inst/inst_mi_handler/gen_normal_area.inst_fifo_node_payld/gen_xpm_memory_fifo.inst_fifo/gen_mem_rep[0].inst_xpm_memory/xpm_memory_base_inst/gen_wr_a.gen_word_narrow.mem_reg_0_31_0_5/RAMD/ADR2
  -------------------------------------------------------------------    -------------------

                         (clock clk_fpga_1 rise edge)
                                                      0.000     0.000 r
    PS7_X0Y0             PS7                          0.000     0.000 r  system_i/processing_system7_0/inst/PS7_i/FCLKCLK[1]
                         net (fo=1, routed)           0.331     0.331    system_i/processing_system7_0/inst/FCLK_CLK_unbuffered[1]
    BUFGCTRL_X0Y17       BUFG (Prop_bufg_I_O)         0.029     0.360 r  system_i/processing_system7_0/inst/buffer_fclk_clk_1.FCLK_CLK_1_BUFG/O
                         net (fo=8926, routed)        0.884     1.244    system_i/dma_mem_smartconnect/inst/s01_nodes/s01_b_node/inst/inst_mi_handler/gen_normal_area.inst_fifo_node_payld/gen_xpm_memory_fifo.inst_fifo/gen_mem_rep[0].inst_xpm_memory/xpm_memory_base_inst/gen_wr_a.gen_word_narrow.mem_reg_0_31_0_5/WCLK
    SLICE_X2Y13          RAMS32                                       r  system_i/dma_mem_smartconnect/inst/s01_nodes/s01_b_node/inst/inst_mi_handler/gen_normal_area.inst_fifo_node_payld/gen_xpm_memory_fifo.inst_fifo/gen_mem_rep[0].inst_xpm_memory/xpm_memory_base_inst/gen_wr_a.gen_word_narrow.mem_reg_0_31_0_5/RAMD/CLK
                         clock pessimism             -0.286     0.957
    SLICE_X2Y13          RAMS32 (Hold_rams32_CLK_ADR2)
                                                      0.254     1.211    system_i/dma_mem_smartconnect/inst/s01_nodes/s01_b_node/inst/inst_mi_handler/gen_normal_area.inst_fifo_node_payld/gen_xpm_memory_fifo.inst_fifo/gen_mem_rep[0].inst_xpm_memory/xpm_memory_base_inst/gen_wr_a.gen_word_narrow.mem_reg_0_31_0_5/RAMD
  -------------------------------------------------------------------
                         required time                         -1.212
                         arrival time                           1.296
  -------------------------------------------------------------------
                         slack                                  0.085

Slack (MET) :             0.085ns  (arrival time - required time)
  Source:                 system_i/dma_mem_smartconnect/inst/s01_nodes/s01_b_node/inst/inst_mi_handler/gen_normal_area.inst_fifo_node_payld/gen_xpm_memory_fifo.inst_fifo/gen_mem_rep[0].inst_wr_addra/count_r_reg[2]/C
                            (rising edge-triggered cell FDRE clocked by clk_fpga_1  {rise@0.000ns fall@3.333ns period=6.666ns})
  Destination:            system_i/dma_mem_smartconnect/inst/s01_nodes/s01_b_node/inst/inst_mi_handler/gen_normal_area.inst_fifo_node_payld/gen_xpm_memory_fifo.inst_fifo/gen_mem_rep[0].inst_xpm_memory/xpm_memory_base_inst/gen_wr_a.gen_word_narrow.mem_reg_0_31_0_5/RAMD_D1/ADR2
                            (rising edge-triggered cell RAMS32 clocked by clk_fpga_1  {rise@0.000ns fall@3.333ns period=6.666ns})
  Path Group:             clk_fpga_1
  Path Type:              Hold (Min at Fast Process Corner)
  Requirement:            0.000ns  (clk_fpga_1 rise@0.000ns - clk_fpga_1 rise@0.000ns)
  Data Path Delay:        0.354ns  (logic 0.141ns (39.845%)  route 0.213ns (60.155%))
  Logic Levels:           0
  Clock Path Skew:        0.015ns (DCD - SCD - CPR)
    Destination Clock Delay (DCD):    1.244ns
    Source Clock Delay      (SCD):    0.943ns
    Clock Pessimism Removal (CPR):    0.286ns

    Location             Delay type                Incr(ns)  Path(ns)    Netlist Resource(s)
  -------------------------------------------------------------------    -------------------
                         (clock clk_fpga_1 rise edge)
                                                      0.000     0.000 r
    PS7_X0Y0             PS7                          0.000     0.000 r  system_i/processing_system7_0/inst/PS7_i/FCLKCLK[1]
                         net (fo=1, routed)           0.303     0.303    system_i/processing_system7_0/inst/FCLK_CLK_unbuffered[1]
    BUFGCTRL_X0Y17       BUFG (Prop_bufg_I_O)         0.026     0.329 r  system_i/processing_system7_0/inst/buffer_fclk_clk_1.FCLK_CLK_1_BUFG/O
                         net (fo=8926, routed)        0.614     0.943    system_i/dma_mem_smartconnect/inst/s01_nodes/s01_b_node/inst/inst_mi_handler/gen_normal_area.inst_fifo_node_payld/gen_xpm_memory_fifo.inst_fifo/gen_mem_rep[0].inst_wr_addra/s_sc_aclk
    SLICE_X1Y14          FDRE                                         r  system_i/dma_mem_smartconnect/inst/s01_nodes/s01_b_node/inst/inst_mi_handler/gen_normal_area.inst_fifo_node_payld/gen_xpm_memory_fifo.inst_fifo/gen_mem_rep[0].inst_wr_addra/count_r_reg[2]/C
  -------------------------------------------------------------------    -------------------
    SLICE_X1Y14          FDRE (Prop_fdre_C_Q)         0.141     1.084 r  system_i/dma_mem_smartconnect/inst/s01_nodes/s01_b_node/inst/inst_mi_handler/gen_normal_area.inst_fifo_node_payld/gen_xpm_memory_fifo.inst_fifo/gen_mem_rep[0].inst_wr_addra/count_r_reg[2]/Q
                         net (fo=13, routed)          0.213     1.296    system_i/dma_mem_smartconnect/inst/s01_nodes/s01_b_node/inst/inst_mi_handler/gen_normal_area.inst_fifo_node_payld/gen_xpm_memory_fifo.inst_fifo/gen_mem_rep[0].inst_xpm_memory/xpm_memory_base_inst/gen_wr_a.gen_word_narrow.mem_reg_0_31_0_5/ADDRD2
    SLICE_X2Y13          RAMS32                                       r  system_i/dma_mem_smartconnect/inst/s01_nodes/s01_b_node/inst/inst_mi_handler/gen_normal_area.inst_fifo_node_payld/gen_xpm_memory_fifo.inst_fifo/gen_mem_rep[0].inst_xpm_memory/xpm_memory_base_inst/gen_wr_a.gen_word_narrow.mem_reg_0_31_0_5/RAMD_D1/ADR2
  -------------------------------------------------------------------    -------------------

                         (clock clk_fpga_1 rise edge)
                                                      0.000     0.000 r
    PS7_X0Y0             PS7                          0.000     0.000 r  system_i/processing_system7_0/inst/PS7_i/FCLKCLK[1]
                         net (fo=1, routed)           0.331     0.331    system_i/processing_system7_0/inst/FCLK_CLK_unbuffered[1]
    BUFGCTRL_X0Y17       BUFG (Prop_bufg_I_O)         0.029     0.360 r  system_i/processing_system7_0/inst/buffer_fclk_clk_1.FCLK_CLK_1_BUFG/O
                         net (fo=8926, routed)        0.884     1.244    system_i/dma_mem_smartconnect/inst/s01_nodes/s01_b_node/inst/inst_mi_handler/gen_normal_area.inst_fifo_node_payld/gen_xpm_memory_fifo.inst_fifo/gen_mem_rep[0].inst_xpm_memory/xpm_memory_base_inst/gen_wr_a.gen_word_narrow.mem_reg_0_31_0_5/WCLK
    SLICE_X2Y13          RAMS32                                       r  system_i/dma_mem_smartconnect/inst/s01_nodes/s01_b_node/inst/inst_mi_handler/gen_normal_area.inst_fifo_node_payld/gen_xpm_memory_fifo.inst_fifo/gen_mem_rep[0].inst_xpm_memory/xpm_memory_base_inst/gen_wr_a.gen_word_narrow.mem_reg_0_31_0_5/RAMD_D1/CLK
                         clock pessimism             -0.286     0.957
    SLICE_X2Y13          RAMS32 (Hold_rams32_CLK_ADR2)
                                                      0.254     1.211    system_i/dma_mem_smartconnect/inst/s01_nodes/s01_b_node/inst/inst_mi_handler/gen_normal_area.inst_fifo_node_payld/gen_xpm_memory_fifo.inst_fifo/gen_mem_rep[0].inst_xpm_memory/xpm_memory_base_inst/gen_wr_a.gen_word_narrow.mem_reg_0_31_0_5/RAMD_D1
  -------------------------------------------------------------------
                         required time                         -1.212
                         arrival time                           1.296
  -------------------------------------------------------------------
                         slack                                  0.085

Slack (MET) :             0.086ns  (arrival time - required time)
  Source:                 system_i/dma_mem_smartconnect/inst/s01_nodes/s01_b_node/inst/inst_mi_handler/gen_normal_area.inst_fifo_node_payld/gen_xpm_memory_fifo.inst_fifo/gen_mem_rep[0].inst_wr_addra/count_r_reg[3]/C
                            (rising edge-triggered cell FDRE clocked by clk_fpga_1  {rise@0.000ns fall@3.333ns period=6.666ns})
  Destination:            system_i/dma_mem_smartconnect/inst/s01_nodes/s01_b_node/inst/inst_mi_handler/gen_normal_area.inst_fifo_node_payld/gen_xpm_memory_fifo.inst_fifo/gen_mem_rep[0].inst_xpm_memory/xpm_memory_base_inst/gen_wr_a.gen_word_narrow.mem_reg_0_31_0_5/RAMA/WADR3
                            (rising edge-triggered cell RAMD32 clocked by clk_fpga_1  {rise@0.000ns fall@3.333ns period=6.666ns})
  Path Group:             clk_fpga_1
  Path Type:              Hold (Min at Fast Process Corner)
  Requirement:            0.000ns  (clk_fpga_1 rise@0.000ns - clk_fpga_1 rise@0.000ns)
  Data Path Delay:        0.341ns  (logic 0.141ns (41.367%)  route 0.200ns (58.633%))
  Logic Levels:           0
  Clock Path Skew:        0.015ns (DCD - SCD - CPR)
    Destination Clock Delay (DCD):    1.244ns
    Source Clock Delay      (SCD):    0.943ns
    Clock Pessimism Removal (CPR):    0.286ns

    Location             Delay type                Incr(ns)  Path(ns)    Netlist Resource(s)
  -------------------------------------------------------------------    -------------------
                         (clock clk_fpga_1 rise edge)
                                                      0.000     0.000 r
    PS7_X0Y0             PS7                          0.000     0.000 r  system_i/processing_system7_0/inst/PS7_i/FCLKCLK[1]
                         net (fo=1, routed)           0.303     0.303    system_i/processing_system7_0/inst/FCLK_CLK_unbuffered[1]
    BUFGCTRL_X0Y17       BUFG (Prop_bufg_I_O)         0.026     0.329 r  system_i/processing_system7_0/inst/buffer_fclk_clk_1.FCLK_CLK_1_BUFG/O
                         net (fo=8926, routed)        0.614     0.943    system_i/dma_mem_smartconnect/inst/s01_nodes/s01_b_node/inst/inst_mi_handler/gen_normal_area.inst_fifo_node_payld/gen_xpm_memory_fifo.inst_fifo/gen_mem_rep[0].inst_wr_addra/s_sc_aclk
    SLICE_X1Y14          FDRE                                         r  system_i/dma_mem_smartconnect/inst/s01_nodes/s01_b_node/inst/inst_mi_handler/gen_normal_area.inst_fifo_node_payld/gen_xpm_memory_fifo.inst_fifo/gen_mem_rep[0].inst_wr_addra/count_r_reg[3]/C
  -------------------------------------------------------------------    -------------------
    SLICE_X1Y14          FDRE (Prop_fdre_C_Q)         0.141     1.084 r  system_i/dma_mem_smartconnect/inst/s01_nodes/s01_b_node/inst/inst_mi_handler/gen_normal_area.inst_fifo_node_payld/gen_xpm_memory_fifo.inst_fifo/gen_mem_rep[0].inst_wr_addra/count_r_reg[3]/Q
                         net (fo=13, routed)          0.200     1.283    system_i/dma_mem_smartconnect/inst/s01_nodes/s01_b_node/inst/inst_mi_handler/gen_normal_area.inst_fifo_node_payld/gen_xpm_memory_fifo.inst_fifo/gen_mem_rep[0].inst_xpm_memory/xpm_memory_base_inst/gen_wr_a.gen_word_narrow.mem_reg_0_31_0_5/ADDRD3
    SLICE_X2Y13          RAMD32                                       r  system_i/dma_mem_smartconnect/inst/s01_nodes/s01_b_node/inst/inst_mi_handler/gen_normal_area.inst_fifo_node_payld/gen_xpm_memory_fifo.inst_fifo/gen_mem_rep[0].inst_xpm_memory/xpm_memory_base_inst/gen_wr_a.gen_word_narrow.mem_reg_0_31_0_5/RAMA/WADR3
  -------------------------------------------------------------------    -------------------

                         (clock clk_fpga_1 rise edge)
                                                      0.000     0.000 r
    PS7_X0Y0             PS7                          0.000     0.000 r  system_i/processing_system7_0/inst/PS7_i/FCLKCLK[1]
                         net (fo=1, routed)           0.331     0.331    system_i/processing_system7_0/inst/FCLK_CLK_unbuffered[1]
    BUFGCTRL_X0Y17       BUFG (Prop_bufg_I_O)         0.029     0.360 r  system_i/processing_system7_0/inst/buffer_fclk_clk_1.FCLK_CLK_1_BUFG/O
                         net (fo=8926, routed)        0.884     1.244    system_i/dma_mem_smartconnect/inst/s01_nodes/s01_b_node/inst/inst_mi_handler/gen_normal_area.inst_fifo_node_payld/gen_xpm_memory_fifo.inst_fifo/gen_mem_rep[0].inst_xpm_memory/xpm_memory_base_inst/gen_wr_a.gen_word_narrow.mem_reg_0_31_0_5/WCLK
    SLICE_X2Y13          RAMD32                                       r  system_i/dma_mem_smartconnect/inst/s01_nodes/s01_b_node/inst/inst_mi_handler/gen_normal_area.inst_fifo_node_payld/gen_xpm_memory_fifo.inst_fifo/gen_mem_rep[0].inst_xpm_memory/xpm_memory_base_inst/gen_wr_a.gen_word_narrow.mem_reg_0_31_0_5/RAMA/CLK
                         clock pessimism             -0.286     0.957
    SLICE_X2Y13          RAMD32 (Hold_ramd32_CLK_WADR3)
                                                      0.240     1.197    system_i/dma_mem_smartconnect/inst/s01_nodes/s01_b_node/inst/inst_mi_handler/gen_normal_area.inst_fifo_node_payld/gen_xpm_memory_fifo.inst_fifo/gen_mem_rep[0].inst_xpm_memory/xpm_memory_base_inst/gen_wr_a.gen_word_narrow.mem_reg_0_31_0_5/RAMA
  -------------------------------------------------------------------
                         required time                         -1.198
                         arrival time                           1.283
  -------------------------------------------------------------------
                         slack                                  0.086

Slack (MET) :             1.036ns  (arrival time - required time)
  Source:                 system_i/rst_ps7_0_100M/U0/ACTIVE_LOW_PR_OUT_DFF[0].FDRE_PER_N/C
                            (rising edge-triggered cell FDRE clocked by clk_fpga_0  {rise@0.000ns fall@5.000ns period=10.000ns})
  Destination:            system_i/ps_axi3_lite_bridge_0/inst/s_axi_bid_reg[0]/CLR
                            (removal check against rising-edge clock clk_fpga_0  {rise@0.000ns fall@5.000ns period=10.000ns})
  Path Group:             **async_default**
  Path Type:              Removal (Min at Fast Process Corner)
  Requirement:            0.000ns  (clk_fpga_0 rise@0.000ns - clk_fpga_0 rise@0.000ns)
  Data Path Delay:        1.136ns  (logic 0.209ns (18.399%)  route 0.927ns (81.601%))
  Logic Levels:           1  (LUT1=1)
  Clock Path Skew:        0.192ns (DCD - SCD - CPR)
    Destination Clock Delay (DCD):    1.191ns
    Source Clock Delay      (SCD):    0.963ns
    Clock Pessimism Removal (CPR):    0.036ns

    Location             Delay type                Incr(ns)  Path(ns)    Netlist Resource(s)
  -------------------------------------------------------------------    -------------------
                         (clock clk_fpga_0 rise edge)
                                                      0.000     0.000 r
    PS7_X0Y0             PS7                          0.000     0.000 r  system_i/processing_system7_0/inst/PS7_i/FCLKCLK[0]
                         net (fo=1, routed)           0.303     0.303    system_i/processing_system7_0/inst/FCLK_CLK_unbuffered[0]
    BUFGCTRL_X0Y16       BUFG (Prop_bufg_I_O)         0.026     0.329 r  system_i/processing_system7_0/inst/buffer_fclk_clk_0.FCLK_CLK_0_BUFG/O
                         net (fo=20688, routed)       0.634     0.963    system_i/rst_ps7_0_100M/U0/slowest_sync_clk
    SLICE_X34Y130        FDRE                                         r  system_i/rst_ps7_0_100M/U0/ACTIVE_LOW_PR_OUT_DFF[0].FDRE_PER_N/C
  -------------------------------------------------------------------    -------------------
    SLICE_X34Y130        FDRE (Prop_fdre_C_Q)         0.164     1.127 r  system_i/rst_ps7_0_100M/U0/ACTIVE_LOW_PR_OUT_DFF[0].FDRE_PER_N/Q
                         net (fo=44, routed)          0.766     1.893    system_i/ps_axi3_lite_bridge_0/inst/aresetn
    SLICE_X29Y97         LUT1 (Prop_lut1_I0_O)        0.045     1.938 f  system_i/ps_axi3_lite_bridge_0/inst/s_axi_bid[11]_i_2/O
                         net (fo=130, routed)         0.161     2.099    system_i/ps_axi3_lite_bridge_0/inst/s_axi_bid[11]_i_2_n_0
    SLICE_X27Y97         FDCE                                         f  system_i/ps_axi3_lite_bridge_0/inst/s_axi_bid_reg[0]/CLR
  -------------------------------------------------------------------    -------------------

                         (clock clk_fpga_0 rise edge)
                                                      0.000     0.000 r
    PS7_X0Y0             PS7                          0.000     0.000 r  system_i/processing_system7_0/inst/PS7_i/FCLKCLK[0]
                         net (fo=1, routed)           0.331     0.331    system_i/processing_system7_0/inst/FCLK_CLK_unbuffered[0]
    BUFGCTRL_X0Y16       BUFG (Prop_bufg_I_O)         0.029     0.360 r  system_i/processing_system7_0/inst/buffer_fclk_clk_0.FCLK_CLK_0_BUFG/O
                         net (fo=20688, routed)       0.831     1.191    system_i/ps_axi3_lite_bridge_0/inst/aclk
    SLICE_X27Y97         FDCE                                         r  system_i/ps_axi3_lite_bridge_0/inst/s_axi_bid_reg[0]/C
                         clock pessimism             -0.036     1.155
    SLICE_X27Y97         FDCE (Remov_fdce_C_CLR)     -0.092     1.063    system_i/ps_axi3_lite_bridge_0/inst/s_axi_bid_reg[0]
  -------------------------------------------------------------------
                         required time                         -1.063
                         arrival time                           2.099
  -------------------------------------------------------------------
                         slack                                  1.036

Slack (MET) :             1.036ns  (arrival time - required time)
  Source:                 system_i/rst_ps7_0_100M/U0/ACTIVE_LOW_PR_OUT_DFF[0].FDRE_PER_N/C
                            (rising edge-triggered cell FDRE clocked by clk_fpga_0  {rise@0.000ns fall@5.000ns period=10.000ns})
  Destination:            system_i/ps_axi3_lite_bridge_0/inst/s_axi_bid_reg[1]/CLR
                            (removal check against rising-edge clock clk_fpga_0  {rise@0.000ns fall@5.000ns period=10.000ns})
  Path Group:             **async_default**
  Path Type:              Removal (Min at Fast Process Corner)
  Requirement:            0.000ns  (clk_fpga_0 rise@0.000ns - clk_fpga_0 rise@0.000ns)
  Data Path Delay:        1.136ns  (logic 0.209ns (18.399%)  route 0.927ns (81.601%))
  Logic Levels:           1  (LUT1=1)
  Clock Path Skew:        0.192ns (DCD - SCD - CPR)
    Destination Clock Delay (DCD):    1.191ns
    Source Clock Delay      (SCD):    0.963ns
    Clock Pessimism Removal (CPR):    0.036ns

    Location             Delay type                Incr(ns)  Path(ns)    Netlist Resource(s)
  -------------------------------------------------------------------    -------------------
                         (clock clk_fpga_0 rise edge)
                                                      0.000     0.000 r
    PS7_X0Y0             PS7                          0.000     0.000 r  system_i/processing_system7_0/inst/PS7_i/FCLKCLK[0]
                         net (fo=1, routed)           0.303     0.303    system_i/processing_system7_0/inst/FCLK_CLK_unbuffered[0]
    BUFGCTRL_X0Y16       BUFG (Prop_bufg_I_O)         0.026     0.329 r  system_i/processing_system7_0/inst/buffer_fclk_clk_0.FCLK_CLK_0_BUFG/O
                         net (fo=20688, routed)       0.634     0.963    system_i/rst_ps7_0_100M/U0/slowest_sync_clk
    SLICE_X34Y130        FDRE                                         r  system_i/rst_ps7_0_100M/U0/ACTIVE_LOW_PR_OUT_DFF[0].FDRE_PER_N/C
  -------------------------------------------------------------------    -------------------
    SLICE_X34Y130        FDRE (Prop_fdre_C_Q)         0.164     1.127 r  system_i/rst_ps7_0_100M/U0/ACTIVE_LOW_PR_OUT_DFF[0].FDRE_PER_N/Q
                         net (fo=44, routed)          0.766     1.893    system_i/ps_axi3_lite_bridge_0/inst/aresetn
    SLICE_X29Y97         LUT1 (Prop_lut1_I0_O)        0.045     1.938 f  system_i/ps_axi3_lite_bridge_0/inst/s_axi_bid[11]_i_2/O
                         net (fo=130, routed)         0.161     2.099    system_i/ps_axi3_lite_bridge_0/inst/s_axi_bid[11]_i_2_n_0
    SLICE_X27Y97         FDCE                                         f  system_i/ps_axi3_lite_bridge_0/inst/s_axi_bid_reg[1]/CLR
  -------------------------------------------------------------------    -------------------

                         (clock clk_fpga_0 rise edge)
                                                      0.000     0.000 r
    PS7_X0Y0             PS7                          0.000     0.000 r  system_i/processing_system7_0/inst/PS7_i/FCLKCLK[0]
                         net (fo=1, routed)           0.331     0.331    system_i/processing_system7_0/inst/FCLK_CLK_unbuffered[0]
    BUFGCTRL_X0Y16       BUFG (Prop_bufg_I_O)         0.029     0.360 r  system_i/processing_system7_0/inst/buffer_fclk_clk_0.FCLK_CLK_0_BUFG/O
                         net (fo=20688, routed)       0.831     1.191    system_i/ps_axi3_lite_bridge_0/inst/aclk
    SLICE_X27Y97         FDCE                                         r  system_i/ps_axi3_lite_bridge_0/inst/s_axi_bid_reg[1]/C
                         clock pessimism             -0.036     1.155
    SLICE_X27Y97         FDCE (Remov_fdce_C_CLR)     -0.092     1.063    system_i/ps_axi3_lite_bridge_0/inst/s_axi_bid_reg[1]
  -------------------------------------------------------------------
                         required time                         -1.063
                         arrival time                           2.099
  -------------------------------------------------------------------
                         slack                                  1.036

Slack (MET) :             1.036ns  (arrival time - required time)
  Source:                 system_i/rst_ps7_0_100M/U0/ACTIVE_LOW_PR_OUT_DFF[0].FDRE_PER_N/C
                            (rising edge-triggered cell FDRE clocked by clk_fpga_0  {rise@0.000ns fall@5.000ns period=10.000ns})
  Destination:            system_i/ps_axi3_lite_bridge_0/inst/s_axi_bid_reg[2]/CLR
                            (removal check against rising-edge clock clk_fpga_0  {rise@0.000ns fall@5.000ns period=10.000ns})
  Path Group:             **async_default**
  Path Type:              Removal (Min at Fast Process Corner)
  Requirement:            0.000ns  (clk_fpga_0 rise@0.000ns - clk_fpga_0 rise@0.000ns)
  Data Path Delay:        1.136ns  (logic 0.209ns (18.399%)  route 0.927ns (81.601%))
  Logic Levels:           1  (LUT1=1)
  Clock Path Skew:        0.192ns (DCD - SCD - CPR)
    Destination Clock Delay (DCD):    1.191ns
    Source Clock Delay      (SCD):    0.963ns
    Clock Pessimism Removal (CPR):    0.036ns

    Location             Delay type                Incr(ns)  Path(ns)    Netlist Resource(s)
  -------------------------------------------------------------------    -------------------
                         (clock clk_fpga_0 rise edge)
                                                      0.000     0.000 r
    PS7_X0Y0             PS7                          0.000     0.000 r  system_i/processing_system7_0/inst/PS7_i/FCLKCLK[0]
                         net (fo=1, routed)           0.303     0.303    system_i/processing_system7_0/inst/FCLK_CLK_unbuffered[0]
    BUFGCTRL_X0Y16       BUFG (Prop_bufg_I_O)         0.026     0.329 r  system_i/processing_system7_0/inst/buffer_fclk_clk_0.FCLK_CLK_0_BUFG/O
                         net (fo=20688, routed)       0.634     0.963    system_i/rst_ps7_0_100M/U0/slowest_sync_clk
    SLICE_X34Y130        FDRE                                         r  system_i/rst_ps7_0_100M/U0/ACTIVE_LOW_PR_OUT_DFF[0].FDRE_PER_N/C
  -------------------------------------------------------------------    -------------------
    SLICE_X34Y130        FDRE (Prop_fdre_C_Q)         0.164     1.127 r  system_i/rst_ps7_0_100M/U0/ACTIVE_LOW_PR_OUT_DFF[0].FDRE_PER_N/Q
                         net (fo=44, routed)          0.766     1.893    system_i/ps_axi3_lite_bridge_0/inst/aresetn
    SLICE_X29Y97         LUT1 (Prop_lut1_I0_O)        0.045     1.938 f  system_i/ps_axi3_lite_bridge_0/inst/s_axi_bid[11]_i_2/O
                         net (fo=130, routed)         0.161     2.099    system_i/ps_axi3_lite_bridge_0/inst/s_axi_bid[11]_i_2_n_0
    SLICE_X27Y97         FDCE                                         f  system_i/ps_axi3_lite_bridge_0/inst/s_axi_bid_reg[2]/CLR
  -------------------------------------------------------------------    -------------------

                         (clock clk_fpga_0 rise edge)
                                                      0.000     0.000 r
    PS7_X0Y0             PS7                          0.000     0.000 r  system_i/processing_system7_0/inst/PS7_i/FCLKCLK[0]
                         net (fo=1, routed)           0.331     0.331    system_i/processing_system7_0/inst/FCLK_CLK_unbuffered[0]
    BUFGCTRL_X0Y16       BUFG (Prop_bufg_I_O)         0.029     0.360 r  system_i/processing_system7_0/inst/buffer_fclk_clk_0.FCLK_CLK_0_BUFG/O
                         net (fo=20688, routed)       0.831     1.191    system_i/ps_axi3_lite_bridge_0/inst/aclk
    SLICE_X27Y97         FDCE                                         r  system_i/ps_axi3_lite_bridge_0/inst/s_axi_bid_reg[2]/C
                         clock pessimism             -0.036     1.155
    SLICE_X27Y97         FDCE (Remov_fdce_C_CLR)     -0.092     1.063    system_i/ps_axi3_lite_bridge_0/inst/s_axi_bid_reg[2]
  -------------------------------------------------------------------
                         required time                         -1.063
                         arrival time                           2.099
  -------------------------------------------------------------------
                         slack                                  1.036

Slack (MET) :             1.036ns  (arrival time - required time)
  Source:                 system_i/rst_ps7_0_100M/U0/ACTIVE_LOW_PR_OUT_DFF[0].FDRE_PER_N/C
                            (rising edge-triggered cell FDRE clocked by clk_fpga_0  {rise@0.000ns fall@5.000ns period=10.000ns})
  Destination:            system_i/ps_axi3_lite_bridge_0/inst/s_axi_bid_reg[4]/CLR
                            (removal check against rising-edge clock clk_fpga_0  {rise@0.000ns fall@5.000ns period=10.000ns})
  Path Group:             **async_default**
  Path Type:              Removal (Min at Fast Process Corner)
  Requirement:            0.000ns  (clk_fpga_0 rise@0.000ns - clk_fpga_0 rise@0.000ns)
  Data Path Delay:        1.136ns  (logic 0.209ns (18.399%)  route 0.927ns (81.601%))
  Logic Levels:           1  (LUT1=1)
  Clock Path Skew:        0.192ns (DCD - SCD - CPR)
    Destination Clock Delay (DCD):    1.191ns
    Source Clock Delay      (SCD):    0.963ns
    Clock Pessimism Removal (CPR):    0.036ns

    Location             Delay type                Incr(ns)  Path(ns)    Netlist Resource(s)
  -------------------------------------------------------------------    -------------------
                         (clock clk_fpga_0 rise edge)
                                                      0.000     0.000 r
    PS7_X0Y0             PS7                          0.000     0.000 r  system_i/processing_system7_0/inst/PS7_i/FCLKCLK[0]
                         net (fo=1, routed)           0.303     0.303    system_i/processing_system7_0/inst/FCLK_CLK_unbuffered[0]
    BUFGCTRL_X0Y16       BUFG (Prop_bufg_I_O)         0.026     0.329 r  system_i/processing_system7_0/inst/buffer_fclk_clk_0.FCLK_CLK_0_BUFG/O
                         net (fo=20688, routed)       0.634     0.963    system_i/rst_ps7_0_100M/U0/slowest_sync_clk
    SLICE_X34Y130        FDRE                                         r  system_i/rst_ps7_0_100M/U0/ACTIVE_LOW_PR_OUT_DFF[0].FDRE_PER_N/C
  -------------------------------------------------------------------    -------------------
    SLICE_X34Y130        FDRE (Prop_fdre_C_Q)         0.164     1.127 r  system_i/rst_ps7_0_100M/U0/ACTIVE_LOW_PR_OUT_DFF[0].FDRE_PER_N/Q
                         net (fo=44, routed)          0.766     1.893    system_i/ps_axi3_lite_bridge_0/inst/aresetn
    SLICE_X29Y97         LUT1 (Prop_lut1_I0_O)        0.045     1.938 f  system_i/ps_axi3_lite_bridge_0/inst/s_axi_bid[11]_i_2/O
                         net (fo=130, routed)         0.161     2.099    system_i/ps_axi3_lite_bridge_0/inst/s_axi_bid[11]_i_2_n_0
    SLICE_X27Y97         FDCE                                         f  system_i/ps_axi3_lite_bridge_0/inst/s_axi_bid_reg[4]/CLR
  -------------------------------------------------------------------    -------------------

                         (clock clk_fpga_0 rise edge)
                                                      0.000     0.000 r
    PS7_X0Y0             PS7                          0.000     0.000 r  system_i/processing_system7_0/inst/PS7_i/FCLKCLK[0]
                         net (fo=1, routed)           0.331     0.331    system_i/processing_system7_0/inst/FCLK_CLK_unbuffered[0]
    BUFGCTRL_X0Y16       BUFG (Prop_bufg_I_O)         0.029     0.360 r  system_i/processing_system7_0/inst/buffer_fclk_clk_0.FCLK_CLK_0_BUFG/O
                         net (fo=20688, routed)       0.831     1.191    system_i/ps_axi3_lite_bridge_0/inst/aclk
    SLICE_X27Y97         FDCE                                         r  system_i/ps_axi3_lite_bridge_0/inst/s_axi_bid_reg[4]/C
                         clock pessimism             -0.036     1.155
    SLICE_X27Y97         FDCE (Remov_fdce_C_CLR)     -0.092     1.063    system_i/ps_axi3_lite_bridge_0/inst/s_axi_bid_reg[4]
  -------------------------------------------------------------------
                         required time                         -1.063
                         arrival time                           2.099
  -------------------------------------------------------------------
                         slack                                  1.036

Slack (MET) :             1.036ns  (arrival time - required time)
  Source:                 system_i/rst_ps7_0_100M/U0/ACTIVE_LOW_PR_OUT_DFF[0].FDRE_PER_N/C
                            (rising edge-triggered cell FDRE clocked by clk_fpga_0  {rise@0.000ns fall@5.000ns period=10.000ns})
  Destination:            system_i/ps_axi3_lite_bridge_0/inst/s_axi_bid_reg[5]/CLR
                            (removal check against rising-edge clock clk_fpga_0  {rise@0.000ns fall@5.000ns period=10.000ns})
  Path Group:             **async_default**
  Path Type:              Removal (Min at Fast Process Corner)
  Requirement:            0.000ns  (clk_fpga_0 rise@0.000ns - clk_fpga_0 rise@0.000ns)
  Data Path Delay:        1.136ns  (logic 0.209ns (18.399%)  route 0.927ns (81.601%))
  Logic Levels:           1  (LUT1=1)
  Clock Path Skew:        0.192ns (DCD - SCD - CPR)
    Destination Clock Delay (DCD):    1.191ns
    Source Clock Delay      (SCD):    0.963ns
    Clock Pessimism Removal (CPR):    0.036ns

    Location             Delay type                Incr(ns)  Path(ns)    Netlist Resource(s)
  -------------------------------------------------------------------    -------------------
                         (clock clk_fpga_0 rise edge)
                                                      0.000     0.000 r
    PS7_X0Y0             PS7                          0.000     0.000 r  system_i/processing_system7_0/inst/PS7_i/FCLKCLK[0]
                         net (fo=1, routed)           0.303     0.303    system_i/processing_system7_0/inst/FCLK_CLK_unbuffered[0]
    BUFGCTRL_X0Y16       BUFG (Prop_bufg_I_O)         0.026     0.329 r  system_i/processing_system7_0/inst/buffer_fclk_clk_0.FCLK_CLK_0_BUFG/O
                         net (fo=20688, routed)       0.634     0.963    system_i/rst_ps7_0_100M/U0/slowest_sync_clk
    SLICE_X34Y130        FDRE                                         r  system_i/rst_ps7_0_100M/U0/ACTIVE_LOW_PR_OUT_DFF[0].FDRE_PER_N/C
  -------------------------------------------------------------------    -------------------
    SLICE_X34Y130        FDRE (Prop_fdre_C_Q)         0.164     1.127 r  system_i/rst_ps7_0_100M/U0/ACTIVE_LOW_PR_OUT_DFF[0].FDRE_PER_N/Q
                         net (fo=44, routed)          0.766     1.893    system_i/ps_axi3_lite_bridge_0/inst/aresetn
    SLICE_X29Y97         LUT1 (Prop_lut1_I0_O)        0.045     1.938 f  system_i/ps_axi3_lite_bridge_0/inst/s_axi_bid[11]_i_2/O
                         net (fo=130, routed)         0.161     2.099    system_i/ps_axi3_lite_bridge_0/inst/s_axi_bid[11]_i_2_n_0
    SLICE_X27Y97         FDCE                                         f  system_i/ps_axi3_lite_bridge_0/inst/s_axi_bid_reg[5]/CLR
  -------------------------------------------------------------------    -------------------

                         (clock clk_fpga_0 rise edge)
                                                      0.000     0.000 r
    PS7_X0Y0             PS7                          0.000     0.000 r  system_i/processing_system7_0/inst/PS7_i/FCLKCLK[0]
                         net (fo=1, routed)           0.331     0.331    system_i/processing_system7_0/inst/FCLK_CLK_unbuffered[0]
    BUFGCTRL_X0Y16       BUFG (Prop_bufg_I_O)         0.029     0.360 r  system_i/processing_system7_0/inst/buffer_fclk_clk_0.FCLK_CLK_0_BUFG/O
                         net (fo=20688, routed)       0.831     1.191    system_i/ps_axi3_lite_bridge_0/inst/aclk
    SLICE_X27Y97         FDCE                                         r  system_i/ps_axi3_lite_bridge_0/inst/s_axi_bid_reg[5]/C
                         clock pessimism             -0.036     1.155
    SLICE_X27Y97         FDCE (Remov_fdce_C_CLR)     -0.092     1.063    system_i/ps_axi3_lite_bridge_0/inst/s_axi_bid_reg[5]
  -------------------------------------------------------------------
                         required time                         -1.063
                         arrival time                           2.099
  -------------------------------------------------------------------
                         slack                                  1.036

Slack (MET) :             1.036ns  (arrival time - required time)
  Source:                 system_i/rst_ps7_0_100M/U0/ACTIVE_LOW_PR_OUT_DFF[0].FDRE_PER_N/C
                            (rising edge-triggered cell FDRE clocked by clk_fpga_0  {rise@0.000ns fall@5.000ns period=10.000ns})
  Destination:            system_i/ps_axi3_lite_bridge_0/inst/s_axi_bid_reg[6]/CLR
                            (removal check against rising-edge clock clk_fpga_0  {rise@0.000ns fall@5.000ns period=10.000ns})
  Path Group:             **async_default**
  Path Type:              Removal (Min at Fast Process Corner)
  Requirement:            0.000ns  (clk_fpga_0 rise@0.000ns - clk_fpga_0 rise@0.000ns)
  Data Path Delay:        1.136ns  (logic 0.209ns (18.399%)  route 0.927ns (81.601%))
  Logic Levels:           1  (LUT1=1)
  Clock Path Skew:        0.192ns (DCD - SCD - CPR)
    Destination Clock Delay (DCD):    1.191ns
    Source Clock Delay      (SCD):    0.963ns
    Clock Pessimism Removal (CPR):    0.036ns

    Location             Delay type                Incr(ns)  Path(ns)    Netlist Resource(s)
  -------------------------------------------------------------------    -------------------
                         (clock clk_fpga_0 rise edge)
                                                      0.000     0.000 r
    PS7_X0Y0             PS7                          0.000     0.000 r  system_i/processing_system7_0/inst/PS7_i/FCLKCLK[0]
                         net (fo=1, routed)           0.303     0.303    system_i/processing_system7_0/inst/FCLK_CLK_unbuffered[0]
    BUFGCTRL_X0Y16       BUFG (Prop_bufg_I_O)         0.026     0.329 r  system_i/processing_system7_0/inst/buffer_fclk_clk_0.FCLK_CLK_0_BUFG/O
                         net (fo=20688, routed)       0.634     0.963    system_i/rst_ps7_0_100M/U0/slowest_sync_clk
    SLICE_X34Y130        FDRE                                         r  system_i/rst_ps7_0_100M/U0/ACTIVE_LOW_PR_OUT_DFF[0].FDRE_PER_N/C
  -------------------------------------------------------------------    -------------------
    SLICE_X34Y130        FDRE (Prop_fdre_C_Q)         0.164     1.127 r  system_i/rst_ps7_0_100M/U0/ACTIVE_LOW_PR_OUT_DFF[0].FDRE_PER_N/Q
                         net (fo=44, routed)          0.766     1.893    system_i/ps_axi3_lite_bridge_0/inst/aresetn
    SLICE_X29Y97         LUT1 (Prop_lut1_I0_O)        0.045     1.938 f  system_i/ps_axi3_lite_bridge_0/inst/s_axi_bid[11]_i_2/O
                         net (fo=130, routed)         0.161     2.099    system_i/ps_axi3_lite_bridge_0/inst/s_axi_bid[11]_i_2_n_0
    SLICE_X27Y97         FDCE                                         f  system_i/ps_axi3_lite_bridge_0/inst/s_axi_bid_reg[6]/CLR
  -------------------------------------------------------------------    -------------------

                         (clock clk_fpga_0 rise edge)
                                                      0.000     0.000 r
    PS7_X0Y0             PS7                          0.000     0.000 r  system_i/processing_system7_0/inst/PS7_i/FCLKCLK[0]
                         net (fo=1, routed)           0.331     0.331    system_i/processing_system7_0/inst/FCLK_CLK_unbuffered[0]
    BUFGCTRL_X0Y16       BUFG (Prop_bufg_I_O)         0.029     0.360 r  system_i/processing_system7_0/inst/buffer_fclk_clk_0.FCLK_CLK_0_BUFG/O
                         net (fo=20688, routed)       0.831     1.191    system_i/ps_axi3_lite_bridge_0/inst/aclk
    SLICE_X27Y97         FDCE                                         r  system_i/ps_axi3_lite_bridge_0/inst/s_axi_bid_reg[6]/C
                         clock pessimism             -0.036     1.155
    SLICE_X27Y97         FDCE (Remov_fdce_C_CLR)     -0.092     1.063    system_i/ps_axi3_lite_bridge_0/inst/s_axi_bid_reg[6]
  -------------------------------------------------------------------
                         required time                         -1.063
                         arrival time                           2.099
  -------------------------------------------------------------------
                         slack                                  1.036

Slack (MET) :             1.074ns  (arrival time - required time)
  Source:                 system_i/rst_ps7_0_100M/U0/ACTIVE_LOW_PR_OUT_DFF[0].FDRE_PER_N/C
                            (rising edge-triggered cell FDRE clocked by clk_fpga_0  {rise@0.000ns fall@5.000ns period=10.000ns})
  Destination:            system_i/ps_axi3_lite_bridge_0/inst/aw_buffer_valid_reg/CLR
                            (removal check against rising-edge clock clk_fpga_0  {rise@0.000ns fall@5.000ns period=10.000ns})
  Path Group:             **async_default**
  Path Type:              Removal (Min at Fast Process Corner)
  Requirement:            0.000ns  (clk_fpga_0 rise@0.000ns - clk_fpga_0 rise@0.000ns)
  Data Path Delay:        1.198ns  (logic 0.209ns (17.451%)  route 0.989ns (82.549%))
  Logic Levels:           1  (LUT1=1)
  Clock Path Skew:        0.191ns (DCD - SCD - CPR)
    Destination Clock Delay (DCD):    1.190ns
    Source Clock Delay      (SCD):    0.963ns
    Clock Pessimism Removal (CPR):    0.036ns

    Location             Delay type                Incr(ns)  Path(ns)    Netlist Resource(s)
  -------------------------------------------------------------------    -------------------
                         (clock clk_fpga_0 rise edge)
                                                      0.000     0.000 r
    PS7_X0Y0             PS7                          0.000     0.000 r  system_i/processing_system7_0/inst/PS7_i/FCLKCLK[0]
                         net (fo=1, routed)           0.303     0.303    system_i/processing_system7_0/inst/FCLK_CLK_unbuffered[0]
    BUFGCTRL_X0Y16       BUFG (Prop_bufg_I_O)         0.026     0.329 r  system_i/processing_system7_0/inst/buffer_fclk_clk_0.FCLK_CLK_0_BUFG/O
                         net (fo=20688, routed)       0.634     0.963    system_i/rst_ps7_0_100M/U0/slowest_sync_clk
    SLICE_X34Y130        FDRE                                         r  system_i/rst_ps7_0_100M/U0/ACTIVE_LOW_PR_OUT_DFF[0].FDRE_PER_N/C
  -------------------------------------------------------------------    -------------------
    SLICE_X34Y130        FDRE (Prop_fdre_C_Q)         0.164     1.127 r  system_i/rst_ps7_0_100M/U0/ACTIVE_LOW_PR_OUT_DFF[0].FDRE_PER_N/Q
                         net (fo=44, routed)          0.766     1.893    system_i/ps_axi3_lite_bridge_0/inst/aresetn
    SLICE_X29Y97         LUT1 (Prop_lut1_I0_O)        0.045     1.938 f  system_i/ps_axi3_lite_bridge_0/inst/s_axi_bid[11]_i_2/O
                         net (fo=130, routed)         0.223     2.161    system_i/ps_axi3_lite_bridge_0/inst/s_axi_bid[11]_i_2_n_0
    SLICE_X26Y95         FDCE                                         f  system_i/ps_axi3_lite_bridge_0/inst/aw_buffer_valid_reg/CLR
  -------------------------------------------------------------------    -------------------

                         (clock clk_fpga_0 rise edge)
                                                      0.000     0.000 r
    PS7_X0Y0             PS7                          0.000     0.000 r  system_i/processing_system7_0/inst/PS7_i/FCLKCLK[0]
                         net (fo=1, routed)           0.331     0.331    system_i/processing_system7_0/inst/FCLK_CLK_unbuffered[0]
    BUFGCTRL_X0Y16       BUFG (Prop_bufg_I_O)         0.029     0.360 r  system_i/processing_system7_0/inst/buffer_fclk_clk_0.FCLK_CLK_0_BUFG/O
                         net (fo=20688, routed)       0.830     1.190    system_i/ps_axi3_lite_bridge_0/inst/aclk
    SLICE_X26Y95         FDCE                                         r  system_i/ps_axi3_lite_bridge_0/inst/aw_buffer_valid_reg/C
                         clock pessimism             -0.036     1.154
    SLICE_X26Y95         FDCE (Remov_fdce_C_CLR)     -0.067     1.087    system_i/ps_axi3_lite_bridge_0/inst/aw_buffer_valid_reg
  -------------------------------------------------------------------
                         required time                         -1.087
                         arrival time                           2.161
  -------------------------------------------------------------------
                         slack                                  1.074

Slack (MET) :             1.074ns  (arrival time - required time)
  Source:                 system_i/rst_ps7_0_100M/U0/ACTIVE_LOW_PR_OUT_DFF[0].FDRE_PER_N/C
                            (rising edge-triggered cell FDRE clocked by clk_fpga_0  {rise@0.000ns fall@5.000ns period=10.000ns})
  Destination:            system_i/ps_axi3_lite_bridge_0/inst/aw_sent_reg/CLR
                            (removal check against rising-edge clock clk_fpga_0  {rise@0.000ns fall@5.000ns period=10.000ns})
  Path Group:             **async_default**
  Path Type:              Removal (Min at Fast Process Corner)
  Requirement:            0.000ns  (clk_fpga_0 rise@0.000ns - clk_fpga_0 rise@0.000ns)
  Data Path Delay:        1.198ns  (logic 0.209ns (17.451%)  route 0.989ns (82.549%))
  Logic Levels:           1  (LUT1=1)
  Clock Path Skew:        0.191ns (DCD - SCD - CPR)
    Destination Clock Delay (DCD):    1.190ns
    Source Clock Delay      (SCD):    0.963ns
    Clock Pessimism Removal (CPR):    0.036ns

    Location             Delay type                Incr(ns)  Path(ns)    Netlist Resource(s)
  -------------------------------------------------------------------    -------------------
                         (clock clk_fpga_0 rise edge)
                                                      0.000     0.000 r
    PS7_X0Y0             PS7                          0.000     0.000 r  system_i/processing_system7_0/inst/PS7_i/FCLKCLK[0]
                         net (fo=1, routed)           0.303     0.303    system_i/processing_system7_0/inst/FCLK_CLK_unbuffered[0]
    BUFGCTRL_X0Y16       BUFG (Prop_bufg_I_O)         0.026     0.329 r  system_i/processing_system7_0/inst/buffer_fclk_clk_0.FCLK_CLK_0_BUFG/O
                         net (fo=20688, routed)       0.634     0.963    system_i/rst_ps7_0_100M/U0/slowest_sync_clk
    SLICE_X34Y130        FDRE                                         r  system_i/rst_ps7_0_100M/U0/ACTIVE_LOW_PR_OUT_DFF[0].FDRE_PER_N/C
  -------------------------------------------------------------------    -------------------
    SLICE_X34Y130        FDRE (Prop_fdre_C_Q)         0.164     1.127 r  system_i/rst_ps7_0_100M/U0/ACTIVE_LOW_PR_OUT_DFF[0].FDRE_PER_N/Q
                         net (fo=44, routed)          0.766     1.893    system_i/ps_axi3_lite_bridge_0/inst/aresetn
    SLICE_X29Y97         LUT1 (Prop_lut1_I0_O)        0.045     1.938 f  system_i/ps_axi3_lite_bridge_0/inst/s_axi_bid[11]_i_2/O
                         net (fo=130, routed)         0.223     2.161    system_i/ps_axi3_lite_bridge_0/inst/s_axi_bid[11]_i_2_n_0
    SLICE_X26Y95         FDCE                                         f  system_i/ps_axi3_lite_bridge_0/inst/aw_sent_reg/CLR
  -------------------------------------------------------------------    -------------------

                         (clock clk_fpga_0 rise edge)
                                                      0.000     0.000 r
    PS7_X0Y0             PS7                          0.000     0.000 r  system_i/processing_system7_0/inst/PS7_i/FCLKCLK[0]
                         net (fo=1, routed)           0.331     0.331    system_i/processing_system7_0/inst/FCLK_CLK_unbuffered[0]
    BUFGCTRL_X0Y16       BUFG (Prop_bufg_I_O)         0.029     0.360 r  system_i/processing_system7_0/inst/buffer_fclk_clk_0.FCLK_CLK_0_BUFG/O
                         net (fo=20688, routed)       0.830     1.190    system_i/ps_axi3_lite_bridge_0/inst/aclk
    SLICE_X26Y95         FDCE                                         r  system_i/ps_axi3_lite_bridge_0/inst/aw_sent_reg/C
                         clock pessimism             -0.036     1.154
    SLICE_X26Y95         FDCE (Remov_fdce_C_CLR)     -0.067     1.087    system_i/ps_axi3_lite_bridge_0/inst/aw_sent_reg
  -------------------------------------------------------------------
                         required time                         -1.087
                         arrival time                           2.161
  -------------------------------------------------------------------
                         slack                                  1.074

Slack (MET) :             1.081ns  (arrival time - required time)
  Source:                 system_i/rst_ps7_0_100M/U0/ACTIVE_LOW_PR_OUT_DFF[0].FDRE_PER_N/C
                            (rising edge-triggered cell FDRE clocked by clk_fpga_0  {rise@0.000ns fall@5.000ns period=10.000ns})
  Destination:            system_i/ps_axi3_lite_bridge_0/inst/s_axi_rdata_reg[17]/CLR
                            (removal check against rising-edge clock clk_fpga_0  {rise@0.000ns fall@5.000ns period=10.000ns})
  Path Group:             **async_default**
  Path Type:              Removal (Min at Fast Process Corner)
  Requirement:            0.000ns  (clk_fpga_0 rise@0.000ns - clk_fpga_0 rise@0.000ns)
  Data Path Delay:        1.181ns  (logic 0.209ns (17.703%)  route 0.972ns (82.297%))
  Logic Levels:           1  (LUT1=1)
  Clock Path Skew:        0.192ns (DCD - SCD - CPR)
    Destination Clock Delay (DCD):    1.191ns
    Source Clock Delay      (SCD):    0.963ns
    Clock Pessimism Removal (CPR):    0.036ns

    Location             Delay type                Incr(ns)  Path(ns)    Netlist Resource(s)
  -------------------------------------------------------------------    -------------------
                         (clock clk_fpga_0 rise edge)
                                                      0.000     0.000 r
    PS7_X0Y0             PS7                          0.000     0.000 r  system_i/processing_system7_0/inst/PS7_i/FCLKCLK[0]
                         net (fo=1, routed)           0.303     0.303    system_i/processing_system7_0/inst/FCLK_CLK_unbuffered[0]
    BUFGCTRL_X0Y16       BUFG (Prop_bufg_I_O)         0.026     0.329 r  system_i/processing_system7_0/inst/buffer_fclk_clk_0.FCLK_CLK_0_BUFG/O
                         net (fo=20688, routed)       0.634     0.963    system_i/rst_ps7_0_100M/U0/slowest_sync_clk
    SLICE_X34Y130        FDRE                                         r  system_i/rst_ps7_0_100M/U0/ACTIVE_LOW_PR_OUT_DFF[0].FDRE_PER_N/C
  -------------------------------------------------------------------    -------------------
    SLICE_X34Y130        FDRE (Prop_fdre_C_Q)         0.164     1.127 r  system_i/rst_ps7_0_100M/U0/ACTIVE_LOW_PR_OUT_DFF[0].FDRE_PER_N/Q
                         net (fo=44, routed)          0.766     1.893    system_i/ps_axi3_lite_bridge_0/inst/aresetn
    SLICE_X29Y97         LUT1 (Prop_lut1_I0_O)        0.045     1.938 f  system_i/ps_axi3_lite_bridge_0/inst/s_axi_bid[11]_i_2/O
                         net (fo=130, routed)         0.206     2.144    system_i/ps_axi3_lite_bridge_0/inst/s_axi_bid[11]_i_2_n_0
    SLICE_X31Y96         FDCE                                         f  system_i/ps_axi3_lite_bridge_0/inst/s_axi_rdata_reg[17]/CLR
  -------------------------------------------------------------------    -------------------

                         (clock clk_fpga_0 rise edge)
                                                      0.000     0.000 r
    PS7_X0Y0             PS7                          0.000     0.000 r  system_i/processing_system7_0/inst/PS7_i/FCLKCLK[0]
                         net (fo=1, routed)           0.331     0.331    system_i/processing_system7_0/inst/FCLK_CLK_unbuffered[0]
    BUFGCTRL_X0Y16       BUFG (Prop_bufg_I_O)         0.029     0.360 r  system_i/processing_system7_0/inst/buffer_fclk_clk_0.FCLK_CLK_0_BUFG/O
                         net (fo=20688, routed)       0.831     1.191    system_i/ps_axi3_lite_bridge_0/inst/aclk
    SLICE_X31Y96         FDCE                                         r  system_i/ps_axi3_lite_bridge_0/inst/s_axi_rdata_reg[17]/C
                         clock pessimism             -0.036     1.155
    SLICE_X31Y96         FDCE (Remov_fdce_C_CLR)     -0.092     1.063    system_i/ps_axi3_lite_bridge_0/inst/s_axi_rdata_reg[17]
  -------------------------------------------------------------------
                         required time                         -1.063
                         arrival time                           2.144
  -------------------------------------------------------------------
                         slack                                  1.081

Slack (MET) :             1.081ns  (arrival time - required time)
  Source:                 system_i/rst_ps7_0_100M/U0/ACTIVE_LOW_PR_OUT_DFF[0].FDRE_PER_N/C
                            (rising edge-triggered cell FDRE clocked by clk_fpga_0  {rise@0.000ns fall@5.000ns period=10.000ns})
  Destination:            system_i/ps_axi3_lite_bridge_0/inst/s_axi_rdata_reg[18]/CLR
                            (removal check against rising-edge clock clk_fpga_0  {rise@0.000ns fall@5.000ns period=10.000ns})
  Path Group:             **async_default**
  Path Type:              Removal (Min at Fast Process Corner)
  Requirement:            0.000ns  (clk_fpga_0 rise@0.000ns - clk_fpga_0 rise@0.000ns)
  Data Path Delay:        1.181ns  (logic 0.209ns (17.703%)  route 0.972ns (82.297%))
  Logic Levels:           1  (LUT1=1)
  Clock Path Skew:        0.192ns (DCD - SCD - CPR)
    Destination Clock Delay (DCD):    1.191ns
    Source Clock Delay      (SCD):    0.963ns
    Clock Pessimism Removal (CPR):    0.036ns

    Location             Delay type                Incr(ns)  Path(ns)    Netlist Resource(s)
  -------------------------------------------------------------------    -------------------
                         (clock clk_fpga_0 rise edge)
                                                      0.000     0.000 r
    PS7_X0Y0             PS7                          0.000     0.000 r  system_i/processing_system7_0/inst/PS7_i/FCLKCLK[0]
                         net (fo=1, routed)           0.303     0.303    system_i/processing_system7_0/inst/FCLK_CLK_unbuffered[0]
    BUFGCTRL_X0Y16       BUFG (Prop_bufg_I_O)         0.026     0.329 r  system_i/processing_system7_0/inst/buffer_fclk_clk_0.FCLK_CLK_0_BUFG/O
                         net (fo=20688, routed)       0.634     0.963    system_i/rst_ps7_0_100M/U0/slowest_sync_clk
    SLICE_X34Y130        FDRE                                         r  system_i/rst_ps7_0_100M/U0/ACTIVE_LOW_PR_OUT_DFF[0].FDRE_PER_N/C
  -------------------------------------------------------------------    -------------------
    SLICE_X34Y130        FDRE (Prop_fdre_C_Q)         0.164     1.127 r  system_i/rst_ps7_0_100M/U0/ACTIVE_LOW_PR_OUT_DFF[0].FDRE_PER_N/Q
                         net (fo=44, routed)          0.766     1.893    system_i/ps_axi3_lite_bridge_0/inst/aresetn
    SLICE_X29Y97         LUT1 (Prop_lut1_I0_O)        0.045     1.938 f  system_i/ps_axi3_lite_bridge_0/inst/s_axi_bid[11]_i_2/O
                         net (fo=130, routed)         0.206     2.144    system_i/ps_axi3_lite_bridge_0/inst/s_axi_bid[11]_i_2_n_0
    SLICE_X31Y96         FDCE                                         f  system_i/ps_axi3_lite_bridge_0/inst/s_axi_rdata_reg[18]/CLR
  -------------------------------------------------------------------    -------------------

                         (clock clk_fpga_0 rise edge)
                                                      0.000     0.000 r
    PS7_X0Y0             PS7                          0.000     0.000 r  system_i/processing_system7_0/inst/PS7_i/FCLKCLK[0]
                         net (fo=1, routed)           0.331     0.331    system_i/processing_system7_0/inst/FCLK_CLK_unbuffered[0]
    BUFGCTRL_X0Y16       BUFG (Prop_bufg_I_O)         0.029     0.360 r  system_i/processing_system7_0/inst/buffer_fclk_clk_0.FCLK_CLK_0_BUFG/O
                         net (fo=20688, routed)       0.831     1.191    system_i/ps_axi3_lite_bridge_0/inst/aclk
    SLICE_X31Y96         FDCE                                         r  system_i/ps_axi3_lite_bridge_0/inst/s_axi_rdata_reg[18]/C
                         clock pessimism             -0.036     1.155
    SLICE_X31Y96         FDCE (Remov_fdce_C_CLR)     -0.092     1.063    system_i/ps_axi3_lite_bridge_0/inst/s_axi_rdata_reg[18]
  -------------------------------------------------------------------
                         required time                         -1.063
                         arrival time                           2.144
  -------------------------------------------------------------------
                         slack                                  1.081

Slack (MET) :             1.081ns  (arrival time - required time)
  Source:                 system_i/rst_ps7_0_100M/U0/ACTIVE_LOW_PR_OUT_DFF[0].FDRE_PER_N/C
                            (rising edge-triggered cell FDRE clocked by clk_fpga_0  {rise@0.000ns fall@5.000ns period=10.000ns})
  Destination:            system_i/ps_axi3_lite_bridge_0/inst/s_axi_rdata_reg[23]/CLR
                            (removal check against rising-edge clock clk_fpga_0  {rise@0.000ns fall@5.000ns period=10.000ns})
  Path Group:             **async_default**
  Path Type:              Removal (Min at Fast Process Corner)
  Requirement:            0.000ns  (clk_fpga_0 rise@0.000ns - clk_fpga_0 rise@0.000ns)
  Data Path Delay:        1.181ns  (logic 0.209ns (17.703%)  route 0.972ns (82.297%))
  Logic Levels:           1  (LUT1=1)
  Clock Path Skew:        0.192ns (DCD - SCD - CPR)
    Destination Clock Delay (DCD):    1.191ns
    Source Clock Delay      (SCD):    0.963ns
    Clock Pessimism Removal (CPR):    0.036ns

    Location             Delay type                Incr(ns)  Path(ns)    Netlist Resource(s)
  -------------------------------------------------------------------    -------------------
                         (clock clk_fpga_0 rise edge)
                                                      0.000     0.000 r
    PS7_X0Y0             PS7                          0.000     0.000 r  system_i/processing_system7_0/inst/PS7_i/FCLKCLK[0]
                         net (fo=1, routed)           0.303     0.303    system_i/processing_system7_0/inst/FCLK_CLK_unbuffered[0]
    BUFGCTRL_X0Y16       BUFG (Prop_bufg_I_O)         0.026     0.329 r  system_i/processing_system7_0/inst/buffer_fclk_clk_0.FCLK_CLK_0_BUFG/O
                         net (fo=20688, routed)       0.634     0.963    system_i/rst_ps7_0_100M/U0/slowest_sync_clk
    SLICE_X34Y130        FDRE                                         r  system_i/rst_ps7_0_100M/U0/ACTIVE_LOW_PR_OUT_DFF[0].FDRE_PER_N/C
  -------------------------------------------------------------------    -------------------
    SLICE_X34Y130        FDRE (Prop_fdre_C_Q)         0.164     1.127 r  system_i/rst_ps7_0_100M/U0/ACTIVE_LOW_PR_OUT_DFF[0].FDRE_PER_N/Q
                         net (fo=44, routed)          0.766     1.893    system_i/ps_axi3_lite_bridge_0/inst/aresetn
    SLICE_X29Y97         LUT1 (Prop_lut1_I0_O)        0.045     1.938 f  system_i/ps_axi3_lite_bridge_0/inst/s_axi_bid[11]_i_2/O
                         net (fo=130, routed)         0.206     2.144    system_i/ps_axi3_lite_bridge_0/inst/s_axi_bid[11]_i_2_n_0
    SLICE_X31Y96         FDCE                                         f  system_i/ps_axi3_lite_bridge_0/inst/s_axi_rdata_reg[23]/CLR
  -------------------------------------------------------------------    -------------------

                         (clock clk_fpga_0 rise edge)
                                                      0.000     0.000 r
    PS7_X0Y0             PS7                          0.000     0.000 r  system_i/processing_system7_0/inst/PS7_i/FCLKCLK[0]
                         net (fo=1, routed)           0.331     0.331    system_i/processing_system7_0/inst/FCLK_CLK_unbuffered[0]
    BUFGCTRL_X0Y16       BUFG (Prop_bufg_I_O)         0.029     0.360 r  system_i/processing_system7_0/inst/buffer_fclk_clk_0.FCLK_CLK_0_BUFG/O
                         net (fo=20688, routed)       0.831     1.191    system_i/ps_axi3_lite_bridge_0/inst/aclk
    SLICE_X31Y96         FDCE                                         r  system_i/ps_axi3_lite_bridge_0/inst/s_axi_rdata_reg[23]/C
                         clock pessimism             -0.036     1.155
    SLICE_X31Y96         FDCE (Remov_fdce_C_CLR)     -0.092     1.063    system_i/ps_axi3_lite_bridge_0/inst/s_axi_rdata_reg[23]
  -------------------------------------------------------------------
                         required time                         -1.063
                         arrival time                           2.144
  -------------------------------------------------------------------
                         slack                                  1.081

Slack (MET) :             1.081ns  (arrival time - required time)
  Source:                 system_i/rst_ps7_0_100M/U0/ACTIVE_LOW_PR_OUT_DFF[0].FDRE_PER_N/C
                            (rising edge-triggered cell FDRE clocked by clk_fpga_0  {rise@0.000ns fall@5.000ns period=10.000ns})
  Destination:            system_i/ps_axi3_lite_bridge_0/inst/s_axi_rdata_reg[27]/CLR
                            (removal check against rising-edge clock clk_fpga_0  {rise@0.000ns fall@5.000ns period=10.000ns})
  Path Group:             **async_default**
  Path Type:              Removal (Min at Fast Process Corner)
  Requirement:            0.000ns  (clk_fpga_0 rise@0.000ns - clk_fpga_0 rise@0.000ns)
  Data Path Delay:        1.181ns  (logic 0.209ns (17.703%)  route 0.972ns (82.297%))
  Logic Levels:           1  (LUT1=1)
  Clock Path Skew:        0.192ns (DCD - SCD - CPR)
    Destination Clock Delay (DCD):    1.191ns
    Source Clock Delay      (SCD):    0.963ns
    Clock Pessimism Removal (CPR):    0.036ns

    Location             Delay type                Incr(ns)  Path(ns)    Netlist Resource(s)
  -------------------------------------------------------------------    -------------------
                         (clock clk_fpga_0 rise edge)
                                                      0.000     0.000 r
    PS7_X0Y0             PS7                          0.000     0.000 r  system_i/processing_system7_0/inst/PS7_i/FCLKCLK[0]
                         net (fo=1, routed)           0.303     0.303    system_i/processing_system7_0/inst/FCLK_CLK_unbuffered[0]
    BUFGCTRL_X0Y16       BUFG (Prop_bufg_I_O)         0.026     0.329 r  system_i/processing_system7_0/inst/buffer_fclk_clk_0.FCLK_CLK_0_BUFG/O
                         net (fo=20688, routed)       0.634     0.963    system_i/rst_ps7_0_100M/U0/slowest_sync_clk
    SLICE_X34Y130        FDRE                                         r  system_i/rst_ps7_0_100M/U0/ACTIVE_LOW_PR_OUT_DFF[0].FDRE_PER_N/C
  -------------------------------------------------------------------    -------------------
    SLICE_X34Y130        FDRE (Prop_fdre_C_Q)         0.164     1.127 r  system_i/rst_ps7_0_100M/U0/ACTIVE_LOW_PR_OUT_DFF[0].FDRE_PER_N/Q
                         net (fo=44, routed)          0.766     1.893    system_i/ps_axi3_lite_bridge_0/inst/aresetn
    SLICE_X29Y97         LUT1 (Prop_lut1_I0_O)        0.045     1.938 f  system_i/ps_axi3_lite_bridge_0/inst/s_axi_bid[11]_i_2/O
                         net (fo=130, routed)         0.206     2.144    system_i/ps_axi3_lite_bridge_0/inst/s_axi_bid[11]_i_2_n_0
    SLICE_X31Y96         FDCE                                         f  system_i/ps_axi3_lite_bridge_0/inst/s_axi_rdata_reg[27]/CLR
  -------------------------------------------------------------------    -------------------

                         (clock clk_fpga_0 rise edge)
                                                      0.000     0.000 r
    PS7_X0Y0             PS7                          0.000     0.000 r  system_i/processing_system7_0/inst/PS7_i/FCLKCLK[0]
                         net (fo=1, routed)           0.331     0.331    system_i/processing_system7_0/inst/FCLK_CLK_unbuffered[0]
    BUFGCTRL_X0Y16       BUFG (Prop_bufg_I_O)         0.029     0.360 r  system_i/processing_system7_0/inst/buffer_fclk_clk_0.FCLK_CLK_0_BUFG/O
                         net (fo=20688, routed)       0.831     1.191    system_i/ps_axi3_lite_bridge_0/inst/aclk
    SLICE_X31Y96         FDCE                                         r  system_i/ps_axi3_lite_bridge_0/inst/s_axi_rdata_reg[27]/C
                         clock pessimism             -0.036     1.155
    SLICE_X31Y96         FDCE (Remov_fdce_C_CLR)     -0.092     1.063    system_i/ps_axi3_lite_bridge_0/inst/s_axi_rdata_reg[27]
  -------------------------------------------------------------------
                         required time                         -1.063
                         arrival time                           2.144
  -------------------------------------------------------------------
                         slack                                  1.081

Slack (MET) :             1.089ns  (arrival time - required time)
  Source:                 system_i/rst_ps7_0_100M/U0/ACTIVE_LOW_PR_OUT_DFF[0].FDRE_PER_N/C
                            (rising edge-triggered cell FDRE clocked by clk_fpga_0  {rise@0.000ns fall@5.000ns period=10.000ns})
  Destination:            system_i/ps_axi3_lite_bridge_0/inst/awid_reg_reg[10]/CLR
                            (removal check against rising-edge clock clk_fpga_0  {rise@0.000ns fall@5.000ns period=10.000ns})
  Path Group:             **async_default**
  Path Type:              Removal (Min at Fast Process Corner)
  Requirement:            0.000ns  (clk_fpga_0 rise@0.000ns - clk_fpga_0 rise@0.000ns)
  Data Path Delay:        1.214ns  (logic 0.209ns (17.220%)  route 1.005ns (82.780%))
  Logic Levels:           1  (LUT1=1)
  Clock Path Skew:        0.192ns (DCD - SCD - CPR)
    Destination Clock Delay (DCD):    1.191ns
    Source Clock Delay      (SCD):    0.963ns
    Clock Pessimism Removal (CPR):    0.036ns

    Location             Delay type                Incr(ns)  Path(ns)    Netlist Resource(s)
  -------------------------------------------------------------------    -------------------
                         (clock clk_fpga_0 rise edge)
                                                      0.000     0.000 r
    PS7_X0Y0             PS7                          0.000     0.000 r  system_i/processing_system7_0/inst/PS7_i/FCLKCLK[0]
                         net (fo=1, routed)           0.303     0.303    system_i/processing_system7_0/inst/FCLK_CLK_unbuffered[0]
    BUFGCTRL_X0Y16       BUFG (Prop_bufg_I_O)         0.026     0.329 r  system_i/processing_system7_0/inst/buffer_fclk_clk_0.FCLK_CLK_0_BUFG/O
                         net (fo=20688, routed)       0.634     0.963    system_i/rst_ps7_0_100M/U0/slowest_sync_clk
    SLICE_X34Y130        FDRE                                         r  system_i/rst_ps7_0_100M/U0/ACTIVE_LOW_PR_OUT_DFF[0].FDRE_PER_N/C
  -------------------------------------------------------------------    -------------------
    SLICE_X34Y130        FDRE (Prop_fdre_C_Q)         0.164     1.127 r  system_i/rst_ps7_0_100M/U0/ACTIVE_LOW_PR_OUT_DFF[0].FDRE_PER_N/Q
                         net (fo=44, routed)          0.766     1.893    system_i/ps_axi3_lite_bridge_0/inst/aresetn
    SLICE_X29Y97         LUT1 (Prop_lut1_I0_O)        0.045     1.938 f  system_i/ps_axi3_lite_bridge_0/inst/s_axi_bid[11]_i_2/O
                         net (fo=130, routed)         0.239     2.177    system_i/ps_axi3_lite_bridge_0/inst/s_axi_bid[11]_i_2_n_0
    SLICE_X26Y98         FDCE                                         f  system_i/ps_axi3_lite_bridge_0/inst/awid_reg_reg[10]/CLR
  -------------------------------------------------------------------    -------------------

                         (clock clk_fpga_0 rise edge)
                                                      0.000     0.000 r
    PS7_X0Y0             PS7                          0.000     0.000 r  system_i/processing_system7_0/inst/PS7_i/FCLKCLK[0]
                         net (fo=1, routed)           0.331     0.331    system_i/processing_system7_0/inst/FCLK_CLK_unbuffered[0]
    BUFGCTRL_X0Y16       BUFG (Prop_bufg_I_O)         0.029     0.360 r  system_i/processing_system7_0/inst/buffer_fclk_clk_0.FCLK_CLK_0_BUFG/O
                         net (fo=20688, routed)       0.831     1.191    system_i/ps_axi3_lite_bridge_0/inst/aclk
    SLICE_X26Y98         FDCE                                         r  system_i/ps_axi3_lite_bridge_0/inst/awid_reg_reg[10]/C
                         clock pessimism             -0.036     1.155
    SLICE_X26Y98         FDCE (Remov_fdce_C_CLR)     -0.067     1.088    system_i/ps_axi3_lite_bridge_0/inst/awid_reg_reg[10]
  -------------------------------------------------------------------
                         required time                         -1.088
                         arrival time                           2.177
  -------------------------------------------------------------------
                         slack                                  1.089

Slack (MET) :             1.089ns  (arrival time - required time)
  Source:                 system_i/rst_ps7_0_100M/U0/ACTIVE_LOW_PR_OUT_DFF[0].FDRE_PER_N/C
                            (rising edge-triggered cell FDRE clocked by clk_fpga_0  {rise@0.000ns fall@5.000ns period=10.000ns})
  Destination:            system_i/ps_axi3_lite_bridge_0/inst/awid_reg_reg[11]/CLR
                            (removal check against rising-edge clock clk_fpga_0  {rise@0.000ns fall@5.000ns period=10.000ns})
  Path Group:             **async_default**
  Path Type:              Removal (Min at Fast Process Corner)
  Requirement:            0.000ns  (clk_fpga_0 rise@0.000ns - clk_fpga_0 rise@0.000ns)
  Data Path Delay:        1.214ns  (logic 0.209ns (17.220%)  route 1.005ns (82.780%))
  Logic Levels:           1  (LUT1=1)
  Clock Path Skew:        0.192ns (DCD - SCD - CPR)
    Destination Clock Delay (DCD):    1.191ns
    Source Clock Delay      (SCD):    0.963ns
    Clock Pessimism Removal (CPR):    0.036ns

    Location             Delay type                Incr(ns)  Path(ns)    Netlist Resource(s)
  -------------------------------------------------------------------    -------------------
                         (clock clk_fpga_0 rise edge)
                                                      0.000     0.000 r
    PS7_X0Y0             PS7                          0.000     0.000 r  system_i/processing_system7_0/inst/PS7_i/FCLKCLK[0]
                         net (fo=1, routed)           0.303     0.303    system_i/processing_system7_0/inst/FCLK_CLK_unbuffered[0]
    BUFGCTRL_X0Y16       BUFG (Prop_bufg_I_O)         0.026     0.329 r  system_i/processing_system7_0/inst/buffer_fclk_clk_0.FCLK_CLK_0_BUFG/O
                         net (fo=20688, routed)       0.634     0.963    system_i/rst_ps7_0_100M/U0/slowest_sync_clk
    SLICE_X34Y130        FDRE                                         r  system_i/rst_ps7_0_100M/U0/ACTIVE_LOW_PR_OUT_DFF[0].FDRE_PER_N/C
  -------------------------------------------------------------------    -------------------
    SLICE_X34Y130        FDRE (Prop_fdre_C_Q)         0.164     1.127 r  system_i/rst_ps7_0_100M/U0/ACTIVE_LOW_PR_OUT_DFF[0].FDRE_PER_N/Q
                         net (fo=44, routed)          0.766     1.893    system_i/ps_axi3_lite_bridge_0/inst/aresetn
    SLICE_X29Y97         LUT1 (Prop_lut1_I0_O)        0.045     1.938 f  system_i/ps_axi3_lite_bridge_0/inst/s_axi_bid[11]_i_2/O
                         net (fo=130, routed)         0.239     2.177    system_i/ps_axi3_lite_bridge_0/inst/s_axi_bid[11]_i_2_n_0
    SLICE_X26Y98         FDCE                                         f  system_i/ps_axi3_lite_bridge_0/inst/awid_reg_reg[11]/CLR
  -------------------------------------------------------------------    -------------------

                         (clock clk_fpga_0 rise edge)
                                                      0.000     0.000 r
    PS7_X0Y0             PS7                          0.000     0.000 r  system_i/processing_system7_0/inst/PS7_i/FCLKCLK[0]
                         net (fo=1, routed)           0.331     0.331    system_i/processing_system7_0/inst/FCLK_CLK_unbuffered[0]
    BUFGCTRL_X0Y16       BUFG (Prop_bufg_I_O)         0.029     0.360 r  system_i/processing_system7_0/inst/buffer_fclk_clk_0.FCLK_CLK_0_BUFG/O
                         net (fo=20688, routed)       0.831     1.191    system_i/ps_axi3_lite_bridge_0/inst/aclk
    SLICE_X26Y98         FDCE                                         r  system_i/ps_axi3_lite_bridge_0/inst/awid_reg_reg[11]/C
                         clock pessimism             -0.036     1.155
    SLICE_X26Y98         FDCE (Remov_fdce_C_CLR)     -0.067     1.088    system_i/ps_axi3_lite_bridge_0/inst/awid_reg_reg[11]
  -------------------------------------------------------------------
                         required time                         -1.088
                         arrival time                           2.177
  -------------------------------------------------------------------
                         slack                                  1.089

Slack (MET) :             1.089ns  (arrival time - required time)
  Source:                 system_i/rst_ps7_0_100M/U0/ACTIVE_LOW_PR_OUT_DFF[0].FDRE_PER_N/C
                            (rising edge-triggered cell FDRE clocked by clk_fpga_0  {rise@0.000ns fall@5.000ns period=10.000ns})
  Destination:            system_i/ps_axi3_lite_bridge_0/inst/awid_reg_reg[3]/CLR
                            (removal check against rising-edge clock clk_fpga_0  {rise@0.000ns fall@5.000ns period=10.000ns})
  Path Group:             **async_default**
  Path Type:              Removal (Min at Fast Process Corner)
  Requirement:            0.000ns  (clk_fpga_0 rise@0.000ns - clk_fpga_0 rise@0.000ns)
  Data Path Delay:        1.214ns  (logic 0.209ns (17.220%)  route 1.005ns (82.780%))
  Logic Levels:           1  (LUT1=1)
  Clock Path Skew:        0.192ns (DCD - SCD - CPR)
    Destination Clock Delay (DCD):    1.191ns
    Source Clock Delay      (SCD):    0.963ns
    Clock Pessimism Removal (CPR):    0.036ns

    Location             Delay type                Incr(ns)  Path(ns)    Netlist Resource(s)
  -------------------------------------------------------------------    -------------------
                         (clock clk_fpga_0 rise edge)
                                                      0.000     0.000 r
    PS7_X0Y0             PS7                          0.000     0.000 r  system_i/processing_system7_0/inst/PS7_i/FCLKCLK[0]
                         net (fo=1, routed)           0.303     0.303    system_i/processing_system7_0/inst/FCLK_CLK_unbuffered[0]
    BUFGCTRL_X0Y16       BUFG (Prop_bufg_I_O)         0.026     0.329 r  system_i/processing_system7_0/inst/buffer_fclk_clk_0.FCLK_CLK_0_BUFG/O
                         net (fo=20688, routed)       0.634     0.963    system_i/rst_ps7_0_100M/U0/slowest_sync_clk
    SLICE_X34Y130        FDRE                                         r  system_i/rst_ps7_0_100M/U0/ACTIVE_LOW_PR_OUT_DFF[0].FDRE_PER_N/C
  -------------------------------------------------------------------    -------------------
    SLICE_X34Y130        FDRE (Prop_fdre_C_Q)         0.164     1.127 r  system_i/rst_ps7_0_100M/U0/ACTIVE_LOW_PR_OUT_DFF[0].FDRE_PER_N/Q
                         net (fo=44, routed)          0.766     1.893    system_i/ps_axi3_lite_bridge_0/inst/aresetn
    SLICE_X29Y97         LUT1 (Prop_lut1_I0_O)        0.045     1.938 f  system_i/ps_axi3_lite_bridge_0/inst/s_axi_bid[11]_i_2/O
                         net (fo=130, routed)         0.239     2.177    system_i/ps_axi3_lite_bridge_0/inst/s_axi_bid[11]_i_2_n_0
    SLICE_X26Y98         FDCE                                         f  system_i/ps_axi3_lite_bridge_0/inst/awid_reg_reg[3]/CLR
  -------------------------------------------------------------------    -------------------

                         (clock clk_fpga_0 rise edge)
                                                      0.000     0.000 r
    PS7_X0Y0             PS7                          0.000     0.000 r  system_i/processing_system7_0/inst/PS7_i/FCLKCLK[0]
                         net (fo=1, routed)           0.331     0.331    system_i/processing_system7_0/inst/FCLK_CLK_unbuffered[0]
    BUFGCTRL_X0Y16       BUFG (Prop_bufg_I_O)         0.029     0.360 r  system_i/processing_system7_0/inst/buffer_fclk_clk_0.FCLK_CLK_0_BUFG/O
                         net (fo=20688, routed)       0.831     1.191    system_i/ps_axi3_lite_bridge_0/inst/aclk
    SLICE_X26Y98         FDCE                                         r  system_i/ps_axi3_lite_bridge_0/inst/awid_reg_reg[3]/C
                         clock pessimism             -0.036     1.155
    SLICE_X26Y98         FDCE (Remov_fdce_C_CLR)     -0.067     1.088    system_i/ps_axi3_lite_bridge_0/inst/awid_reg_reg[3]
  -------------------------------------------------------------------
                         required time                         -1.088
                         arrival time                           2.177
  -------------------------------------------------------------------
                         slack                                  1.089

Slack (MET) :             1.089ns  (arrival time - required time)
  Source:                 system_i/rst_ps7_0_100M/U0/ACTIVE_LOW_PR_OUT_DFF[0].FDRE_PER_N/C
                            (rising edge-triggered cell FDRE clocked by clk_fpga_0  {rise@0.000ns fall@5.000ns period=10.000ns})
  Destination:            system_i/ps_axi3_lite_bridge_0/inst/awid_reg_reg[7]/CLR
                            (removal check against rising-edge clock clk_fpga_0  {rise@0.000ns fall@5.000ns period=10.000ns})
  Path Group:             **async_default**
  Path Type:              Removal (Min at Fast Process Corner)
  Requirement:            0.000ns  (clk_fpga_0 rise@0.000ns - clk_fpga_0 rise@0.000ns)
  Data Path Delay:        1.214ns  (logic 0.209ns (17.220%)  route 1.005ns (82.780%))
  Logic Levels:           1  (LUT1=1)
  Clock Path Skew:        0.192ns (DCD - SCD - CPR)
    Destination Clock Delay (DCD):    1.191ns
    Source Clock Delay      (SCD):    0.963ns
    Clock Pessimism Removal (CPR):    0.036ns

    Location             Delay type                Incr(ns)  Path(ns)    Netlist Resource(s)
  -------------------------------------------------------------------    -------------------
                         (clock clk_fpga_0 rise edge)
                                                      0.000     0.000 r
    PS7_X0Y0             PS7                          0.000     0.000 r  system_i/processing_system7_0/inst/PS7_i/FCLKCLK[0]
                         net (fo=1, routed)           0.303     0.303    system_i/processing_system7_0/inst/FCLK_CLK_unbuffered[0]
    BUFGCTRL_X0Y16       BUFG (Prop_bufg_I_O)         0.026     0.329 r  system_i/processing_system7_0/inst/buffer_fclk_clk_0.FCLK_CLK_0_BUFG/O
                         net (fo=20688, routed)       0.634     0.963    system_i/rst_ps7_0_100M/U0/slowest_sync_clk
    SLICE_X34Y130        FDRE                                         r  system_i/rst_ps7_0_100M/U0/ACTIVE_LOW_PR_OUT_DFF[0].FDRE_PER_N/C
  -------------------------------------------------------------------    -------------------
    SLICE_X34Y130        FDRE (Prop_fdre_C_Q)         0.164     1.127 r  system_i/rst_ps7_0_100M/U0/ACTIVE_LOW_PR_OUT_DFF[0].FDRE_PER_N/Q
                         net (fo=44, routed)          0.766     1.893    system_i/ps_axi3_lite_bridge_0/inst/aresetn
    SLICE_X29Y97         LUT1 (Prop_lut1_I0_O)        0.045     1.938 f  system_i/ps_axi3_lite_bridge_0/inst/s_axi_bid[11]_i_2/O
                         net (fo=130, routed)         0.239     2.177    system_i/ps_axi3_lite_bridge_0/inst/s_axi_bid[11]_i_2_n_0
    SLICE_X26Y98         FDCE                                         f  system_i/ps_axi3_lite_bridge_0/inst/awid_reg_reg[7]/CLR
  -------------------------------------------------------------------    -------------------

                         (clock clk_fpga_0 rise edge)
                                                      0.000     0.000 r
    PS7_X0Y0             PS7                          0.000     0.000 r  system_i/processing_system7_0/inst/PS7_i/FCLKCLK[0]
                         net (fo=1, routed)           0.331     0.331    system_i/processing_system7_0/inst/FCLK_CLK_unbuffered[0]
    BUFGCTRL_X0Y16       BUFG (Prop_bufg_I_O)         0.029     0.360 r  system_i/processing_system7_0/inst/buffer_fclk_clk_0.FCLK_CLK_0_BUFG/O
                         net (fo=20688, routed)       0.831     1.191    system_i/ps_axi3_lite_bridge_0/inst/aclk
    SLICE_X26Y98         FDCE                                         r  system_i/ps_axi3_lite_bridge_0/inst/awid_reg_reg[7]/C
                         clock pessimism             -0.036     1.155
    SLICE_X26Y98         FDCE (Remov_fdce_C_CLR)     -0.067     1.088    system_i/ps_axi3_lite_bridge_0/inst/awid_reg_reg[7]
  -------------------------------------------------------------------
                         required time                         -1.088
                         arrival time                           2.177
  -------------------------------------------------------------------
                         slack                                  1.089

Slack (MET) :             1.089ns  (arrival time - required time)
  Source:                 system_i/rst_ps7_0_100M/U0/ACTIVE_LOW_PR_OUT_DFF[0].FDRE_PER_N/C
                            (rising edge-triggered cell FDRE clocked by clk_fpga_0  {rise@0.000ns fall@5.000ns period=10.000ns})
  Destination:            system_i/ps_axi3_lite_bridge_0/inst/awid_reg_reg[8]/CLR
                            (removal check against rising-edge clock clk_fpga_0  {rise@0.000ns fall@5.000ns period=10.000ns})
  Path Group:             **async_default**
  Path Type:              Removal (Min at Fast Process Corner)
  Requirement:            0.000ns  (clk_fpga_0 rise@0.000ns - clk_fpga_0 rise@0.000ns)
  Data Path Delay:        1.214ns  (logic 0.209ns (17.220%)  route 1.005ns (82.780%))
  Logic Levels:           1  (LUT1=1)
  Clock Path Skew:        0.192ns (DCD - SCD - CPR)
    Destination Clock Delay (DCD):    1.191ns
    Source Clock Delay      (SCD):    0.963ns
    Clock Pessimism Removal (CPR):    0.036ns

    Location             Delay type                Incr(ns)  Path(ns)    Netlist Resource(s)
  -------------------------------------------------------------------    -------------------
                         (clock clk_fpga_0 rise edge)
                                                      0.000     0.000 r
    PS7_X0Y0             PS7                          0.000     0.000 r  system_i/processing_system7_0/inst/PS7_i/FCLKCLK[0]
                         net (fo=1, routed)           0.303     0.303    system_i/processing_system7_0/inst/FCLK_CLK_unbuffered[0]
    BUFGCTRL_X0Y16       BUFG (Prop_bufg_I_O)         0.026     0.329 r  system_i/processing_system7_0/inst/buffer_fclk_clk_0.FCLK_CLK_0_BUFG/O
                         net (fo=20688, routed)       0.634     0.963    system_i/rst_ps7_0_100M/U0/slowest_sync_clk
    SLICE_X34Y130        FDRE                                         r  system_i/rst_ps7_0_100M/U0/ACTIVE_LOW_PR_OUT_DFF[0].FDRE_PER_N/C
  -------------------------------------------------------------------    -------------------
    SLICE_X34Y130        FDRE (Prop_fdre_C_Q)         0.164     1.127 r  system_i/rst_ps7_0_100M/U0/ACTIVE_LOW_PR_OUT_DFF[0].FDRE_PER_N/Q
                         net (fo=44, routed)          0.766     1.893    system_i/ps_axi3_lite_bridge_0/inst/aresetn
    SLICE_X29Y97         LUT1 (Prop_lut1_I0_O)        0.045     1.938 f  system_i/ps_axi3_lite_bridge_0/inst/s_axi_bid[11]_i_2/O
                         net (fo=130, routed)         0.239     2.177    system_i/ps_axi3_lite_bridge_0/inst/s_axi_bid[11]_i_2_n_0
    SLICE_X26Y98         FDCE                                         f  system_i/ps_axi3_lite_bridge_0/inst/awid_reg_reg[8]/CLR
  -------------------------------------------------------------------    -------------------

                         (clock clk_fpga_0 rise edge)
                                                      0.000     0.000 r
    PS7_X0Y0             PS7                          0.000     0.000 r  system_i/processing_system7_0/inst/PS7_i/FCLKCLK[0]
                         net (fo=1, routed)           0.331     0.331    system_i/processing_system7_0/inst/FCLK_CLK_unbuffered[0]
    BUFGCTRL_X0Y16       BUFG (Prop_bufg_I_O)         0.029     0.360 r  system_i/processing_system7_0/inst/buffer_fclk_clk_0.FCLK_CLK_0_BUFG/O
                         net (fo=20688, routed)       0.831     1.191    system_i/ps_axi3_lite_bridge_0/inst/aclk
    SLICE_X26Y98         FDCE                                         r  system_i/ps_axi3_lite_bridge_0/inst/awid_reg_reg[8]/C
                         clock pessimism             -0.036     1.155
    SLICE_X26Y98         FDCE (Remov_fdce_C_CLR)     -0.067     1.088    system_i/ps_axi3_lite_bridge_0/inst/awid_reg_reg[8]
  -------------------------------------------------------------------
                         required time                         -1.088
                         arrival time                           2.177
  -------------------------------------------------------------------
                         slack                                  1.089

Slack (MET) :             1.089ns  (arrival time - required time)
  Source:                 system_i/rst_ps7_0_100M/U0/ACTIVE_LOW_PR_OUT_DFF[0].FDRE_PER_N/C
                            (rising edge-triggered cell FDRE clocked by clk_fpga_0  {rise@0.000ns fall@5.000ns period=10.000ns})
  Destination:            system_i/ps_axi3_lite_bridge_0/inst/awid_reg_reg[9]/CLR
                            (removal check against rising-edge clock clk_fpga_0  {rise@0.000ns fall@5.000ns period=10.000ns})
  Path Group:             **async_default**
  Path Type:              Removal (Min at Fast Process Corner)
  Requirement:            0.000ns  (clk_fpga_0 rise@0.000ns - clk_fpga_0 rise@0.000ns)
  Data Path Delay:        1.214ns  (logic 0.209ns (17.220%)  route 1.005ns (82.780%))
  Logic Levels:           1  (LUT1=1)
  Clock Path Skew:        0.192ns (DCD - SCD - CPR)
    Destination Clock Delay (DCD):    1.191ns
    Source Clock Delay      (SCD):    0.963ns
    Clock Pessimism Removal (CPR):    0.036ns

    Location             Delay type                Incr(ns)  Path(ns)    Netlist Resource(s)
  -------------------------------------------------------------------    -------------------
                         (clock clk_fpga_0 rise edge)
                                                      0.000     0.000 r
    PS7_X0Y0             PS7                          0.000     0.000 r  system_i/processing_system7_0/inst/PS7_i/FCLKCLK[0]
                         net (fo=1, routed)           0.303     0.303    system_i/processing_system7_0/inst/FCLK_CLK_unbuffered[0]
    BUFGCTRL_X0Y16       BUFG (Prop_bufg_I_O)         0.026     0.329 r  system_i/processing_system7_0/inst/buffer_fclk_clk_0.FCLK_CLK_0_BUFG/O
                         net (fo=20688, routed)       0.634     0.963    system_i/rst_ps7_0_100M/U0/slowest_sync_clk
    SLICE_X34Y130        FDRE                                         r  system_i/rst_ps7_0_100M/U0/ACTIVE_LOW_PR_OUT_DFF[0].FDRE_PER_N/C
  -------------------------------------------------------------------    -------------------
    SLICE_X34Y130        FDRE (Prop_fdre_C_Q)         0.164     1.127 r  system_i/rst_ps7_0_100M/U0/ACTIVE_LOW_PR_OUT_DFF[0].FDRE_PER_N/Q
                         net (fo=44, routed)          0.766     1.893    system_i/ps_axi3_lite_bridge_0/inst/aresetn
    SLICE_X29Y97         LUT1 (Prop_lut1_I0_O)        0.045     1.938 f  system_i/ps_axi3_lite_bridge_0/inst/s_axi_bid[11]_i_2/O
                         net (fo=130, routed)         0.239     2.177    system_i/ps_axi3_lite_bridge_0/inst/s_axi_bid[11]_i_2_n_0
    SLICE_X26Y98         FDCE                                         f  system_i/ps_axi3_lite_bridge_0/inst/awid_reg_reg[9]/CLR
  -------------------------------------------------------------------    -------------------

                         (clock clk_fpga_0 rise edge)
                                                      0.000     0.000 r
    PS7_X0Y0             PS7                          0.000     0.000 r  system_i/processing_system7_0/inst/PS7_i/FCLKCLK[0]
                         net (fo=1, routed)           0.331     0.331    system_i/processing_system7_0/inst/FCLK_CLK_unbuffered[0]
    BUFGCTRL_X0Y16       BUFG (Prop_bufg_I_O)         0.029     0.360 r  system_i/processing_system7_0/inst/buffer_fclk_clk_0.FCLK_CLK_0_BUFG/O
                         net (fo=20688, routed)       0.831     1.191    system_i/ps_axi3_lite_bridge_0/inst/aclk
    SLICE_X26Y98         FDCE                                         r  system_i/ps_axi3_lite_bridge_0/inst/awid_reg_reg[9]/C
                         clock pessimism             -0.036     1.155
    SLICE_X26Y98         FDCE (Remov_fdce_C_CLR)     -0.067     1.088    system_i/ps_axi3_lite_bridge_0/inst/awid_reg_reg[9]
  -------------------------------------------------------------------
                         required time                         -1.088
                         arrival time                           2.177
  -------------------------------------------------------------------
                         slack                                  1.089

Slack (MET) :             1.089ns  (arrival time - required time)
  Source:                 system_i/rst_ps7_0_100M/U0/ACTIVE_LOW_PR_OUT_DFF[0].FDRE_PER_N/C
                            (rising edge-triggered cell FDRE clocked by clk_fpga_0  {rise@0.000ns fall@5.000ns period=10.000ns})
  Destination:            system_i/ps_axi3_lite_bridge_0/inst/wdata_reg_reg[11]/CLR
                            (removal check against rising-edge clock clk_fpga_0  {rise@0.000ns fall@5.000ns period=10.000ns})
  Path Group:             **async_default**
  Path Type:              Removal (Min at Fast Process Corner)
  Requirement:            0.000ns  (clk_fpga_0 rise@0.000ns - clk_fpga_0 rise@0.000ns)
  Data Path Delay:        1.189ns  (logic 0.209ns (17.576%)  route 0.980ns (82.424%))
  Logic Levels:           1  (LUT1=1)
  Clock Path Skew:        0.192ns (DCD - SCD - CPR)
    Destination Clock Delay (DCD):    1.191ns
    Source Clock Delay      (SCD):    0.963ns
    Clock Pessimism Removal (CPR):    0.036ns

    Location             Delay type                Incr(ns)  Path(ns)    Netlist Resource(s)
  -------------------------------------------------------------------    -------------------
                         (clock clk_fpga_0 rise edge)
                                                      0.000     0.000 r
    PS7_X0Y0             PS7                          0.000     0.000 r  system_i/processing_system7_0/inst/PS7_i/FCLKCLK[0]
                         net (fo=1, routed)           0.303     0.303    system_i/processing_system7_0/inst/FCLK_CLK_unbuffered[0]
    BUFGCTRL_X0Y16       BUFG (Prop_bufg_I_O)         0.026     0.329 r  system_i/processing_system7_0/inst/buffer_fclk_clk_0.FCLK_CLK_0_BUFG/O
                         net (fo=20688, routed)       0.634     0.963    system_i/rst_ps7_0_100M/U0/slowest_sync_clk
    SLICE_X34Y130        FDRE                                         r  system_i/rst_ps7_0_100M/U0/ACTIVE_LOW_PR_OUT_DFF[0].FDRE_PER_N/C
  -------------------------------------------------------------------    -------------------
    SLICE_X34Y130        FDRE (Prop_fdre_C_Q)         0.164     1.127 r  system_i/rst_ps7_0_100M/U0/ACTIVE_LOW_PR_OUT_DFF[0].FDRE_PER_N/Q
                         net (fo=44, routed)          0.766     1.893    system_i/ps_axi3_lite_bridge_0/inst/aresetn
    SLICE_X29Y97         LUT1 (Prop_lut1_I0_O)        0.045     1.938 f  system_i/ps_axi3_lite_bridge_0/inst/s_axi_bid[11]_i_2/O
                         net (fo=130, routed)         0.214     2.152    system_i/ps_axi3_lite_bridge_0/inst/s_axi_bid[11]_i_2_n_0
    SLICE_X29Y95         FDCE                                         f  system_i/ps_axi3_lite_bridge_0/inst/wdata_reg_reg[11]/CLR
  -------------------------------------------------------------------    -------------------

                         (clock clk_fpga_0 rise edge)
                                                      0.000     0.000 r
    PS7_X0Y0             PS7                          0.000     0.000 r  system_i/processing_system7_0/inst/PS7_i/FCLKCLK[0]
                         net (fo=1, routed)           0.331     0.331    system_i/processing_system7_0/inst/FCLK_CLK_unbuffered[0]
    BUFGCTRL_X0Y16       BUFG (Prop_bufg_I_O)         0.029     0.360 r  system_i/processing_system7_0/inst/buffer_fclk_clk_0.FCLK_CLK_0_BUFG/O
                         net (fo=20688, routed)       0.831     1.191    system_i/ps_axi3_lite_bridge_0/inst/aclk
    SLICE_X29Y95         FDCE                                         r  system_i/ps_axi3_lite_bridge_0/inst/wdata_reg_reg[11]/C
                         clock pessimism             -0.036     1.155
    SLICE_X29Y95         FDCE (Remov_fdce_C_CLR)     -0.092     1.063    system_i/ps_axi3_lite_bridge_0/inst/wdata_reg_reg[11]
  -------------------------------------------------------------------
                         required time                         -1.063
                         arrival time                           2.152
  -------------------------------------------------------------------
                         slack                                  1.089

Slack (MET) :             1.089ns  (arrival time - required time)
  Source:                 system_i/rst_ps7_0_100M/U0/ACTIVE_LOW_PR_OUT_DFF[0].FDRE_PER_N/C
                            (rising edge-triggered cell FDRE clocked by clk_fpga_0  {rise@0.000ns fall@5.000ns period=10.000ns})
  Destination:            system_i/ps_axi3_lite_bridge_0/inst/wdata_reg_reg[27]/CLR
                            (removal check against rising-edge clock clk_fpga_0  {rise@0.000ns fall@5.000ns period=10.000ns})
  Path Group:             **async_default**
  Path Type:              Removal (Min at Fast Process Corner)
  Requirement:            0.000ns  (clk_fpga_0 rise@0.000ns - clk_fpga_0 rise@0.000ns)
  Data Path Delay:        1.189ns  (logic 0.209ns (17.576%)  route 0.980ns (82.424%))
  Logic Levels:           1  (LUT1=1)
  Clock Path Skew:        0.192ns (DCD - SCD - CPR)
    Destination Clock Delay (DCD):    1.191ns
    Source Clock Delay      (SCD):    0.963ns
    Clock Pessimism Removal (CPR):    0.036ns

    Location             Delay type                Incr(ns)  Path(ns)    Netlist Resource(s)
  -------------------------------------------------------------------    -------------------
                         (clock clk_fpga_0 rise edge)
                                                      0.000     0.000 r
    PS7_X0Y0             PS7                          0.000     0.000 r  system_i/processing_system7_0/inst/PS7_i/FCLKCLK[0]
                         net (fo=1, routed)           0.303     0.303    system_i/processing_system7_0/inst/FCLK_CLK_unbuffered[0]
    BUFGCTRL_X0Y16       BUFG (Prop_bufg_I_O)         0.026     0.329 r  system_i/processing_system7_0/inst/buffer_fclk_clk_0.FCLK_CLK_0_BUFG/O
                         net (fo=20688, routed)       0.634     0.963    system_i/rst_ps7_0_100M/U0/slowest_sync_clk
    SLICE_X34Y130        FDRE                                         r  system_i/rst_ps7_0_100M/U0/ACTIVE_LOW_PR_OUT_DFF[0].FDRE_PER_N/C
  -------------------------------------------------------------------    -------------------
    SLICE_X34Y130        FDRE (Prop_fdre_C_Q)         0.164     1.127 r  system_i/rst_ps7_0_100M/U0/ACTIVE_LOW_PR_OUT_DFF[0].FDRE_PER_N/Q
                         net (fo=44, routed)          0.766     1.893    system_i/ps_axi3_lite_bridge_0/inst/aresetn
    SLICE_X29Y97         LUT1 (Prop_lut1_I0_O)        0.045     1.938 f  system_i/ps_axi3_lite_bridge_0/inst/s_axi_bid[11]_i_2/O
                         net (fo=130, routed)         0.214     2.152    system_i/ps_axi3_lite_bridge_0/inst/s_axi_bid[11]_i_2_n_0
    SLICE_X29Y95         FDCE                                         f  system_i/ps_axi3_lite_bridge_0/inst/wdata_reg_reg[27]/CLR
  -------------------------------------------------------------------    -------------------

                         (clock clk_fpga_0 rise edge)
                                                      0.000     0.000 r
    PS7_X0Y0             PS7                          0.000     0.000 r  system_i/processing_system7_0/inst/PS7_i/FCLKCLK[0]
                         net (fo=1, routed)           0.331     0.331    system_i/processing_system7_0/inst/FCLK_CLK_unbuffered[0]
    BUFGCTRL_X0Y16       BUFG (Prop_bufg_I_O)         0.029     0.360 r  system_i/processing_system7_0/inst/buffer_fclk_clk_0.FCLK_CLK_0_BUFG/O
                         net (fo=20688, routed)       0.831     1.191    system_i/ps_axi3_lite_bridge_0/inst/aclk
    SLICE_X29Y95         FDCE                                         r  system_i/ps_axi3_lite_bridge_0/inst/wdata_reg_reg[27]/C
                         clock pessimism             -0.036     1.155
    SLICE_X29Y95         FDCE (Remov_fdce_C_CLR)     -0.092     1.063    system_i/ps_axi3_lite_bridge_0/inst/wdata_reg_reg[27]
  -------------------------------------------------------------------
                         required time                         -1.063
                         arrival time                           2.152
  -------------------------------------------------------------------
                         slack                                  1.089

Slack (MET) :             1.089ns  (arrival time - required time)
  Source:                 system_i/rst_ps7_0_100M/U0/ACTIVE_LOW_PR_OUT_DFF[0].FDRE_PER_N/C
                            (rising edge-triggered cell FDRE clocked by clk_fpga_0  {rise@0.000ns fall@5.000ns period=10.000ns})
  Destination:            system_i/ps_axi3_lite_bridge_0/inst/wdata_reg_reg[8]/CLR
                            (removal check against rising-edge clock clk_fpga_0  {rise@0.000ns fall@5.000ns period=10.000ns})
  Path Group:             **async_default**
  Path Type:              Removal (Min at Fast Process Corner)
  Requirement:            0.000ns  (clk_fpga_0 rise@0.000ns - clk_fpga_0 rise@0.000ns)
  Data Path Delay:        1.189ns  (logic 0.209ns (17.576%)  route 0.980ns (82.424%))
  Logic Levels:           1  (LUT1=1)
  Clock Path Skew:        0.192ns (DCD - SCD - CPR)
    Destination Clock Delay (DCD):    1.191ns
    Source Clock Delay      (SCD):    0.963ns
    Clock Pessimism Removal (CPR):    0.036ns

    Location             Delay type                Incr(ns)  Path(ns)    Netlist Resource(s)
  -------------------------------------------------------------------    -------------------
                         (clock clk_fpga_0 rise edge)
                                                      0.000     0.000 r
    PS7_X0Y0             PS7                          0.000     0.000 r  system_i/processing_system7_0/inst/PS7_i/FCLKCLK[0]
                         net (fo=1, routed)           0.303     0.303    system_i/processing_system7_0/inst/FCLK_CLK_unbuffered[0]
    BUFGCTRL_X0Y16       BUFG (Prop_bufg_I_O)         0.026     0.329 r  system_i/processing_system7_0/inst/buffer_fclk_clk_0.FCLK_CLK_0_BUFG/O
                         net (fo=20688, routed)       0.634     0.963    system_i/rst_ps7_0_100M/U0/slowest_sync_clk
    SLICE_X34Y130        FDRE                                         r  system_i/rst_ps7_0_100M/U0/ACTIVE_LOW_PR_OUT_DFF[0].FDRE_PER_N/C
  -------------------------------------------------------------------    -------------------
    SLICE_X34Y130        FDRE (Prop_fdre_C_Q)         0.164     1.127 r  system_i/rst_ps7_0_100M/U0/ACTIVE_LOW_PR_OUT_DFF[0].FDRE_PER_N/Q
                         net (fo=44, routed)          0.766     1.893    system_i/ps_axi3_lite_bridge_0/inst/aresetn
    SLICE_X29Y97         LUT1 (Prop_lut1_I0_O)        0.045     1.938 f  system_i/ps_axi3_lite_bridge_0/inst/s_axi_bid[11]_i_2/O
                         net (fo=130, routed)         0.214     2.152    system_i/ps_axi3_lite_bridge_0/inst/s_axi_bid[11]_i_2_n_0
    SLICE_X29Y95         FDCE                                         f  system_i/ps_axi3_lite_bridge_0/inst/wdata_reg_reg[8]/CLR
  -------------------------------------------------------------------    -------------------

                         (clock clk_fpga_0 rise edge)
                                                      0.000     0.000 r
    PS7_X0Y0             PS7                          0.000     0.000 r  system_i/processing_system7_0/inst/PS7_i/FCLKCLK[0]
                         net (fo=1, routed)           0.331     0.331    system_i/processing_system7_0/inst/FCLK_CLK_unbuffered[0]
    BUFGCTRL_X0Y16       BUFG (Prop_bufg_I_O)         0.029     0.360 r  system_i/processing_system7_0/inst/buffer_fclk_clk_0.FCLK_CLK_0_BUFG/O
                         net (fo=20688, routed)       0.831     1.191    system_i/ps_axi3_lite_bridge_0/inst/aclk
    SLICE_X29Y95         FDCE                                         r  system_i/ps_axi3_lite_bridge_0/inst/wdata_reg_reg[8]/C
                         clock pessimism             -0.036     1.155
    SLICE_X29Y95         FDCE (Remov_fdce_C_CLR)     -0.092     1.063    system_i/ps_axi3_lite_bridge_0/inst/wdata_reg_reg[8]
  -------------------------------------------------------------------
                         required time                         -1.063
                         arrival time                           2.152
  -------------------------------------------------------------------
                         slack                                  1.089

Slack (MET) :             1.090ns  (arrival time - required time)
  Source:                 system_i/rst_ps7_0_100M/U0/ACTIVE_LOW_PR_OUT_DFF[0].FDRE_PER_N/C
                            (rising edge-triggered cell FDRE clocked by clk_fpga_0  {rise@0.000ns fall@5.000ns period=10.000ns})
  Destination:            system_i/ps_axi3_lite_bridge_0/inst/awaddr_reg_reg[16]/CLR
                            (removal check against rising-edge clock clk_fpga_0  {rise@0.000ns fall@5.000ns period=10.000ns})
  Path Group:             **async_default**
  Path Type:              Removal (Min at Fast Process Corner)
  Requirement:            0.000ns  (clk_fpga_0 rise@0.000ns - clk_fpga_0 rise@0.000ns)
  Data Path Delay:        1.189ns  (logic 0.209ns (17.573%)  route 0.980ns (82.427%))
  Logic Levels:           1  (LUT1=1)
  Clock Path Skew:        0.191ns (DCD - SCD - CPR)
    Destination Clock Delay (DCD):    1.190ns
    Source Clock Delay      (SCD):    0.963ns
    Clock Pessimism Removal (CPR):    0.036ns

    Location             Delay type                Incr(ns)  Path(ns)    Netlist Resource(s)
  -------------------------------------------------------------------    -------------------
                         (clock clk_fpga_0 rise edge)
                                                      0.000     0.000 r
    PS7_X0Y0             PS7                          0.000     0.000 r  system_i/processing_system7_0/inst/PS7_i/FCLKCLK[0]
                         net (fo=1, routed)           0.303     0.303    system_i/processing_system7_0/inst/FCLK_CLK_unbuffered[0]
    BUFGCTRL_X0Y16       BUFG (Prop_bufg_I_O)         0.026     0.329 r  system_i/processing_system7_0/inst/buffer_fclk_clk_0.FCLK_CLK_0_BUFG/O
                         net (fo=20688, routed)       0.634     0.963    system_i/rst_ps7_0_100M/U0/slowest_sync_clk
    SLICE_X34Y130        FDRE                                         r  system_i/rst_ps7_0_100M/U0/ACTIVE_LOW_PR_OUT_DFF[0].FDRE_PER_N/C
  -------------------------------------------------------------------    -------------------
    SLICE_X34Y130        FDRE (Prop_fdre_C_Q)         0.164     1.127 r  system_i/rst_ps7_0_100M/U0/ACTIVE_LOW_PR_OUT_DFF[0].FDRE_PER_N/Q
                         net (fo=44, routed)          0.766     1.893    system_i/ps_axi3_lite_bridge_0/inst/aresetn
    SLICE_X29Y97         LUT1 (Prop_lut1_I0_O)        0.045     1.938 f  system_i/ps_axi3_lite_bridge_0/inst/s_axi_bid[11]_i_2/O
                         net (fo=130, routed)         0.215     2.152    system_i/ps_axi3_lite_bridge_0/inst/s_axi_bid[11]_i_2_n_0
    SLICE_X27Y96         FDCE                                         f  system_i/ps_axi3_lite_bridge_0/inst/awaddr_reg_reg[16]/CLR
  -------------------------------------------------------------------    -------------------

                         (clock clk_fpga_0 rise edge)
                                                      0.000     0.000 r
    PS7_X0Y0             PS7                          0.000     0.000 r  system_i/processing_system7_0/inst/PS7_i/FCLKCLK[0]
                         net (fo=1, routed)           0.331     0.331    system_i/processing_system7_0/inst/FCLK_CLK_unbuffered[0]
    BUFGCTRL_X0Y16       BUFG (Prop_bufg_I_O)         0.029     0.360 r  system_i/processing_system7_0/inst/buffer_fclk_clk_0.FCLK_CLK_0_BUFG/O
                         net (fo=20688, routed)       0.830     1.190    system_i/ps_axi3_lite_bridge_0/inst/aclk
    SLICE_X27Y96         FDCE                                         r  system_i/ps_axi3_lite_bridge_0/inst/awaddr_reg_reg[16]/C
                         clock pessimism             -0.036     1.154
    SLICE_X27Y96         FDCE (Remov_fdce_C_CLR)     -0.092     1.062    system_i/ps_axi3_lite_bridge_0/inst/awaddr_reg_reg[16]
  -------------------------------------------------------------------
                         required time                         -1.062
                         arrival time                           2.152
  -------------------------------------------------------------------
                         slack                                  1.090

Slack (MET) :             1.090ns  (arrival time - required time)
  Source:                 system_i/rst_ps7_0_100M/U0/ACTIVE_LOW_PR_OUT_DFF[0].FDRE_PER_N/C
                            (rising edge-triggered cell FDRE clocked by clk_fpga_0  {rise@0.000ns fall@5.000ns period=10.000ns})
  Destination:            system_i/ps_axi3_lite_bridge_0/inst/awaddr_reg_reg[17]/CLR
                            (removal check against rising-edge clock clk_fpga_0  {rise@0.000ns fall@5.000ns period=10.000ns})
  Path Group:             **async_default**
  Path Type:              Removal (Min at Fast Process Corner)
  Requirement:            0.000ns  (clk_fpga_0 rise@0.000ns - clk_fpga_0 rise@0.000ns)
  Data Path Delay:        1.189ns  (logic 0.209ns (17.573%)  route 0.980ns (82.427%))
  Logic Levels:           1  (LUT1=1)
  Clock Path Skew:        0.191ns (DCD - SCD - CPR)
    Destination Clock Delay (DCD):    1.190ns
    Source Clock Delay      (SCD):    0.963ns
    Clock Pessimism Removal (CPR):    0.036ns

    Location             Delay type                Incr(ns)  Path(ns)    Netlist Resource(s)
  -------------------------------------------------------------------    -------------------
                         (clock clk_fpga_0 rise edge)
                                                      0.000     0.000 r
    PS7_X0Y0             PS7                          0.000     0.000 r  system_i/processing_system7_0/inst/PS7_i/FCLKCLK[0]
                         net (fo=1, routed)           0.303     0.303    system_i/processing_system7_0/inst/FCLK_CLK_unbuffered[0]
    BUFGCTRL_X0Y16       BUFG (Prop_bufg_I_O)         0.026     0.329 r  system_i/processing_system7_0/inst/buffer_fclk_clk_0.FCLK_CLK_0_BUFG/O
                         net (fo=20688, routed)       0.634     0.963    system_i/rst_ps7_0_100M/U0/slowest_sync_clk
    SLICE_X34Y130        FDRE                                         r  system_i/rst_ps7_0_100M/U0/ACTIVE_LOW_PR_OUT_DFF[0].FDRE_PER_N/C
  -------------------------------------------------------------------    -------------------
    SLICE_X34Y130        FDRE (Prop_fdre_C_Q)         0.164     1.127 r  system_i/rst_ps7_0_100M/U0/ACTIVE_LOW_PR_OUT_DFF[0].FDRE_PER_N/Q
                         net (fo=44, routed)          0.766     1.893    system_i/ps_axi3_lite_bridge_0/inst/aresetn
    SLICE_X29Y97         LUT1 (Prop_lut1_I0_O)        0.045     1.938 f  system_i/ps_axi3_lite_bridge_0/inst/s_axi_bid[11]_i_2/O
                         net (fo=130, routed)         0.215     2.152    system_i/ps_axi3_lite_bridge_0/inst/s_axi_bid[11]_i_2_n_0
    SLICE_X27Y96         FDCE                                         f  system_i/ps_axi3_lite_bridge_0/inst/awaddr_reg_reg[17]/CLR
  -------------------------------------------------------------------    -------------------

                         (clock clk_fpga_0 rise edge)
                                                      0.000     0.000 r
    PS7_X0Y0             PS7                          0.000     0.000 r  system_i/processing_system7_0/inst/PS7_i/FCLKCLK[0]
                         net (fo=1, routed)           0.331     0.331    system_i/processing_system7_0/inst/FCLK_CLK_unbuffered[0]
    BUFGCTRL_X0Y16       BUFG (Prop_bufg_I_O)         0.029     0.360 r  system_i/processing_system7_0/inst/buffer_fclk_clk_0.FCLK_CLK_0_BUFG/O
                         net (fo=20688, routed)       0.830     1.190    system_i/ps_axi3_lite_bridge_0/inst/aclk
    SLICE_X27Y96         FDCE                                         r  system_i/ps_axi3_lite_bridge_0/inst/awaddr_reg_reg[17]/C
                         clock pessimism             -0.036     1.154
    SLICE_X27Y96         FDCE (Remov_fdce_C_CLR)     -0.092     1.062    system_i/ps_axi3_lite_bridge_0/inst/awaddr_reg_reg[17]
  -------------------------------------------------------------------
                         required time                         -1.062
                         arrival time                           2.152
  -------------------------------------------------------------------
                         slack                                  1.090

Slack (MET) :             1.090ns  (arrival time - required time)
  Source:                 system_i/rst_ps7_0_100M/U0/ACTIVE_LOW_PR_OUT_DFF[0].FDRE_PER_N/C
                            (rising edge-triggered cell FDRE clocked by clk_fpga_0  {rise@0.000ns fall@5.000ns period=10.000ns})
  Destination:            system_i/ps_axi3_lite_bridge_0/inst/awid_reg_reg[0]/CLR
                            (removal check against rising-edge clock clk_fpga_0  {rise@0.000ns fall@5.000ns period=10.000ns})
  Path Group:             **async_default**
  Path Type:              Removal (Min at Fast Process Corner)
  Requirement:            0.000ns  (clk_fpga_0 rise@0.000ns - clk_fpga_0 rise@0.000ns)
  Data Path Delay:        1.189ns  (logic 0.209ns (17.573%)  route 0.980ns (82.427%))
  Logic Levels:           1  (LUT1=1)
  Clock Path Skew:        0.191ns (DCD - SCD - CPR)
    Destination Clock Delay (DCD):    1.190ns
    Source Clock Delay      (SCD):    0.963ns
    Clock Pessimism Removal (CPR):    0.036ns

    Location             Delay type                Incr(ns)  Path(ns)    Netlist Resource(s)
  -------------------------------------------------------------------    -------------------
                         (clock clk_fpga_0 rise edge)
                                                      0.000     0.000 r
    PS7_X0Y0             PS7                          0.000     0.000 r  system_i/processing_system7_0/inst/PS7_i/FCLKCLK[0]
                         net (fo=1, routed)           0.303     0.303    system_i/processing_system7_0/inst/FCLK_CLK_unbuffered[0]
    BUFGCTRL_X0Y16       BUFG (Prop_bufg_I_O)         0.026     0.329 r  system_i/processing_system7_0/inst/buffer_fclk_clk_0.FCLK_CLK_0_BUFG/O
                         net (fo=20688, routed)       0.634     0.963    system_i/rst_ps7_0_100M/U0/slowest_sync_clk
    SLICE_X34Y130        FDRE                                         r  system_i/rst_ps7_0_100M/U0/ACTIVE_LOW_PR_OUT_DFF[0].FDRE_PER_N/C
  -------------------------------------------------------------------    -------------------
    SLICE_X34Y130        FDRE (Prop_fdre_C_Q)         0.164     1.127 r  system_i/rst_ps7_0_100M/U0/ACTIVE_LOW_PR_OUT_DFF[0].FDRE_PER_N/Q
                         net (fo=44, routed)          0.766     1.893    system_i/ps_axi3_lite_bridge_0/inst/aresetn
    SLICE_X29Y97         LUT1 (Prop_lut1_I0_O)        0.045     1.938 f  system_i/ps_axi3_lite_bridge_0/inst/s_axi_bid[11]_i_2/O
                         net (fo=130, routed)         0.215     2.152    system_i/ps_axi3_lite_bridge_0/inst/s_axi_bid[11]_i_2_n_0
    SLICE_X27Y96         FDCE                                         f  system_i/ps_axi3_lite_bridge_0/inst/awid_reg_reg[0]/CLR
  -------------------------------------------------------------------    -------------------

                         (clock clk_fpga_0 rise edge)
                                                      0.000     0.000 r
    PS7_X0Y0             PS7                          0.000     0.000 r  system_i/processing_system7_0/inst/PS7_i/FCLKCLK[0]
                         net (fo=1, routed)           0.331     0.331    system_i/processing_system7_0/inst/FCLK_CLK_unbuffered[0]
    BUFGCTRL_X0Y16       BUFG (Prop_bufg_I_O)         0.029     0.360 r  system_i/processing_system7_0/inst/buffer_fclk_clk_0.FCLK_CLK_0_BUFG/O
                         net (fo=20688, routed)       0.830     1.190    system_i/ps_axi3_lite_bridge_0/inst/aclk
    SLICE_X27Y96         FDCE                                         r  system_i/ps_axi3_lite_bridge_0/inst/awid_reg_reg[0]/C
                         clock pessimism             -0.036     1.154
    SLICE_X27Y96         FDCE (Remov_fdce_C_CLR)     -0.092     1.062    system_i/ps_axi3_lite_bridge_0/inst/awid_reg_reg[0]
  -------------------------------------------------------------------
                         required time                         -1.062
                         arrival time                           2.152
  -------------------------------------------------------------------
                         slack                                  1.090

Slack (MET) :             1.090ns  (arrival time - required time)
  Source:                 system_i/rst_ps7_0_100M/U0/ACTIVE_LOW_PR_OUT_DFF[0].FDRE_PER_N/C
                            (rising edge-triggered cell FDRE clocked by clk_fpga_0  {rise@0.000ns fall@5.000ns period=10.000ns})
  Destination:            system_i/ps_axi3_lite_bridge_0/inst/awid_reg_reg[1]/CLR
                            (removal check against rising-edge clock clk_fpga_0  {rise@0.000ns fall@5.000ns period=10.000ns})
  Path Group:             **async_default**
  Path Type:              Removal (Min at Fast Process Corner)
  Requirement:            0.000ns  (clk_fpga_0 rise@0.000ns - clk_fpga_0 rise@0.000ns)
  Data Path Delay:        1.189ns  (logic 0.209ns (17.573%)  route 0.980ns (82.427%))
  Logic Levels:           1  (LUT1=1)
  Clock Path Skew:        0.191ns (DCD - SCD - CPR)
    Destination Clock Delay (DCD):    1.190ns
    Source Clock Delay      (SCD):    0.963ns
    Clock Pessimism Removal (CPR):    0.036ns

    Location             Delay type                Incr(ns)  Path(ns)    Netlist Resource(s)
  -------------------------------------------------------------------    -------------------
                         (clock clk_fpga_0 rise edge)
                                                      0.000     0.000 r
    PS7_X0Y0             PS7                          0.000     0.000 r  system_i/processing_system7_0/inst/PS7_i/FCLKCLK[0]
                         net (fo=1, routed)           0.303     0.303    system_i/processing_system7_0/inst/FCLK_CLK_unbuffered[0]
    BUFGCTRL_X0Y16       BUFG (Prop_bufg_I_O)         0.026     0.329 r  system_i/processing_system7_0/inst/buffer_fclk_clk_0.FCLK_CLK_0_BUFG/O
                         net (fo=20688, routed)       0.634     0.963    system_i/rst_ps7_0_100M/U0/slowest_sync_clk
    SLICE_X34Y130        FDRE                                         r  system_i/rst_ps7_0_100M/U0/ACTIVE_LOW_PR_OUT_DFF[0].FDRE_PER_N/C
  -------------------------------------------------------------------    -------------------
    SLICE_X34Y130        FDRE (Prop_fdre_C_Q)         0.164     1.127 r  system_i/rst_ps7_0_100M/U0/ACTIVE_LOW_PR_OUT_DFF[0].FDRE_PER_N/Q
                         net (fo=44, routed)          0.766     1.893    system_i/ps_axi3_lite_bridge_0/inst/aresetn
    SLICE_X29Y97         LUT1 (Prop_lut1_I0_O)        0.045     1.938 f  system_i/ps_axi3_lite_bridge_0/inst/s_axi_bid[11]_i_2/O
                         net (fo=130, routed)         0.215     2.152    system_i/ps_axi3_lite_bridge_0/inst/s_axi_bid[11]_i_2_n_0
    SLICE_X27Y96         FDCE                                         f  system_i/ps_axi3_lite_bridge_0/inst/awid_reg_reg[1]/CLR
  -------------------------------------------------------------------    -------------------

                         (clock clk_fpga_0 rise edge)
                                                      0.000     0.000 r
    PS7_X0Y0             PS7                          0.000     0.000 r  system_i/processing_system7_0/inst/PS7_i/FCLKCLK[0]
                         net (fo=1, routed)           0.331     0.331    system_i/processing_system7_0/inst/FCLK_CLK_unbuffered[0]
    BUFGCTRL_X0Y16       BUFG (Prop_bufg_I_O)         0.029     0.360 r  system_i/processing_system7_0/inst/buffer_fclk_clk_0.FCLK_CLK_0_BUFG/O
                         net (fo=20688, routed)       0.830     1.190    system_i/ps_axi3_lite_bridge_0/inst/aclk
    SLICE_X27Y96         FDCE                                         r  system_i/ps_axi3_lite_bridge_0/inst/awid_reg_reg[1]/C
                         clock pessimism             -0.036     1.154
    SLICE_X27Y96         FDCE (Remov_fdce_C_CLR)     -0.092     1.062    system_i/ps_axi3_lite_bridge_0/inst/awid_reg_reg[1]
  -------------------------------------------------------------------
                         required time                         -1.062
                         arrival time                           2.152
  -------------------------------------------------------------------
                         slack                                  1.090

Slack (MET) :             1.090ns  (arrival time - required time)
  Source:                 system_i/rst_ps7_0_100M/U0/ACTIVE_LOW_PR_OUT_DFF[0].FDRE_PER_N/C
                            (rising edge-triggered cell FDRE clocked by clk_fpga_0  {rise@0.000ns fall@5.000ns period=10.000ns})
  Destination:            system_i/ps_axi3_lite_bridge_0/inst/awid_reg_reg[2]/CLR
                            (removal check against rising-edge clock clk_fpga_0  {rise@0.000ns fall@5.000ns period=10.000ns})
  Path Group:             **async_default**
  Path Type:              Removal (Min at Fast Process Corner)
  Requirement:            0.000ns  (clk_fpga_0 rise@0.000ns - clk_fpga_0 rise@0.000ns)
  Data Path Delay:        1.189ns  (logic 0.209ns (17.573%)  route 0.980ns (82.427%))
  Logic Levels:           1  (LUT1=1)
  Clock Path Skew:        0.191ns (DCD - SCD - CPR)
    Destination Clock Delay (DCD):    1.190ns
    Source Clock Delay      (SCD):    0.963ns
    Clock Pessimism Removal (CPR):    0.036ns

    Location             Delay type                Incr(ns)  Path(ns)    Netlist Resource(s)
  -------------------------------------------------------------------    -------------------
                         (clock clk_fpga_0 rise edge)
                                                      0.000     0.000 r
    PS7_X0Y0             PS7                          0.000     0.000 r  system_i/processing_system7_0/inst/PS7_i/FCLKCLK[0]
                         net (fo=1, routed)           0.303     0.303    system_i/processing_system7_0/inst/FCLK_CLK_unbuffered[0]
    BUFGCTRL_X0Y16       BUFG (Prop_bufg_I_O)         0.026     0.329 r  system_i/processing_system7_0/inst/buffer_fclk_clk_0.FCLK_CLK_0_BUFG/O
                         net (fo=20688, routed)       0.634     0.963    system_i/rst_ps7_0_100M/U0/slowest_sync_clk
    SLICE_X34Y130        FDRE                                         r  system_i/rst_ps7_0_100M/U0/ACTIVE_LOW_PR_OUT_DFF[0].FDRE_PER_N/C
  -------------------------------------------------------------------    -------------------
    SLICE_X34Y130        FDRE (Prop_fdre_C_Q)         0.164     1.127 r  system_i/rst_ps7_0_100M/U0/ACTIVE_LOW_PR_OUT_DFF[0].FDRE_PER_N/Q
                         net (fo=44, routed)          0.766     1.893    system_i/ps_axi3_lite_bridge_0/inst/aresetn
    SLICE_X29Y97         LUT1 (Prop_lut1_I0_O)        0.045     1.938 f  system_i/ps_axi3_lite_bridge_0/inst/s_axi_bid[11]_i_2/O
                         net (fo=130, routed)         0.215     2.152    system_i/ps_axi3_lite_bridge_0/inst/s_axi_bid[11]_i_2_n_0
    SLICE_X27Y96         FDCE                                         f  system_i/ps_axi3_lite_bridge_0/inst/awid_reg_reg[2]/CLR
  -------------------------------------------------------------------    -------------------

                         (clock clk_fpga_0 rise edge)
                                                      0.000     0.000 r
    PS7_X0Y0             PS7                          0.000     0.000 r  system_i/processing_system7_0/inst/PS7_i/FCLKCLK[0]
                         net (fo=1, routed)           0.331     0.331    system_i/processing_system7_0/inst/FCLK_CLK_unbuffered[0]
    BUFGCTRL_X0Y16       BUFG (Prop_bufg_I_O)         0.029     0.360 r  system_i/processing_system7_0/inst/buffer_fclk_clk_0.FCLK_CLK_0_BUFG/O
                         net (fo=20688, routed)       0.830     1.190    system_i/ps_axi3_lite_bridge_0/inst/aclk
    SLICE_X27Y96         FDCE                                         r  system_i/ps_axi3_lite_bridge_0/inst/awid_reg_reg[2]/C
                         clock pessimism             -0.036     1.154
    SLICE_X27Y96         FDCE (Remov_fdce_C_CLR)     -0.092     1.062    system_i/ps_axi3_lite_bridge_0/inst/awid_reg_reg[2]
  -------------------------------------------------------------------
                         required time                         -1.062
                         arrival time                           2.152
  -------------------------------------------------------------------
                         slack                                  1.090

Slack (MET) :             1.090ns  (arrival time - required time)
  Source:                 system_i/rst_ps7_0_100M/U0/ACTIVE_LOW_PR_OUT_DFF[0].FDRE_PER_N/C
                            (rising edge-triggered cell FDRE clocked by clk_fpga_0  {rise@0.000ns fall@5.000ns period=10.000ns})
  Destination:            system_i/ps_axi3_lite_bridge_0/inst/awid_reg_reg[4]/CLR
                            (removal check against rising-edge clock clk_fpga_0  {rise@0.000ns fall@5.000ns period=10.000ns})
  Path Group:             **async_default**
  Path Type:              Removal (Min at Fast Process Corner)
  Requirement:            0.000ns  (clk_fpga_0 rise@0.000ns - clk_fpga_0 rise@0.000ns)
  Data Path Delay:        1.189ns  (logic 0.209ns (17.573%)  route 0.980ns (82.427%))
  Logic Levels:           1  (LUT1=1)
  Clock Path Skew:        0.191ns (DCD - SCD - CPR)
    Destination Clock Delay (DCD):    1.190ns
    Source Clock Delay      (SCD):    0.963ns
    Clock Pessimism Removal (CPR):    0.036ns

    Location             Delay type                Incr(ns)  Path(ns)    Netlist Resource(s)
  -------------------------------------------------------------------    -------------------
                         (clock clk_fpga_0 rise edge)
                                                      0.000     0.000 r
    PS7_X0Y0             PS7                          0.000     0.000 r  system_i/processing_system7_0/inst/PS7_i/FCLKCLK[0]
                         net (fo=1, routed)           0.303     0.303    system_i/processing_system7_0/inst/FCLK_CLK_unbuffered[0]
    BUFGCTRL_X0Y16       BUFG (Prop_bufg_I_O)         0.026     0.329 r  system_i/processing_system7_0/inst/buffer_fclk_clk_0.FCLK_CLK_0_BUFG/O
                         net (fo=20688, routed)       0.634     0.963    system_i/rst_ps7_0_100M/U0/slowest_sync_clk
    SLICE_X34Y130        FDRE                                         r  system_i/rst_ps7_0_100M/U0/ACTIVE_LOW_PR_OUT_DFF[0].FDRE_PER_N/C
  -------------------------------------------------------------------    -------------------
    SLICE_X34Y130        FDRE (Prop_fdre_C_Q)         0.164     1.127 r  system_i/rst_ps7_0_100M/U0/ACTIVE_LOW_PR_OUT_DFF[0].FDRE_PER_N/Q
                         net (fo=44, routed)          0.766     1.893    system_i/ps_axi3_lite_bridge_0/inst/aresetn
    SLICE_X29Y97         LUT1 (Prop_lut1_I0_O)        0.045     1.938 f  system_i/ps_axi3_lite_bridge_0/inst/s_axi_bid[11]_i_2/O
                         net (fo=130, routed)         0.215     2.152    system_i/ps_axi3_lite_bridge_0/inst/s_axi_bid[11]_i_2_n_0
    SLICE_X27Y96         FDCE                                         f  system_i/ps_axi3_lite_bridge_0/inst/awid_reg_reg[4]/CLR
  -------------------------------------------------------------------    -------------------

                         (clock clk_fpga_0 rise edge)
                                                      0.000     0.000 r
    PS7_X0Y0             PS7                          0.000     0.000 r  system_i/processing_system7_0/inst/PS7_i/FCLKCLK[0]
                         net (fo=1, routed)           0.331     0.331    system_i/processing_system7_0/inst/FCLK_CLK_unbuffered[0]
    BUFGCTRL_X0Y16       BUFG (Prop_bufg_I_O)         0.029     0.360 r  system_i/processing_system7_0/inst/buffer_fclk_clk_0.FCLK_CLK_0_BUFG/O
                         net (fo=20688, routed)       0.830     1.190    system_i/ps_axi3_lite_bridge_0/inst/aclk
    SLICE_X27Y96         FDCE                                         r  system_i/ps_axi3_lite_bridge_0/inst/awid_reg_reg[4]/C
                         clock pessimism             -0.036     1.154
    SLICE_X27Y96         FDCE (Remov_fdce_C_CLR)     -0.092     1.062    system_i/ps_axi3_lite_bridge_0/inst/awid_reg_reg[4]
  -------------------------------------------------------------------
                         required time                         -1.062
                         arrival time                           2.152
  -------------------------------------------------------------------
                         slack                                  1.090

Slack (MET) :             1.090ns  (arrival time - required time)
  Source:                 system_i/rst_ps7_0_100M/U0/ACTIVE_LOW_PR_OUT_DFF[0].FDRE_PER_N/C
                            (rising edge-triggered cell FDRE clocked by clk_fpga_0  {rise@0.000ns fall@5.000ns period=10.000ns})
  Destination:            system_i/ps_axi3_lite_bridge_0/inst/awid_reg_reg[5]/CLR
                            (removal check against rising-edge clock clk_fpga_0  {rise@0.000ns fall@5.000ns period=10.000ns})
  Path Group:             **async_default**
  Path Type:              Removal (Min at Fast Process Corner)
  Requirement:            0.000ns  (clk_fpga_0 rise@0.000ns - clk_fpga_0 rise@0.000ns)
  Data Path Delay:        1.189ns  (logic 0.209ns (17.573%)  route 0.980ns (82.427%))
  Logic Levels:           1  (LUT1=1)
  Clock Path Skew:        0.191ns (DCD - SCD - CPR)
    Destination Clock Delay (DCD):    1.190ns
    Source Clock Delay      (SCD):    0.963ns
    Clock Pessimism Removal (CPR):    0.036ns

    Location             Delay type                Incr(ns)  Path(ns)    Netlist Resource(s)
  -------------------------------------------------------------------    -------------------
                         (clock clk_fpga_0 rise edge)
                                                      0.000     0.000 r
    PS7_X0Y0             PS7                          0.000     0.000 r  system_i/processing_system7_0/inst/PS7_i/FCLKCLK[0]
                         net (fo=1, routed)           0.303     0.303    system_i/processing_system7_0/inst/FCLK_CLK_unbuffered[0]
    BUFGCTRL_X0Y16       BUFG (Prop_bufg_I_O)         0.026     0.329 r  system_i/processing_system7_0/inst/buffer_fclk_clk_0.FCLK_CLK_0_BUFG/O
                         net (fo=20688, routed)       0.634     0.963    system_i/rst_ps7_0_100M/U0/slowest_sync_clk
    SLICE_X34Y130        FDRE                                         r  system_i/rst_ps7_0_100M/U0/ACTIVE_LOW_PR_OUT_DFF[0].FDRE_PER_N/C
  -------------------------------------------------------------------    -------------------
    SLICE_X34Y130        FDRE (Prop_fdre_C_Q)         0.164     1.127 r  system_i/rst_ps7_0_100M/U0/ACTIVE_LOW_PR_OUT_DFF[0].FDRE_PER_N/Q
                         net (fo=44, routed)          0.766     1.893    system_i/ps_axi3_lite_bridge_0/inst/aresetn
    SLICE_X29Y97         LUT1 (Prop_lut1_I0_O)        0.045     1.938 f  system_i/ps_axi3_lite_bridge_0/inst/s_axi_bid[11]_i_2/O
                         net (fo=130, routed)         0.215     2.152    system_i/ps_axi3_lite_bridge_0/inst/s_axi_bid[11]_i_2_n_0
    SLICE_X27Y96         FDCE                                         f  system_i/ps_axi3_lite_bridge_0/inst/awid_reg_reg[5]/CLR
  -------------------------------------------------------------------    -------------------

                         (clock clk_fpga_0 rise edge)
                                                      0.000     0.000 r
    PS7_X0Y0             PS7                          0.000     0.000 r  system_i/processing_system7_0/inst/PS7_i/FCLKCLK[0]
                         net (fo=1, routed)           0.331     0.331    system_i/processing_system7_0/inst/FCLK_CLK_unbuffered[0]
    BUFGCTRL_X0Y16       BUFG (Prop_bufg_I_O)         0.029     0.360 r  system_i/processing_system7_0/inst/buffer_fclk_clk_0.FCLK_CLK_0_BUFG/O
                         net (fo=20688, routed)       0.830     1.190    system_i/ps_axi3_lite_bridge_0/inst/aclk
    SLICE_X27Y96         FDCE                                         r  system_i/ps_axi3_lite_bridge_0/inst/awid_reg_reg[5]/C
                         clock pessimism             -0.036     1.154
    SLICE_X27Y96         FDCE (Remov_fdce_C_CLR)     -0.092     1.062    system_i/ps_axi3_lite_bridge_0/inst/awid_reg_reg[5]
  -------------------------------------------------------------------
                         required time                         -1.062
                         arrival time                           2.152
  -------------------------------------------------------------------
                         slack                                  1.090

Slack (MET) :             1.090ns  (arrival time - required time)
  Source:                 system_i/rst_ps7_0_100M/U0/ACTIVE_LOW_PR_OUT_DFF[0].FDRE_PER_N/C
                            (rising edge-triggered cell FDRE clocked by clk_fpga_0  {rise@0.000ns fall@5.000ns period=10.000ns})
  Destination:            system_i/ps_axi3_lite_bridge_0/inst/awid_reg_reg[6]/CLR
                            (removal check against rising-edge clock clk_fpga_0  {rise@0.000ns fall@5.000ns period=10.000ns})
  Path Group:             **async_default**
  Path Type:              Removal (Min at Fast Process Corner)
  Requirement:            0.000ns  (clk_fpga_0 rise@0.000ns - clk_fpga_0 rise@0.000ns)
  Data Path Delay:        1.189ns  (logic 0.209ns (17.573%)  route 0.980ns (82.427%))
  Logic Levels:           1  (LUT1=1)
  Clock Path Skew:        0.191ns (DCD - SCD - CPR)
    Destination Clock Delay (DCD):    1.190ns
    Source Clock Delay      (SCD):    0.963ns
    Clock Pessimism Removal (CPR):    0.036ns

    Location             Delay type                Incr(ns)  Path(ns)    Netlist Resource(s)
  -------------------------------------------------------------------    -------------------
                         (clock clk_fpga_0 rise edge)
                                                      0.000     0.000 r
    PS7_X0Y0             PS7                          0.000     0.000 r  system_i/processing_system7_0/inst/PS7_i/FCLKCLK[0]
                         net (fo=1, routed)           0.303     0.303    system_i/processing_system7_0/inst/FCLK_CLK_unbuffered[0]
    BUFGCTRL_X0Y16       BUFG (Prop_bufg_I_O)         0.026     0.329 r  system_i/processing_system7_0/inst/buffer_fclk_clk_0.FCLK_CLK_0_BUFG/O
                         net (fo=20688, routed)       0.634     0.963    system_i/rst_ps7_0_100M/U0/slowest_sync_clk
    SLICE_X34Y130        FDRE                                         r  system_i/rst_ps7_0_100M/U0/ACTIVE_LOW_PR_OUT_DFF[0].FDRE_PER_N/C
  -------------------------------------------------------------------    -------------------
    SLICE_X34Y130        FDRE (Prop_fdre_C_Q)         0.164     1.127 r  system_i/rst_ps7_0_100M/U0/ACTIVE_LOW_PR_OUT_DFF[0].FDRE_PER_N/Q
                         net (fo=44, routed)          0.766     1.893    system_i/ps_axi3_lite_bridge_0/inst/aresetn
    SLICE_X29Y97         LUT1 (Prop_lut1_I0_O)        0.045     1.938 f  system_i/ps_axi3_lite_bridge_0/inst/s_axi_bid[11]_i_2/O
                         net (fo=130, routed)         0.215     2.152    system_i/ps_axi3_lite_bridge_0/inst/s_axi_bid[11]_i_2_n_0
    SLICE_X27Y96         FDCE                                         f  system_i/ps_axi3_lite_bridge_0/inst/awid_reg_reg[6]/CLR
  -------------------------------------------------------------------    -------------------

                         (clock clk_fpga_0 rise edge)
                                                      0.000     0.000 r
    PS7_X0Y0             PS7                          0.000     0.000 r  system_i/processing_system7_0/inst/PS7_i/FCLKCLK[0]
                         net (fo=1, routed)           0.331     0.331    system_i/processing_system7_0/inst/FCLK_CLK_unbuffered[0]
    BUFGCTRL_X0Y16       BUFG (Prop_bufg_I_O)         0.029     0.360 r  system_i/processing_system7_0/inst/buffer_fclk_clk_0.FCLK_CLK_0_BUFG/O
                         net (fo=20688, routed)       0.830     1.190    system_i/ps_axi3_lite_bridge_0/inst/aclk
    SLICE_X27Y96         FDCE                                         r  system_i/ps_axi3_lite_bridge_0/inst/awid_reg_reg[6]/C
                         clock pessimism             -0.036     1.154
    SLICE_X27Y96         FDCE (Remov_fdce_C_CLR)     -0.092     1.062    system_i/ps_axi3_lite_bridge_0/inst/awid_reg_reg[6]
  -------------------------------------------------------------------
                         required time                         -1.062
                         arrival time                           2.152
  -------------------------------------------------------------------
                         slack                                  1.090

Slack (MET) :             1.093ns  (arrival time - required time)
  Source:                 system_i/rst_ps7_0_100M/U0/ACTIVE_LOW_PR_OUT_DFF[0].FDRE_PER_N/C
                            (rising edge-triggered cell FDRE clocked by clk_fpga_0  {rise@0.000ns fall@5.000ns period=10.000ns})
  Destination:            system_i/ps_axi3_lite_bridge_0/inst/s_axi_rdata_reg[14]/CLR
                            (removal check against rising-edge clock clk_fpga_0  {rise@0.000ns fall@5.000ns period=10.000ns})
  Path Group:             **async_default**
  Path Type:              Removal (Min at Fast Process Corner)
  Requirement:            0.000ns  (clk_fpga_0 rise@0.000ns - clk_fpga_0 rise@0.000ns)
  Data Path Delay:        1.193ns  (logic 0.209ns (17.521%)  route 0.984ns (82.479%))
  Logic Levels:           1  (LUT1=1)
  Clock Path Skew:        0.192ns (DCD - SCD - CPR)
    Destination Clock Delay (DCD):    1.191ns
    Source Clock Delay      (SCD):    0.963ns
    Clock Pessimism Removal (CPR):    0.036ns

    Location             Delay type                Incr(ns)  Path(ns)    Netlist Resource(s)
  -------------------------------------------------------------------    -------------------
                         (clock clk_fpga_0 rise edge)
                                                      0.000     0.000 r
    PS7_X0Y0             PS7                          0.000     0.000 r  system_i/processing_system7_0/inst/PS7_i/FCLKCLK[0]
                         net (fo=1, routed)           0.303     0.303    system_i/processing_system7_0/inst/FCLK_CLK_unbuffered[0]
    BUFGCTRL_X0Y16       BUFG (Prop_bufg_I_O)         0.026     0.329 r  system_i/processing_system7_0/inst/buffer_fclk_clk_0.FCLK_CLK_0_BUFG/O
                         net (fo=20688, routed)       0.634     0.963    system_i/rst_ps7_0_100M/U0/slowest_sync_clk
    SLICE_X34Y130        FDRE                                         r  system_i/rst_ps7_0_100M/U0/ACTIVE_LOW_PR_OUT_DFF[0].FDRE_PER_N/C
  -------------------------------------------------------------------    -------------------
    SLICE_X34Y130        FDRE (Prop_fdre_C_Q)         0.164     1.127 r  system_i/rst_ps7_0_100M/U0/ACTIVE_LOW_PR_OUT_DFF[0].FDRE_PER_N/Q
                         net (fo=44, routed)          0.766     1.893    system_i/ps_axi3_lite_bridge_0/inst/aresetn
    SLICE_X29Y97         LUT1 (Prop_lut1_I0_O)        0.045     1.938 f  system_i/ps_axi3_lite_bridge_0/inst/s_axi_bid[11]_i_2/O
                         net (fo=130, routed)         0.218     2.156    system_i/ps_axi3_lite_bridge_0/inst/s_axi_bid[11]_i_2_n_0
    SLICE_X28Y95         FDCE                                         f  system_i/ps_axi3_lite_bridge_0/inst/s_axi_rdata_reg[14]/CLR
  -------------------------------------------------------------------    -------------------

                         (clock clk_fpga_0 rise edge)
                                                      0.000     0.000 r
    PS7_X0Y0             PS7                          0.000     0.000 r  system_i/processing_system7_0/inst/PS7_i/FCLKCLK[0]
                         net (fo=1, routed)           0.331     0.331    system_i/processing_system7_0/inst/FCLK_CLK_unbuffered[0]
    BUFGCTRL_X0Y16       BUFG (Prop_bufg_I_O)         0.029     0.360 r  system_i/processing_system7_0/inst/buffer_fclk_clk_0.FCLK_CLK_0_BUFG/O
                         net (fo=20688, routed)       0.831     1.191    system_i/ps_axi3_lite_bridge_0/inst/aclk
    SLICE_X28Y95         FDCE                                         r  system_i/ps_axi3_lite_bridge_0/inst/s_axi_rdata_reg[14]/C
                         clock pessimism             -0.036     1.155
    SLICE_X28Y95         FDCE (Remov_fdce_C_CLR)     -0.092     1.063    system_i/ps_axi3_lite_bridge_0/inst/s_axi_rdata_reg[14]
  -------------------------------------------------------------------
                         required time                         -1.063
                         arrival time                           2.156
  -------------------------------------------------------------------
                         slack                                  1.093

Slack (MET) :             1.093ns  (arrival time - required time)
  Source:                 system_i/rst_ps7_0_100M/U0/ACTIVE_LOW_PR_OUT_DFF[0].FDRE_PER_N/C
                            (rising edge-triggered cell FDRE clocked by clk_fpga_0  {rise@0.000ns fall@5.000ns period=10.000ns})
  Destination:            system_i/ps_axi3_lite_bridge_0/inst/s_axi_rdata_reg[20]/CLR
                            (removal check against rising-edge clock clk_fpga_0  {rise@0.000ns fall@5.000ns period=10.000ns})
  Path Group:             **async_default**
  Path Type:              Removal (Min at Fast Process Corner)
  Requirement:            0.000ns  (clk_fpga_0 rise@0.000ns - clk_fpga_0 rise@0.000ns)
  Data Path Delay:        1.193ns  (logic 0.209ns (17.521%)  route 0.984ns (82.479%))
  Logic Levels:           1  (LUT1=1)
  Clock Path Skew:        0.192ns (DCD - SCD - CPR)
    Destination Clock Delay (DCD):    1.191ns
    Source Clock Delay      (SCD):    0.963ns
    Clock Pessimism Removal (CPR):    0.036ns

    Location             Delay type                Incr(ns)  Path(ns)    Netlist Resource(s)
  -------------------------------------------------------------------    -------------------
                         (clock clk_fpga_0 rise edge)
                                                      0.000     0.000 r
    PS7_X0Y0             PS7                          0.000     0.000 r  system_i/processing_system7_0/inst/PS7_i/FCLKCLK[0]
                         net (fo=1, routed)           0.303     0.303    system_i/processing_system7_0/inst/FCLK_CLK_unbuffered[0]
    BUFGCTRL_X0Y16       BUFG (Prop_bufg_I_O)         0.026     0.329 r  system_i/processing_system7_0/inst/buffer_fclk_clk_0.FCLK_CLK_0_BUFG/O
                         net (fo=20688, routed)       0.634     0.963    system_i/rst_ps7_0_100M/U0/slowest_sync_clk
    SLICE_X34Y130        FDRE                                         r  system_i/rst_ps7_0_100M/U0/ACTIVE_LOW_PR_OUT_DFF[0].FDRE_PER_N/C
  -------------------------------------------------------------------    -------------------
    SLICE_X34Y130        FDRE (Prop_fdre_C_Q)         0.164     1.127 r  system_i/rst_ps7_0_100M/U0/ACTIVE_LOW_PR_OUT_DFF[0].FDRE_PER_N/Q
                         net (fo=44, routed)          0.766     1.893    system_i/ps_axi3_lite_bridge_0/inst/aresetn
    SLICE_X29Y97         LUT1 (Prop_lut1_I0_O)        0.045     1.938 f  system_i/ps_axi3_lite_bridge_0/inst/s_axi_bid[11]_i_2/O
                         net (fo=130, routed)         0.218     2.156    system_i/ps_axi3_lite_bridge_0/inst/s_axi_bid[11]_i_2_n_0
    SLICE_X28Y95         FDCE                                         f  system_i/ps_axi3_lite_bridge_0/inst/s_axi_rdata_reg[20]/CLR
  -------------------------------------------------------------------    -------------------

                         (clock clk_fpga_0 rise edge)
                                                      0.000     0.000 r
    PS7_X0Y0             PS7                          0.000     0.000 r  system_i/processing_system7_0/inst/PS7_i/FCLKCLK[0]
                         net (fo=1, routed)           0.331     0.331    system_i/processing_system7_0/inst/FCLK_CLK_unbuffered[0]
    BUFGCTRL_X0Y16       BUFG (Prop_bufg_I_O)         0.029     0.360 r  system_i/processing_system7_0/inst/buffer_fclk_clk_0.FCLK_CLK_0_BUFG/O
                         net (fo=20688, routed)       0.831     1.191    system_i/ps_axi3_lite_bridge_0/inst/aclk
    SLICE_X28Y95         FDCE                                         r  system_i/ps_axi3_lite_bridge_0/inst/s_axi_rdata_reg[20]/C
                         clock pessimism             -0.036     1.155
    SLICE_X28Y95         FDCE (Remov_fdce_C_CLR)     -0.092     1.063    system_i/ps_axi3_lite_bridge_0/inst/s_axi_rdata_reg[20]
  -------------------------------------------------------------------
                         required time                         -1.063
                         arrival time                           2.156
  -------------------------------------------------------------------
                         slack                                  1.093

Slack (MET) :             1.093ns  (arrival time - required time)
  Source:                 system_i/rst_ps7_0_100M/U0/ACTIVE_LOW_PR_OUT_DFF[0].FDRE_PER_N/C
                            (rising edge-triggered cell FDRE clocked by clk_fpga_0  {rise@0.000ns fall@5.000ns period=10.000ns})
  Destination:            system_i/ps_axi3_lite_bridge_0/inst/s_axi_rdata_reg[21]/CLR
                            (removal check against rising-edge clock clk_fpga_0  {rise@0.000ns fall@5.000ns period=10.000ns})
  Path Group:             **async_default**
  Path Type:              Removal (Min at Fast Process Corner)
  Requirement:            0.000ns  (clk_fpga_0 rise@0.000ns - clk_fpga_0 rise@0.000ns)
  Data Path Delay:        1.193ns  (logic 0.209ns (17.521%)  route 0.984ns (82.479%))
  Logic Levels:           1  (LUT1=1)
  Clock Path Skew:        0.192ns (DCD - SCD - CPR)
    Destination Clock Delay (DCD):    1.191ns
    Source Clock Delay      (SCD):    0.963ns
    Clock Pessimism Removal (CPR):    0.036ns

    Location             Delay type                Incr(ns)  Path(ns)    Netlist Resource(s)
  -------------------------------------------------------------------    -------------------
                         (clock clk_fpga_0 rise edge)
                                                      0.000     0.000 r
    PS7_X0Y0             PS7                          0.000     0.000 r  system_i/processing_system7_0/inst/PS7_i/FCLKCLK[0]
                         net (fo=1, routed)           0.303     0.303    system_i/processing_system7_0/inst/FCLK_CLK_unbuffered[0]
    BUFGCTRL_X0Y16       BUFG (Prop_bufg_I_O)         0.026     0.329 r  system_i/processing_system7_0/inst/buffer_fclk_clk_0.FCLK_CLK_0_BUFG/O
                         net (fo=20688, routed)       0.634     0.963    system_i/rst_ps7_0_100M/U0/slowest_sync_clk
    SLICE_X34Y130        FDRE                                         r  system_i/rst_ps7_0_100M/U0/ACTIVE_LOW_PR_OUT_DFF[0].FDRE_PER_N/C
  -------------------------------------------------------------------    -------------------
    SLICE_X34Y130        FDRE (Prop_fdre_C_Q)         0.164     1.127 r  system_i/rst_ps7_0_100M/U0/ACTIVE_LOW_PR_OUT_DFF[0].FDRE_PER_N/Q
                         net (fo=44, routed)          0.766     1.893    system_i/ps_axi3_lite_bridge_0/inst/aresetn
    SLICE_X29Y97         LUT1 (Prop_lut1_I0_O)        0.045     1.938 f  system_i/ps_axi3_lite_bridge_0/inst/s_axi_bid[11]_i_2/O
                         net (fo=130, routed)         0.218     2.156    system_i/ps_axi3_lite_bridge_0/inst/s_axi_bid[11]_i_2_n_0
    SLICE_X28Y95         FDCE                                         f  system_i/ps_axi3_lite_bridge_0/inst/s_axi_rdata_reg[21]/CLR
  -------------------------------------------------------------------    -------------------

                         (clock clk_fpga_0 rise edge)
                                                      0.000     0.000 r
    PS7_X0Y0             PS7                          0.000     0.000 r  system_i/processing_system7_0/inst/PS7_i/FCLKCLK[0]
                         net (fo=1, routed)           0.331     0.331    system_i/processing_system7_0/inst/FCLK_CLK_unbuffered[0]
    BUFGCTRL_X0Y16       BUFG (Prop_bufg_I_O)         0.029     0.360 r  system_i/processing_system7_0/inst/buffer_fclk_clk_0.FCLK_CLK_0_BUFG/O
                         net (fo=20688, routed)       0.831     1.191    system_i/ps_axi3_lite_bridge_0/inst/aclk
    SLICE_X28Y95         FDCE                                         r  system_i/ps_axi3_lite_bridge_0/inst/s_axi_rdata_reg[21]/C
                         clock pessimism             -0.036     1.155
    SLICE_X28Y95         FDCE (Remov_fdce_C_CLR)     -0.092     1.063    system_i/ps_axi3_lite_bridge_0/inst/s_axi_rdata_reg[21]
  -------------------------------------------------------------------
                         required time                         -1.063
                         arrival time                           2.156
  -------------------------------------------------------------------
                         slack                                  1.093

Slack (MET) :             1.093ns  (arrival time - required time)
  Source:                 system_i/rst_ps7_0_100M/U0/ACTIVE_LOW_PR_OUT_DFF[0].FDRE_PER_N/C
                            (rising edge-triggered cell FDRE clocked by clk_fpga_0  {rise@0.000ns fall@5.000ns period=10.000ns})
  Destination:            system_i/ps_axi3_lite_bridge_0/inst/s_axi_rdata_reg[24]/CLR
                            (removal check against rising-edge clock clk_fpga_0  {rise@0.000ns fall@5.000ns period=10.000ns})
  Path Group:             **async_default**
  Path Type:              Removal (Min at Fast Process Corner)
  Requirement:            0.000ns  (clk_fpga_0 rise@0.000ns - clk_fpga_0 rise@0.000ns)
  Data Path Delay:        1.193ns  (logic 0.209ns (17.521%)  route 0.984ns (82.479%))
  Logic Levels:           1  (LUT1=1)
  Clock Path Skew:        0.192ns (DCD - SCD - CPR)
    Destination Clock Delay (DCD):    1.191ns
    Source Clock Delay      (SCD):    0.963ns
    Clock Pessimism Removal (CPR):    0.036ns

    Location             Delay type                Incr(ns)  Path(ns)    Netlist Resource(s)
  -------------------------------------------------------------------    -------------------
                         (clock clk_fpga_0 rise edge)
                                                      0.000     0.000 r
    PS7_X0Y0             PS7                          0.000     0.000 r  system_i/processing_system7_0/inst/PS7_i/FCLKCLK[0]
                         net (fo=1, routed)           0.303     0.303    system_i/processing_system7_0/inst/FCLK_CLK_unbuffered[0]
    BUFGCTRL_X0Y16       BUFG (Prop_bufg_I_O)         0.026     0.329 r  system_i/processing_system7_0/inst/buffer_fclk_clk_0.FCLK_CLK_0_BUFG/O
                         net (fo=20688, routed)       0.634     0.963    system_i/rst_ps7_0_100M/U0/slowest_sync_clk
    SLICE_X34Y130        FDRE                                         r  system_i/rst_ps7_0_100M/U0/ACTIVE_LOW_PR_OUT_DFF[0].FDRE_PER_N/C
  -------------------------------------------------------------------    -------------------
    SLICE_X34Y130        FDRE (Prop_fdre_C_Q)         0.164     1.127 r  system_i/rst_ps7_0_100M/U0/ACTIVE_LOW_PR_OUT_DFF[0].FDRE_PER_N/Q
                         net (fo=44, routed)          0.766     1.893    system_i/ps_axi3_lite_bridge_0/inst/aresetn
    SLICE_X29Y97         LUT1 (Prop_lut1_I0_O)        0.045     1.938 f  system_i/ps_axi3_lite_bridge_0/inst/s_axi_bid[11]_i_2/O
                         net (fo=130, routed)         0.218     2.156    system_i/ps_axi3_lite_bridge_0/inst/s_axi_bid[11]_i_2_n_0
    SLICE_X28Y95         FDCE                                         f  system_i/ps_axi3_lite_bridge_0/inst/s_axi_rdata_reg[24]/CLR
  -------------------------------------------------------------------    -------------------

                         (clock clk_fpga_0 rise edge)
                                                      0.000     0.000 r
    PS7_X0Y0             PS7                          0.000     0.000 r  system_i/processing_system7_0/inst/PS7_i/FCLKCLK[0]
                         net (fo=1, routed)           0.331     0.331    system_i/processing_system7_0/inst/FCLK_CLK_unbuffered[0]
    BUFGCTRL_X0Y16       BUFG (Prop_bufg_I_O)         0.029     0.360 r  system_i/processing_system7_0/inst/buffer_fclk_clk_0.FCLK_CLK_0_BUFG/O
                         net (fo=20688, routed)       0.831     1.191    system_i/ps_axi3_lite_bridge_0/inst/aclk
    SLICE_X28Y95         FDCE                                         r  system_i/ps_axi3_lite_bridge_0/inst/s_axi_rdata_reg[24]/C
                         clock pessimism             -0.036     1.155
    SLICE_X28Y95         FDCE (Remov_fdce_C_CLR)     -0.092     1.063    system_i/ps_axi3_lite_bridge_0/inst/s_axi_rdata_reg[24]
  -------------------------------------------------------------------
                         required time                         -1.063
                         arrival time                           2.156
  -------------------------------------------------------------------
                         slack                                  1.093

Slack (MET) :             1.093ns  (arrival time - required time)
  Source:                 system_i/rst_ps7_0_100M/U0/ACTIVE_LOW_PR_OUT_DFF[0].FDRE_PER_N/C
                            (rising edge-triggered cell FDRE clocked by clk_fpga_0  {rise@0.000ns fall@5.000ns period=10.000ns})
  Destination:            system_i/ps_axi3_lite_bridge_0/inst/s_axi_rdata_reg[25]/CLR
                            (removal check against rising-edge clock clk_fpga_0  {rise@0.000ns fall@5.000ns period=10.000ns})
  Path Group:             **async_default**
  Path Type:              Removal (Min at Fast Process Corner)
  Requirement:            0.000ns  (clk_fpga_0 rise@0.000ns - clk_fpga_0 rise@0.000ns)
  Data Path Delay:        1.193ns  (logic 0.209ns (17.521%)  route 0.984ns (82.479%))
  Logic Levels:           1  (LUT1=1)
  Clock Path Skew:        0.192ns (DCD - SCD - CPR)
    Destination Clock Delay (DCD):    1.191ns
    Source Clock Delay      (SCD):    0.963ns
    Clock Pessimism Removal (CPR):    0.036ns

    Location             Delay type                Incr(ns)  Path(ns)    Netlist Resource(s)
  -------------------------------------------------------------------    -------------------
                         (clock clk_fpga_0 rise edge)
                                                      0.000     0.000 r
    PS7_X0Y0             PS7                          0.000     0.000 r  system_i/processing_system7_0/inst/PS7_i/FCLKCLK[0]
                         net (fo=1, routed)           0.303     0.303    system_i/processing_system7_0/inst/FCLK_CLK_unbuffered[0]
    BUFGCTRL_X0Y16       BUFG (Prop_bufg_I_O)         0.026     0.329 r  system_i/processing_system7_0/inst/buffer_fclk_clk_0.FCLK_CLK_0_BUFG/O
                         net (fo=20688, routed)       0.634     0.963    system_i/rst_ps7_0_100M/U0/slowest_sync_clk
    SLICE_X34Y130        FDRE                                         r  system_i/rst_ps7_0_100M/U0/ACTIVE_LOW_PR_OUT_DFF[0].FDRE_PER_N/C
  -------------------------------------------------------------------    -------------------
    SLICE_X34Y130        FDRE (Prop_fdre_C_Q)         0.164     1.127 r  system_i/rst_ps7_0_100M/U0/ACTIVE_LOW_PR_OUT_DFF[0].FDRE_PER_N/Q
                         net (fo=44, routed)          0.766     1.893    system_i/ps_axi3_lite_bridge_0/inst/aresetn
    SLICE_X29Y97         LUT1 (Prop_lut1_I0_O)        0.045     1.938 f  system_i/ps_axi3_lite_bridge_0/inst/s_axi_bid[11]_i_2/O
                         net (fo=130, routed)         0.218     2.156    system_i/ps_axi3_lite_bridge_0/inst/s_axi_bid[11]_i_2_n_0
    SLICE_X28Y95         FDCE                                         f  system_i/ps_axi3_lite_bridge_0/inst/s_axi_rdata_reg[25]/CLR
  -------------------------------------------------------------------    -------------------

                         (clock clk_fpga_0 rise edge)
                                                      0.000     0.000 r
    PS7_X0Y0             PS7                          0.000     0.000 r  system_i/processing_system7_0/inst/PS7_i/FCLKCLK[0]
                         net (fo=1, routed)           0.331     0.331    system_i/processing_system7_0/inst/FCLK_CLK_unbuffered[0]
    BUFGCTRL_X0Y16       BUFG (Prop_bufg_I_O)         0.029     0.360 r  system_i/processing_system7_0/inst/buffer_fclk_clk_0.FCLK_CLK_0_BUFG/O
                         net (fo=20688, routed)       0.831     1.191    system_i/ps_axi3_lite_bridge_0/inst/aclk
    SLICE_X28Y95         FDCE                                         r  system_i/ps_axi3_lite_bridge_0/inst/s_axi_rdata_reg[25]/C
                         clock pessimism             -0.036     1.155
    SLICE_X28Y95         FDCE (Remov_fdce_C_CLR)     -0.092     1.063    system_i/ps_axi3_lite_bridge_0/inst/s_axi_rdata_reg[25]
  -------------------------------------------------------------------
                         required time                         -1.063
                         arrival time                           2.156
  -------------------------------------------------------------------
                         slack                                  1.093

Slack (MET) :             1.093ns  (arrival time - required time)
  Source:                 system_i/rst_ps7_0_100M/U0/ACTIVE_LOW_PR_OUT_DFF[0].FDRE_PER_N/C
                            (rising edge-triggered cell FDRE clocked by clk_fpga_0  {rise@0.000ns fall@5.000ns period=10.000ns})
  Destination:            system_i/ps_axi3_lite_bridge_0/inst/s_axi_rdata_reg[6]/CLR
                            (removal check against rising-edge clock clk_fpga_0  {rise@0.000ns fall@5.000ns period=10.000ns})
  Path Group:             **async_default**
  Path Type:              Removal (Min at Fast Process Corner)
  Requirement:            0.000ns  (clk_fpga_0 rise@0.000ns - clk_fpga_0 rise@0.000ns)
  Data Path Delay:        1.193ns  (logic 0.209ns (17.521%)  route 0.984ns (82.479%))
  Logic Levels:           1  (LUT1=1)
  Clock Path Skew:        0.192ns (DCD - SCD - CPR)
    Destination Clock Delay (DCD):    1.191ns
    Source Clock Delay      (SCD):    0.963ns
    Clock Pessimism Removal (CPR):    0.036ns

    Location             Delay type                Incr(ns)  Path(ns)    Netlist Resource(s)
  -------------------------------------------------------------------    -------------------
                         (clock clk_fpga_0 rise edge)
                                                      0.000     0.000 r
    PS7_X0Y0             PS7                          0.000     0.000 r  system_i/processing_system7_0/inst/PS7_i/FCLKCLK[0]
                         net (fo=1, routed)           0.303     0.303    system_i/processing_system7_0/inst/FCLK_CLK_unbuffered[0]
    BUFGCTRL_X0Y16       BUFG (Prop_bufg_I_O)         0.026     0.329 r  system_i/processing_system7_0/inst/buffer_fclk_clk_0.FCLK_CLK_0_BUFG/O
                         net (fo=20688, routed)       0.634     0.963    system_i/rst_ps7_0_100M/U0/slowest_sync_clk
    SLICE_X34Y130        FDRE                                         r  system_i/rst_ps7_0_100M/U0/ACTIVE_LOW_PR_OUT_DFF[0].FDRE_PER_N/C
  -------------------------------------------------------------------    -------------------
    SLICE_X34Y130        FDRE (Prop_fdre_C_Q)         0.164     1.127 r  system_i/rst_ps7_0_100M/U0/ACTIVE_LOW_PR_OUT_DFF[0].FDRE_PER_N/Q
                         net (fo=44, routed)          0.766     1.893    system_i/ps_axi3_lite_bridge_0/inst/aresetn
    SLICE_X29Y97         LUT1 (Prop_lut1_I0_O)        0.045     1.938 f  system_i/ps_axi3_lite_bridge_0/inst/s_axi_bid[11]_i_2/O
                         net (fo=130, routed)         0.218     2.156    system_i/ps_axi3_lite_bridge_0/inst/s_axi_bid[11]_i_2_n_0
    SLICE_X28Y95         FDCE                                         f  system_i/ps_axi3_lite_bridge_0/inst/s_axi_rdata_reg[6]/CLR
  -------------------------------------------------------------------    -------------------

                         (clock clk_fpga_0 rise edge)
                                                      0.000     0.000 r
    PS7_X0Y0             PS7                          0.000     0.000 r  system_i/processing_system7_0/inst/PS7_i/FCLKCLK[0]
                         net (fo=1, routed)           0.331     0.331    system_i/processing_system7_0/inst/FCLK_CLK_unbuffered[0]
    BUFGCTRL_X0Y16       BUFG (Prop_bufg_I_O)         0.029     0.360 r  system_i/processing_system7_0/inst/buffer_fclk_clk_0.FCLK_CLK_0_BUFG/O
                         net (fo=20688, routed)       0.831     1.191    system_i/ps_axi3_lite_bridge_0/inst/aclk
    SLICE_X28Y95         FDCE                                         r  system_i/ps_axi3_lite_bridge_0/inst/s_axi_rdata_reg[6]/C
                         clock pessimism             -0.036     1.155
    SLICE_X28Y95         FDCE (Remov_fdce_C_CLR)     -0.092     1.063    system_i/ps_axi3_lite_bridge_0/inst/s_axi_rdata_reg[6]
  -------------------------------------------------------------------
                         required time                         -1.063
                         arrival time                           2.156
  -------------------------------------------------------------------
                         slack                                  1.093

Slack (MET) :             1.093ns  (arrival time - required time)
  Source:                 system_i/rst_ps7_0_100M/U0/ACTIVE_LOW_PR_OUT_DFF[0].FDRE_PER_N/C
                            (rising edge-triggered cell FDRE clocked by clk_fpga_0  {rise@0.000ns fall@5.000ns period=10.000ns})
  Destination:            system_i/ps_axi3_lite_bridge_0/inst/s_axi_rdata_reg[8]/CLR
                            (removal check against rising-edge clock clk_fpga_0  {rise@0.000ns fall@5.000ns period=10.000ns})
  Path Group:             **async_default**
  Path Type:              Removal (Min at Fast Process Corner)
  Requirement:            0.000ns  (clk_fpga_0 rise@0.000ns - clk_fpga_0 rise@0.000ns)
  Data Path Delay:        1.193ns  (logic 0.209ns (17.521%)  route 0.984ns (82.479%))
  Logic Levels:           1  (LUT1=1)
  Clock Path Skew:        0.192ns (DCD - SCD - CPR)
    Destination Clock Delay (DCD):    1.191ns
    Source Clock Delay      (SCD):    0.963ns
    Clock Pessimism Removal (CPR):    0.036ns

    Location             Delay type                Incr(ns)  Path(ns)    Netlist Resource(s)
  -------------------------------------------------------------------    -------------------
                         (clock clk_fpga_0 rise edge)
                                                      0.000     0.000 r
    PS7_X0Y0             PS7                          0.000     0.000 r  system_i/processing_system7_0/inst/PS7_i/FCLKCLK[0]
                         net (fo=1, routed)           0.303     0.303    system_i/processing_system7_0/inst/FCLK_CLK_unbuffered[0]
    BUFGCTRL_X0Y16       BUFG (Prop_bufg_I_O)         0.026     0.329 r  system_i/processing_system7_0/inst/buffer_fclk_clk_0.FCLK_CLK_0_BUFG/O
                         net (fo=20688, routed)       0.634     0.963    system_i/rst_ps7_0_100M/U0/slowest_sync_clk
    SLICE_X34Y130        FDRE                                         r  system_i/rst_ps7_0_100M/U0/ACTIVE_LOW_PR_OUT_DFF[0].FDRE_PER_N/C
  -------------------------------------------------------------------    -------------------
    SLICE_X34Y130        FDRE (Prop_fdre_C_Q)         0.164     1.127 r  system_i/rst_ps7_0_100M/U0/ACTIVE_LOW_PR_OUT_DFF[0].FDRE_PER_N/Q
                         net (fo=44, routed)          0.766     1.893    system_i/ps_axi3_lite_bridge_0/inst/aresetn
    SLICE_X29Y97         LUT1 (Prop_lut1_I0_O)        0.045     1.938 f  system_i/ps_axi3_lite_bridge_0/inst/s_axi_bid[11]_i_2/O
                         net (fo=130, routed)         0.218     2.156    system_i/ps_axi3_lite_bridge_0/inst/s_axi_bid[11]_i_2_n_0
    SLICE_X28Y95         FDCE                                         f  system_i/ps_axi3_lite_bridge_0/inst/s_axi_rdata_reg[8]/CLR
  -------------------------------------------------------------------    -------------------

                         (clock clk_fpga_0 rise edge)
                                                      0.000     0.000 r
    PS7_X0Y0             PS7                          0.000     0.000 r  system_i/processing_system7_0/inst/PS7_i/FCLKCLK[0]
                         net (fo=1, routed)           0.331     0.331    system_i/processing_system7_0/inst/FCLK_CLK_unbuffered[0]
    BUFGCTRL_X0Y16       BUFG (Prop_bufg_I_O)         0.029     0.360 r  system_i/processing_system7_0/inst/buffer_fclk_clk_0.FCLK_CLK_0_BUFG/O
                         net (fo=20688, routed)       0.831     1.191    system_i/ps_axi3_lite_bridge_0/inst/aclk
    SLICE_X28Y95         FDCE                                         r  system_i/ps_axi3_lite_bridge_0/inst/s_axi_rdata_reg[8]/C
                         clock pessimism             -0.036     1.155
    SLICE_X28Y95         FDCE (Remov_fdce_C_CLR)     -0.092     1.063    system_i/ps_axi3_lite_bridge_0/inst/s_axi_rdata_reg[8]
  -------------------------------------------------------------------
                         required time                         -1.063
                         arrival time                           2.156
  -------------------------------------------------------------------
                         slack                                  1.093

Slack (MET) :             1.099ns  (arrival time - required time)
  Source:                 system_i/rst_ps7_0_100M/U0/ACTIVE_LOW_PR_OUT_DFF[0].FDRE_PER_N/C
                            (rising edge-triggered cell FDRE clocked by clk_fpga_0  {rise@0.000ns fall@5.000ns period=10.000ns})
  Destination:            system_i/ps_axi3_lite_bridge_0/inst/s_axi_bvalid_reg/CLR
                            (removal check against rising-edge clock clk_fpga_0  {rise@0.000ns fall@5.000ns period=10.000ns})
  Path Group:             **async_default**
  Path Type:              Removal (Min at Fast Process Corner)
  Requirement:            0.000ns  (clk_fpga_0 rise@0.000ns - clk_fpga_0 rise@0.000ns)
  Data Path Delay:        1.198ns  (logic 0.209ns (17.451%)  route 0.989ns (82.549%))
  Logic Levels:           1  (LUT1=1)
  Clock Path Skew:        0.191ns (DCD - SCD - CPR)
    Destination Clock Delay (DCD):    1.190ns
    Source Clock Delay      (SCD):    0.963ns
    Clock Pessimism Removal (CPR):    0.036ns

    Location             Delay type                Incr(ns)  Path(ns)    Netlist Resource(s)
  -------------------------------------------------------------------    -------------------
                         (clock clk_fpga_0 rise edge)
                                                      0.000     0.000 r
    PS7_X0Y0             PS7                          0.000     0.000 r  system_i/processing_system7_0/inst/PS7_i/FCLKCLK[0]
                         net (fo=1, routed)           0.303     0.303    system_i/processing_system7_0/inst/FCLK_CLK_unbuffered[0]
    BUFGCTRL_X0Y16       BUFG (Prop_bufg_I_O)         0.026     0.329 r  system_i/processing_system7_0/inst/buffer_fclk_clk_0.FCLK_CLK_0_BUFG/O
                         net (fo=20688, routed)       0.634     0.963    system_i/rst_ps7_0_100M/U0/slowest_sync_clk
    SLICE_X34Y130        FDRE                                         r  system_i/rst_ps7_0_100M/U0/ACTIVE_LOW_PR_OUT_DFF[0].FDRE_PER_N/C
  -------------------------------------------------------------------    -------------------
    SLICE_X34Y130        FDRE (Prop_fdre_C_Q)         0.164     1.127 r  system_i/rst_ps7_0_100M/U0/ACTIVE_LOW_PR_OUT_DFF[0].FDRE_PER_N/Q
                         net (fo=44, routed)          0.766     1.893    system_i/ps_axi3_lite_bridge_0/inst/aresetn
    SLICE_X29Y97         LUT1 (Prop_lut1_I0_O)        0.045     1.938 f  system_i/ps_axi3_lite_bridge_0/inst/s_axi_bid[11]_i_2/O
                         net (fo=130, routed)         0.223     2.161    system_i/ps_axi3_lite_bridge_0/inst/s_axi_bid[11]_i_2_n_0
    SLICE_X27Y95         FDCE                                         f  system_i/ps_axi3_lite_bridge_0/inst/s_axi_bvalid_reg/CLR
  -------------------------------------------------------------------    -------------------

                         (clock clk_fpga_0 rise edge)
                                                      0.000     0.000 r
    PS7_X0Y0             PS7                          0.000     0.000 r  system_i/processing_system7_0/inst/PS7_i/FCLKCLK[0]
                         net (fo=1, routed)           0.331     0.331    system_i/processing_system7_0/inst/FCLK_CLK_unbuffered[0]
    BUFGCTRL_X0Y16       BUFG (Prop_bufg_I_O)         0.029     0.360 r  system_i/processing_system7_0/inst/buffer_fclk_clk_0.FCLK_CLK_0_BUFG/O
                         net (fo=20688, routed)       0.830     1.190    system_i/ps_axi3_lite_bridge_0/inst/aclk
    SLICE_X27Y95         FDCE                                         r  system_i/ps_axi3_lite_bridge_0/inst/s_axi_bvalid_reg/C
                         clock pessimism             -0.036     1.154
    SLICE_X27Y95         FDCE (Remov_fdce_C_CLR)     -0.092     1.062    system_i/ps_axi3_lite_bridge_0/inst/s_axi_bvalid_reg
  -------------------------------------------------------------------
                         required time                         -1.062
                         arrival time                           2.161
  -------------------------------------------------------------------
                         slack                                  1.099

Slack (MET) :             1.099ns  (arrival time - required time)
  Source:                 system_i/rst_ps7_0_100M/U0/ACTIVE_LOW_PR_OUT_DFF[0].FDRE_PER_N/C
                            (rising edge-triggered cell FDRE clocked by clk_fpga_0  {rise@0.000ns fall@5.000ns period=10.000ns})
  Destination:            system_i/ps_axi3_lite_bridge_0/inst/w_buffer_valid_reg/CLR
                            (removal check against rising-edge clock clk_fpga_0  {rise@0.000ns fall@5.000ns period=10.000ns})
  Path Group:             **async_default**
  Path Type:              Removal (Min at Fast Process Corner)
  Requirement:            0.000ns  (clk_fpga_0 rise@0.000ns - clk_fpga_0 rise@0.000ns)
  Data Path Delay:        1.198ns  (logic 0.209ns (17.451%)  route 0.989ns (82.549%))
  Logic Levels:           1  (LUT1=1)
  Clock Path Skew:        0.191ns (DCD - SCD - CPR)
    Destination Clock Delay (DCD):    1.190ns
    Source Clock Delay      (SCD):    0.963ns
    Clock Pessimism Removal (CPR):    0.036ns

    Location             Delay type                Incr(ns)  Path(ns)    Netlist Resource(s)
  -------------------------------------------------------------------    -------------------
                         (clock clk_fpga_0 rise edge)
                                                      0.000     0.000 r
    PS7_X0Y0             PS7                          0.000     0.000 r  system_i/processing_system7_0/inst/PS7_i/FCLKCLK[0]
                         net (fo=1, routed)           0.303     0.303    system_i/processing_system7_0/inst/FCLK_CLK_unbuffered[0]
    BUFGCTRL_X0Y16       BUFG (Prop_bufg_I_O)         0.026     0.329 r  system_i/processing_system7_0/inst/buffer_fclk_clk_0.FCLK_CLK_0_BUFG/O
                         net (fo=20688, routed)       0.634     0.963    system_i/rst_ps7_0_100M/U0/slowest_sync_clk
    SLICE_X34Y130        FDRE                                         r  system_i/rst_ps7_0_100M/U0/ACTIVE_LOW_PR_OUT_DFF[0].FDRE_PER_N/C
  -------------------------------------------------------------------    -------------------
    SLICE_X34Y130        FDRE (Prop_fdre_C_Q)         0.164     1.127 r  system_i/rst_ps7_0_100M/U0/ACTIVE_LOW_PR_OUT_DFF[0].FDRE_PER_N/Q
                         net (fo=44, routed)          0.766     1.893    system_i/ps_axi3_lite_bridge_0/inst/aresetn
    SLICE_X29Y97         LUT1 (Prop_lut1_I0_O)        0.045     1.938 f  system_i/ps_axi3_lite_bridge_0/inst/s_axi_bid[11]_i_2/O
                         net (fo=130, routed)         0.223     2.161    system_i/ps_axi3_lite_bridge_0/inst/s_axi_bid[11]_i_2_n_0
    SLICE_X27Y95         FDCE                                         f  system_i/ps_axi3_lite_bridge_0/inst/w_buffer_valid_reg/CLR
  -------------------------------------------------------------------    -------------------

                         (clock clk_fpga_0 rise edge)
                                                      0.000     0.000 r
    PS7_X0Y0             PS7                          0.000     0.000 r  system_i/processing_system7_0/inst/PS7_i/FCLKCLK[0]
                         net (fo=1, routed)           0.331     0.331    system_i/processing_system7_0/inst/FCLK_CLK_unbuffered[0]
    BUFGCTRL_X0Y16       BUFG (Prop_bufg_I_O)         0.029     0.360 r  system_i/processing_system7_0/inst/buffer_fclk_clk_0.FCLK_CLK_0_BUFG/O
                         net (fo=20688, routed)       0.830     1.190    system_i/ps_axi3_lite_bridge_0/inst/aclk
    SLICE_X27Y95         FDCE                                         r  system_i/ps_axi3_lite_bridge_0/inst/w_buffer_valid_reg/C
                         clock pessimism             -0.036     1.154
    SLICE_X27Y95         FDCE (Remov_fdce_C_CLR)     -0.092     1.062    system_i/ps_axi3_lite_bridge_0/inst/w_buffer_valid_reg
  -------------------------------------------------------------------
                         required time                         -1.062
                         arrival time                           2.161
  -------------------------------------------------------------------
                         slack                                  1.099

Slack (MET) :             1.099ns  (arrival time - required time)
  Source:                 system_i/rst_ps7_0_100M/U0/ACTIVE_LOW_PR_OUT_DFF[0].FDRE_PER_N/C
                            (rising edge-triggered cell FDRE clocked by clk_fpga_0  {rise@0.000ns fall@5.000ns period=10.000ns})
  Destination:            system_i/ps_axi3_lite_bridge_0/inst/w_sent_reg/CLR
                            (removal check against rising-edge clock clk_fpga_0  {rise@0.000ns fall@5.000ns period=10.000ns})
  Path Group:             **async_default**
  Path Type:              Removal (Min at Fast Process Corner)
  Requirement:            0.000ns  (clk_fpga_0 rise@0.000ns - clk_fpga_0 rise@0.000ns)
  Data Path Delay:        1.198ns  (logic 0.209ns (17.451%)  route 0.989ns (82.549%))
  Logic Levels:           1  (LUT1=1)
  Clock Path Skew:        0.191ns (DCD - SCD - CPR)
    Destination Clock Delay (DCD):    1.190ns
    Source Clock Delay      (SCD):    0.963ns
    Clock Pessimism Removal (CPR):    0.036ns

    Location             Delay type                Incr(ns)  Path(ns)    Netlist Resource(s)
  -------------------------------------------------------------------    -------------------
                         (clock clk_fpga_0 rise edge)
                                                      0.000     0.000 r
    PS7_X0Y0             PS7                          0.000     0.000 r  system_i/processing_system7_0/inst/PS7_i/FCLKCLK[0]
                         net (fo=1, routed)           0.303     0.303    system_i/processing_system7_0/inst/FCLK_CLK_unbuffered[0]
    BUFGCTRL_X0Y16       BUFG (Prop_bufg_I_O)         0.026     0.329 r  system_i/processing_system7_0/inst/buffer_fclk_clk_0.FCLK_CLK_0_BUFG/O
                         net (fo=20688, routed)       0.634     0.963    system_i/rst_ps7_0_100M/U0/slowest_sync_clk
    SLICE_X34Y130        FDRE                                         r  system_i/rst_ps7_0_100M/U0/ACTIVE_LOW_PR_OUT_DFF[0].FDRE_PER_N/C
  -------------------------------------------------------------------    -------------------
    SLICE_X34Y130        FDRE (Prop_fdre_C_Q)         0.164     1.127 r  system_i/rst_ps7_0_100M/U0/ACTIVE_LOW_PR_OUT_DFF[0].FDRE_PER_N/Q
                         net (fo=44, routed)          0.766     1.893    system_i/ps_axi3_lite_bridge_0/inst/aresetn
    SLICE_X29Y97         LUT1 (Prop_lut1_I0_O)        0.045     1.938 f  system_i/ps_axi3_lite_bridge_0/inst/s_axi_bid[11]_i_2/O
                         net (fo=130, routed)         0.223     2.161    system_i/ps_axi3_lite_bridge_0/inst/s_axi_bid[11]_i_2_n_0
    SLICE_X27Y95         FDCE                                         f  system_i/ps_axi3_lite_bridge_0/inst/w_sent_reg/CLR
  -------------------------------------------------------------------    -------------------

                         (clock clk_fpga_0 rise edge)
                                                      0.000     0.000 r
    PS7_X0Y0             PS7                          0.000     0.000 r  system_i/processing_system7_0/inst/PS7_i/FCLKCLK[0]
                         net (fo=1, routed)           0.331     0.331    system_i/processing_system7_0/inst/FCLK_CLK_unbuffered[0]
    BUFGCTRL_X0Y16       BUFG (Prop_bufg_I_O)         0.029     0.360 r  system_i/processing_system7_0/inst/buffer_fclk_clk_0.FCLK_CLK_0_BUFG/O
                         net (fo=20688, routed)       0.830     1.190    system_i/ps_axi3_lite_bridge_0/inst/aclk
    SLICE_X27Y95         FDCE                                         r  system_i/ps_axi3_lite_bridge_0/inst/w_sent_reg/C
                         clock pessimism             -0.036     1.154
    SLICE_X27Y95         FDCE (Remov_fdce_C_CLR)     -0.092     1.062    system_i/ps_axi3_lite_bridge_0/inst/w_sent_reg
  -------------------------------------------------------------------
                         required time                         -1.062
                         arrival time                           2.161
  -------------------------------------------------------------------
                         slack                                  1.099

Slack (MET) :             1.114ns  (arrival time - required time)
  Source:                 system_i/rst_ps7_0_100M/U0/ACTIVE_LOW_PR_OUT_DFF[0].FDRE_PER_N/C
                            (rising edge-triggered cell FDRE clocked by clk_fpga_0  {rise@0.000ns fall@5.000ns period=10.000ns})
  Destination:            system_i/ps_axi3_lite_bridge_0/inst/s_axi_bid_reg[10]/CLR
                            (removal check against rising-edge clock clk_fpga_0  {rise@0.000ns fall@5.000ns period=10.000ns})
  Path Group:             **async_default**
  Path Type:              Removal (Min at Fast Process Corner)
  Requirement:            0.000ns  (clk_fpga_0 rise@0.000ns - clk_fpga_0 rise@0.000ns)
  Data Path Delay:        1.214ns  (logic 0.209ns (17.220%)  route 1.005ns (82.780%))
  Logic Levels:           1  (LUT1=1)
  Clock Path Skew:        0.192ns (DCD - SCD - CPR)
    Destination Clock Delay (DCD):    1.191ns
    Source Clock Delay      (SCD):    0.963ns
    Clock Pessimism Removal (CPR):    0.036ns

    Location             Delay type                Incr(ns)  Path(ns)    Netlist Resource(s)
  -------------------------------------------------------------------    -------------------
                         (clock clk_fpga_0 rise edge)
                                                      0.000     0.000 r
    PS7_X0Y0             PS7                          0.000     0.000 r  system_i/processing_system7_0/inst/PS7_i/FCLKCLK[0]
                         net (fo=1, routed)           0.303     0.303    system_i/processing_system7_0/inst/FCLK_CLK_unbuffered[0]
    BUFGCTRL_X0Y16       BUFG (Prop_bufg_I_O)         0.026     0.329 r  system_i/processing_system7_0/inst/buffer_fclk_clk_0.FCLK_CLK_0_BUFG/O
                         net (fo=20688, routed)       0.634     0.963    system_i/rst_ps7_0_100M/U0/slowest_sync_clk
    SLICE_X34Y130        FDRE                                         r  system_i/rst_ps7_0_100M/U0/ACTIVE_LOW_PR_OUT_DFF[0].FDRE_PER_N/C
  -------------------------------------------------------------------    -------------------
    SLICE_X34Y130        FDRE (Prop_fdre_C_Q)         0.164     1.127 r  system_i/rst_ps7_0_100M/U0/ACTIVE_LOW_PR_OUT_DFF[0].FDRE_PER_N/Q
                         net (fo=44, routed)          0.766     1.893    system_i/ps_axi3_lite_bridge_0/inst/aresetn
    SLICE_X29Y97         LUT1 (Prop_lut1_I0_O)        0.045     1.938 f  system_i/ps_axi3_lite_bridge_0/inst/s_axi_bid[11]_i_2/O
                         net (fo=130, routed)         0.239     2.177    system_i/ps_axi3_lite_bridge_0/inst/s_axi_bid[11]_i_2_n_0
    SLICE_X27Y98         FDCE                                         f  system_i/ps_axi3_lite_bridge_0/inst/s_axi_bid_reg[10]/CLR
  -------------------------------------------------------------------    -------------------

                         (clock clk_fpga_0 rise edge)
                                                      0.000     0.000 r
    PS7_X0Y0             PS7                          0.000     0.000 r  system_i/processing_system7_0/inst/PS7_i/FCLKCLK[0]
                         net (fo=1, routed)           0.331     0.331    system_i/processing_system7_0/inst/FCLK_CLK_unbuffered[0]
    BUFGCTRL_X0Y16       BUFG (Prop_bufg_I_O)         0.029     0.360 r  system_i/processing_system7_0/inst/buffer_fclk_clk_0.FCLK_CLK_0_BUFG/O
                         net (fo=20688, routed)       0.831     1.191    system_i/ps_axi3_lite_bridge_0/inst/aclk
    SLICE_X27Y98         FDCE                                         r  system_i/ps_axi3_lite_bridge_0/inst/s_axi_bid_reg[10]/C
                         clock pessimism             -0.036     1.155
    SLICE_X27Y98         FDCE (Remov_fdce_C_CLR)     -0.092     1.063    system_i/ps_axi3_lite_bridge_0/inst/s_axi_bid_reg[10]
  -------------------------------------------------------------------
                         required time                         -1.063
                         arrival time                           2.177
  -------------------------------------------------------------------
                         slack                                  1.114

Slack (MET) :             1.114ns  (arrival time - required time)
  Source:                 system_i/rst_ps7_0_100M/U0/ACTIVE_LOW_PR_OUT_DFF[0].FDRE_PER_N/C
                            (rising edge-triggered cell FDRE clocked by clk_fpga_0  {rise@0.000ns fall@5.000ns period=10.000ns})
  Destination:            system_i/ps_axi3_lite_bridge_0/inst/s_axi_bid_reg[11]/CLR
                            (removal check against rising-edge clock clk_fpga_0  {rise@0.000ns fall@5.000ns period=10.000ns})
  Path Group:             **async_default**
  Path Type:              Removal (Min at Fast Process Corner)
  Requirement:            0.000ns  (clk_fpga_0 rise@0.000ns - clk_fpga_0 rise@0.000ns)
  Data Path Delay:        1.214ns  (logic 0.209ns (17.220%)  route 1.005ns (82.780%))
  Logic Levels:           1  (LUT1=1)
  Clock Path Skew:        0.192ns (DCD - SCD - CPR)
    Destination Clock Delay (DCD):    1.191ns
    Source Clock Delay      (SCD):    0.963ns
    Clock Pessimism Removal (CPR):    0.036ns

    Location             Delay type                Incr(ns)  Path(ns)    Netlist Resource(s)
  -------------------------------------------------------------------    -------------------
                         (clock clk_fpga_0 rise edge)
                                                      0.000     0.000 r
    PS7_X0Y0             PS7                          0.000     0.000 r  system_i/processing_system7_0/inst/PS7_i/FCLKCLK[0]
                         net (fo=1, routed)           0.303     0.303    system_i/processing_system7_0/inst/FCLK_CLK_unbuffered[0]
    BUFGCTRL_X0Y16       BUFG (Prop_bufg_I_O)         0.026     0.329 r  system_i/processing_system7_0/inst/buffer_fclk_clk_0.FCLK_CLK_0_BUFG/O
                         net (fo=20688, routed)       0.634     0.963    system_i/rst_ps7_0_100M/U0/slowest_sync_clk
    SLICE_X34Y130        FDRE                                         r  system_i/rst_ps7_0_100M/U0/ACTIVE_LOW_PR_OUT_DFF[0].FDRE_PER_N/C
  -------------------------------------------------------------------    -------------------
    SLICE_X34Y130        FDRE (Prop_fdre_C_Q)         0.164     1.127 r  system_i/rst_ps7_0_100M/U0/ACTIVE_LOW_PR_OUT_DFF[0].FDRE_PER_N/Q
                         net (fo=44, routed)          0.766     1.893    system_i/ps_axi3_lite_bridge_0/inst/aresetn
    SLICE_X29Y97         LUT1 (Prop_lut1_I0_O)        0.045     1.938 f  system_i/ps_axi3_lite_bridge_0/inst/s_axi_bid[11]_i_2/O
                         net (fo=130, routed)         0.239     2.177    system_i/ps_axi3_lite_bridge_0/inst/s_axi_bid[11]_i_2_n_0
    SLICE_X27Y98         FDCE                                         f  system_i/ps_axi3_lite_bridge_0/inst/s_axi_bid_reg[11]/CLR
  -------------------------------------------------------------------    -------------------

                         (clock clk_fpga_0 rise edge)
                                                      0.000     0.000 r
    PS7_X0Y0             PS7                          0.000     0.000 r  system_i/processing_system7_0/inst/PS7_i/FCLKCLK[0]
                         net (fo=1, routed)           0.331     0.331    system_i/processing_system7_0/inst/FCLK_CLK_unbuffered[0]
    BUFGCTRL_X0Y16       BUFG (Prop_bufg_I_O)         0.029     0.360 r  system_i/processing_system7_0/inst/buffer_fclk_clk_0.FCLK_CLK_0_BUFG/O
                         net (fo=20688, routed)       0.831     1.191    system_i/ps_axi3_lite_bridge_0/inst/aclk
    SLICE_X27Y98         FDCE                                         r  system_i/ps_axi3_lite_bridge_0/inst/s_axi_bid_reg[11]/C
                         clock pessimism             -0.036     1.155
    SLICE_X27Y98         FDCE (Remov_fdce_C_CLR)     -0.092     1.063    system_i/ps_axi3_lite_bridge_0/inst/s_axi_bid_reg[11]
  -------------------------------------------------------------------
                         required time                         -1.063
                         arrival time                           2.177
  -------------------------------------------------------------------
                         slack                                  1.114

Slack (MET) :             1.114ns  (arrival time - required time)
  Source:                 system_i/rst_ps7_0_100M/U0/ACTIVE_LOW_PR_OUT_DFF[0].FDRE_PER_N/C
                            (rising edge-triggered cell FDRE clocked by clk_fpga_0  {rise@0.000ns fall@5.000ns period=10.000ns})
  Destination:            system_i/ps_axi3_lite_bridge_0/inst/s_axi_bid_reg[3]/CLR
                            (removal check against rising-edge clock clk_fpga_0  {rise@0.000ns fall@5.000ns period=10.000ns})
  Path Group:             **async_default**
  Path Type:              Removal (Min at Fast Process Corner)
  Requirement:            0.000ns  (clk_fpga_0 rise@0.000ns - clk_fpga_0 rise@0.000ns)
  Data Path Delay:        1.214ns  (logic 0.209ns (17.220%)  route 1.005ns (82.780%))
  Logic Levels:           1  (LUT1=1)
  Clock Path Skew:        0.192ns (DCD - SCD - CPR)
    Destination Clock Delay (DCD):    1.191ns
    Source Clock Delay      (SCD):    0.963ns
    Clock Pessimism Removal (CPR):    0.036ns

    Location             Delay type                Incr(ns)  Path(ns)    Netlist Resource(s)
  -------------------------------------------------------------------    -------------------
                         (clock clk_fpga_0 rise edge)
                                                      0.000     0.000 r
    PS7_X0Y0             PS7                          0.000     0.000 r  system_i/processing_system7_0/inst/PS7_i/FCLKCLK[0]
                         net (fo=1, routed)           0.303     0.303    system_i/processing_system7_0/inst/FCLK_CLK_unbuffered[0]
    BUFGCTRL_X0Y16       BUFG (Prop_bufg_I_O)         0.026     0.329 r  system_i/processing_system7_0/inst/buffer_fclk_clk_0.FCLK_CLK_0_BUFG/O
                         net (fo=20688, routed)       0.634     0.963    system_i/rst_ps7_0_100M/U0/slowest_sync_clk
    SLICE_X34Y130        FDRE                                         r  system_i/rst_ps7_0_100M/U0/ACTIVE_LOW_PR_OUT_DFF[0].FDRE_PER_N/C
  -------------------------------------------------------------------    -------------------
    SLICE_X34Y130        FDRE (Prop_fdre_C_Q)         0.164     1.127 r  system_i/rst_ps7_0_100M/U0/ACTIVE_LOW_PR_OUT_DFF[0].FDRE_PER_N/Q
                         net (fo=44, routed)          0.766     1.893    system_i/ps_axi3_lite_bridge_0/inst/aresetn
    SLICE_X29Y97         LUT1 (Prop_lut1_I0_O)        0.045     1.938 f  system_i/ps_axi3_lite_bridge_0/inst/s_axi_bid[11]_i_2/O
                         net (fo=130, routed)         0.239     2.177    system_i/ps_axi3_lite_bridge_0/inst/s_axi_bid[11]_i_2_n_0
    SLICE_X27Y98         FDCE                                         f  system_i/ps_axi3_lite_bridge_0/inst/s_axi_bid_reg[3]/CLR
  -------------------------------------------------------------------    -------------------

                         (clock clk_fpga_0 rise edge)
                                                      0.000     0.000 r
    PS7_X0Y0             PS7                          0.000     0.000 r  system_i/processing_system7_0/inst/PS7_i/FCLKCLK[0]
                         net (fo=1, routed)           0.331     0.331    system_i/processing_system7_0/inst/FCLK_CLK_unbuffered[0]
    BUFGCTRL_X0Y16       BUFG (Prop_bufg_I_O)         0.029     0.360 r  system_i/processing_system7_0/inst/buffer_fclk_clk_0.FCLK_CLK_0_BUFG/O
                         net (fo=20688, routed)       0.831     1.191    system_i/ps_axi3_lite_bridge_0/inst/aclk
    SLICE_X27Y98         FDCE                                         r  system_i/ps_axi3_lite_bridge_0/inst/s_axi_bid_reg[3]/C
                         clock pessimism             -0.036     1.155
    SLICE_X27Y98         FDCE (Remov_fdce_C_CLR)     -0.092     1.063    system_i/ps_axi3_lite_bridge_0/inst/s_axi_bid_reg[3]
  -------------------------------------------------------------------
                         required time                         -1.063
                         arrival time                           2.177
  -------------------------------------------------------------------
                         slack                                  1.114

Slack (MET) :             1.114ns  (arrival time - required time)
  Source:                 system_i/rst_ps7_0_100M/U0/ACTIVE_LOW_PR_OUT_DFF[0].FDRE_PER_N/C
                            (rising edge-triggered cell FDRE clocked by clk_fpga_0  {rise@0.000ns fall@5.000ns period=10.000ns})
  Destination:            system_i/ps_axi3_lite_bridge_0/inst/s_axi_bid_reg[7]/CLR
                            (removal check against rising-edge clock clk_fpga_0  {rise@0.000ns fall@5.000ns period=10.000ns})
  Path Group:             **async_default**
  Path Type:              Removal (Min at Fast Process Corner)
  Requirement:            0.000ns  (clk_fpga_0 rise@0.000ns - clk_fpga_0 rise@0.000ns)
  Data Path Delay:        1.214ns  (logic 0.209ns (17.220%)  route 1.005ns (82.780%))
  Logic Levels:           1  (LUT1=1)
  Clock Path Skew:        0.192ns (DCD - SCD - CPR)
    Destination Clock Delay (DCD):    1.191ns
    Source Clock Delay      (SCD):    0.963ns
    Clock Pessimism Removal (CPR):    0.036ns

    Location             Delay type                Incr(ns)  Path(ns)    Netlist Resource(s)
  -------------------------------------------------------------------    -------------------
                         (clock clk_fpga_0 rise edge)
                                                      0.000     0.000 r
    PS7_X0Y0             PS7                          0.000     0.000 r  system_i/processing_system7_0/inst/PS7_i/FCLKCLK[0]
                         net (fo=1, routed)           0.303     0.303    system_i/processing_system7_0/inst/FCLK_CLK_unbuffered[0]
    BUFGCTRL_X0Y16       BUFG (Prop_bufg_I_O)         0.026     0.329 r  system_i/processing_system7_0/inst/buffer_fclk_clk_0.FCLK_CLK_0_BUFG/O
                         net (fo=20688, routed)       0.634     0.963    system_i/rst_ps7_0_100M/U0/slowest_sync_clk
    SLICE_X34Y130        FDRE                                         r  system_i/rst_ps7_0_100M/U0/ACTIVE_LOW_PR_OUT_DFF[0].FDRE_PER_N/C
  -------------------------------------------------------------------    -------------------
    SLICE_X34Y130        FDRE (Prop_fdre_C_Q)         0.164     1.127 r  system_i/rst_ps7_0_100M/U0/ACTIVE_LOW_PR_OUT_DFF[0].FDRE_PER_N/Q
                         net (fo=44, routed)          0.766     1.893    system_i/ps_axi3_lite_bridge_0/inst/aresetn
    SLICE_X29Y97         LUT1 (Prop_lut1_I0_O)        0.045     1.938 f  system_i/ps_axi3_lite_bridge_0/inst/s_axi_bid[11]_i_2/O
                         net (fo=130, routed)         0.239     2.177    system_i/ps_axi3_lite_bridge_0/inst/s_axi_bid[11]_i_2_n_0
    SLICE_X27Y98         FDCE                                         f  system_i/ps_axi3_lite_bridge_0/inst/s_axi_bid_reg[7]/CLR
  -------------------------------------------------------------------    -------------------

                         (clock clk_fpga_0 rise edge)
                                                      0.000     0.000 r
    PS7_X0Y0             PS7                          0.000     0.000 r  system_i/processing_system7_0/inst/PS7_i/FCLKCLK[0]
                         net (fo=1, routed)           0.331     0.331    system_i/processing_system7_0/inst/FCLK_CLK_unbuffered[0]
    BUFGCTRL_X0Y16       BUFG (Prop_bufg_I_O)         0.029     0.360 r  system_i/processing_system7_0/inst/buffer_fclk_clk_0.FCLK_CLK_0_BUFG/O
                         net (fo=20688, routed)       0.831     1.191    system_i/ps_axi3_lite_bridge_0/inst/aclk
    SLICE_X27Y98         FDCE                                         r  system_i/ps_axi3_lite_bridge_0/inst/s_axi_bid_reg[7]/C
                         clock pessimism             -0.036     1.155
    SLICE_X27Y98         FDCE (Remov_fdce_C_CLR)     -0.092     1.063    system_i/ps_axi3_lite_bridge_0/inst/s_axi_bid_reg[7]
  -------------------------------------------------------------------
                         required time                         -1.063
                         arrival time                           2.177
  -------------------------------------------------------------------
                         slack                                  1.114

Slack (MET) :             1.114ns  (arrival time - required time)
  Source:                 system_i/rst_ps7_0_100M/U0/ACTIVE_LOW_PR_OUT_DFF[0].FDRE_PER_N/C
                            (rising edge-triggered cell FDRE clocked by clk_fpga_0  {rise@0.000ns fall@5.000ns period=10.000ns})
  Destination:            system_i/ps_axi3_lite_bridge_0/inst/s_axi_bid_reg[8]/CLR
                            (removal check against rising-edge clock clk_fpga_0  {rise@0.000ns fall@5.000ns period=10.000ns})
  Path Group:             **async_default**
  Path Type:              Removal (Min at Fast Process Corner)
  Requirement:            0.000ns  (clk_fpga_0 rise@0.000ns - clk_fpga_0 rise@0.000ns)
  Data Path Delay:        1.214ns  (logic 0.209ns (17.220%)  route 1.005ns (82.780%))
  Logic Levels:           1  (LUT1=1)
  Clock Path Skew:        0.192ns (DCD - SCD - CPR)
    Destination Clock Delay (DCD):    1.191ns
    Source Clock Delay      (SCD):    0.963ns
    Clock Pessimism Removal (CPR):    0.036ns

    Location             Delay type                Incr(ns)  Path(ns)    Netlist Resource(s)
  -------------------------------------------------------------------    -------------------
                         (clock clk_fpga_0 rise edge)
                                                      0.000     0.000 r
    PS7_X0Y0             PS7                          0.000     0.000 r  system_i/processing_system7_0/inst/PS7_i/FCLKCLK[0]
                         net (fo=1, routed)           0.303     0.303    system_i/processing_system7_0/inst/FCLK_CLK_unbuffered[0]
    BUFGCTRL_X0Y16       BUFG (Prop_bufg_I_O)         0.026     0.329 r  system_i/processing_system7_0/inst/buffer_fclk_clk_0.FCLK_CLK_0_BUFG/O
                         net (fo=20688, routed)       0.634     0.963    system_i/rst_ps7_0_100M/U0/slowest_sync_clk
    SLICE_X34Y130        FDRE                                         r  system_i/rst_ps7_0_100M/U0/ACTIVE_LOW_PR_OUT_DFF[0].FDRE_PER_N/C
  -------------------------------------------------------------------    -------------------
    SLICE_X34Y130        FDRE (Prop_fdre_C_Q)         0.164     1.127 r  system_i/rst_ps7_0_100M/U0/ACTIVE_LOW_PR_OUT_DFF[0].FDRE_PER_N/Q
                         net (fo=44, routed)          0.766     1.893    system_i/ps_axi3_lite_bridge_0/inst/aresetn
    SLICE_X29Y97         LUT1 (Prop_lut1_I0_O)        0.045     1.938 f  system_i/ps_axi3_lite_bridge_0/inst/s_axi_bid[11]_i_2/O
                         net (fo=130, routed)         0.239     2.177    system_i/ps_axi3_lite_bridge_0/inst/s_axi_bid[11]_i_2_n_0
    SLICE_X27Y98         FDCE                                         f  system_i/ps_axi3_lite_bridge_0/inst/s_axi_bid_reg[8]/CLR
  -------------------------------------------------------------------    -------------------

                         (clock clk_fpga_0 rise edge)
                                                      0.000     0.000 r
    PS7_X0Y0             PS7                          0.000     0.000 r  system_i/processing_system7_0/inst/PS7_i/FCLKCLK[0]
                         net (fo=1, routed)           0.331     0.331    system_i/processing_system7_0/inst/FCLK_CLK_unbuffered[0]
    BUFGCTRL_X0Y16       BUFG (Prop_bufg_I_O)         0.029     0.360 r  system_i/processing_system7_0/inst/buffer_fclk_clk_0.FCLK_CLK_0_BUFG/O
                         net (fo=20688, routed)       0.831     1.191    system_i/ps_axi3_lite_bridge_0/inst/aclk
    SLICE_X27Y98         FDCE                                         r  system_i/ps_axi3_lite_bridge_0/inst/s_axi_bid_reg[8]/C
                         clock pessimism             -0.036     1.155
    SLICE_X27Y98         FDCE (Remov_fdce_C_CLR)     -0.092     1.063    system_i/ps_axi3_lite_bridge_0/inst/s_axi_bid_reg[8]
  -------------------------------------------------------------------
                         required time                         -1.063
                         arrival time                           2.177
  -------------------------------------------------------------------
                         slack                                  1.114

Slack (MET) :             1.114ns  (arrival time - required time)
  Source:                 system_i/rst_ps7_0_100M/U0/ACTIVE_LOW_PR_OUT_DFF[0].FDRE_PER_N/C
                            (rising edge-triggered cell FDRE clocked by clk_fpga_0  {rise@0.000ns fall@5.000ns period=10.000ns})
  Destination:            system_i/ps_axi3_lite_bridge_0/inst/s_axi_bid_reg[9]/CLR
                            (removal check against rising-edge clock clk_fpga_0  {rise@0.000ns fall@5.000ns period=10.000ns})
  Path Group:             **async_default**
  Path Type:              Removal (Min at Fast Process Corner)
  Requirement:            0.000ns  (clk_fpga_0 rise@0.000ns - clk_fpga_0 rise@0.000ns)
  Data Path Delay:        1.214ns  (logic 0.209ns (17.220%)  route 1.005ns (82.780%))
  Logic Levels:           1  (LUT1=1)
  Clock Path Skew:        0.192ns (DCD - SCD - CPR)
    Destination Clock Delay (DCD):    1.191ns
    Source Clock Delay      (SCD):    0.963ns
    Clock Pessimism Removal (CPR):    0.036ns

    Location             Delay type                Incr(ns)  Path(ns)    Netlist Resource(s)
  -------------------------------------------------------------------    -------------------
                         (clock clk_fpga_0 rise edge)
                                                      0.000     0.000 r
    PS7_X0Y0             PS7                          0.000     0.000 r  system_i/processing_system7_0/inst/PS7_i/FCLKCLK[0]
                         net (fo=1, routed)           0.303     0.303    system_i/processing_system7_0/inst/FCLK_CLK_unbuffered[0]
    BUFGCTRL_X0Y16       BUFG (Prop_bufg_I_O)         0.026     0.329 r  system_i/processing_system7_0/inst/buffer_fclk_clk_0.FCLK_CLK_0_BUFG/O
                         net (fo=20688, routed)       0.634     0.963    system_i/rst_ps7_0_100M/U0/slowest_sync_clk
    SLICE_X34Y130        FDRE                                         r  system_i/rst_ps7_0_100M/U0/ACTIVE_LOW_PR_OUT_DFF[0].FDRE_PER_N/C
  -------------------------------------------------------------------    -------------------
    SLICE_X34Y130        FDRE (Prop_fdre_C_Q)         0.164     1.127 r  system_i/rst_ps7_0_100M/U0/ACTIVE_LOW_PR_OUT_DFF[0].FDRE_PER_N/Q
                         net (fo=44, routed)          0.766     1.893    system_i/ps_axi3_lite_bridge_0/inst/aresetn
    SLICE_X29Y97         LUT1 (Prop_lut1_I0_O)        0.045     1.938 f  system_i/ps_axi3_lite_bridge_0/inst/s_axi_bid[11]_i_2/O
                         net (fo=130, routed)         0.239     2.177    system_i/ps_axi3_lite_bridge_0/inst/s_axi_bid[11]_i_2_n_0
    SLICE_X27Y98         FDCE                                         f  system_i/ps_axi3_lite_bridge_0/inst/s_axi_bid_reg[9]/CLR
  -------------------------------------------------------------------    -------------------

                         (clock clk_fpga_0 rise edge)
                                                      0.000     0.000 r
    PS7_X0Y0             PS7                          0.000     0.000 r  system_i/processing_system7_0/inst/PS7_i/FCLKCLK[0]
                         net (fo=1, routed)           0.331     0.331    system_i/processing_system7_0/inst/FCLK_CLK_unbuffered[0]
    BUFGCTRL_X0Y16       BUFG (Prop_bufg_I_O)         0.029     0.360 r  system_i/processing_system7_0/inst/buffer_fclk_clk_0.FCLK_CLK_0_BUFG/O
                         net (fo=20688, routed)       0.831     1.191    system_i/ps_axi3_lite_bridge_0/inst/aclk
    SLICE_X27Y98         FDCE                                         r  system_i/ps_axi3_lite_bridge_0/inst/s_axi_bid_reg[9]/C
                         clock pessimism             -0.036     1.155
    SLICE_X27Y98         FDCE (Remov_fdce_C_CLR)     -0.092     1.063    system_i/ps_axi3_lite_bridge_0/inst/s_axi_bid_reg[9]
  -------------------------------------------------------------------
                         required time                         -1.063
                         arrival time                           2.177
  -------------------------------------------------------------------
                         slack                                  1.114

Slack (MET) :             1.130ns  (arrival time - required time)
  Source:                 system_i/rst_ps7_0_100M/U0/ACTIVE_LOW_PR_OUT_DFF[0].FDRE_PER_N/C
                            (rising edge-triggered cell FDRE clocked by clk_fpga_0  {rise@0.000ns fall@5.000ns period=10.000ns})
  Destination:            system_i/ps_axi3_lite_bridge_0/inst/wdata_reg_reg[21]/CLR
                            (removal check against rising-edge clock clk_fpga_0  {rise@0.000ns fall@5.000ns period=10.000ns})
  Path Group:             **async_default**
  Path Type:              Removal (Min at Fast Process Corner)
  Requirement:            0.000ns  (clk_fpga_0 rise@0.000ns - clk_fpga_0 rise@0.000ns)
  Data Path Delay:        1.231ns  (logic 0.209ns (16.978%)  route 1.022ns (83.022%))
  Logic Levels:           1  (LUT1=1)
  Clock Path Skew:        0.193ns (DCD - SCD - CPR)
    Destination Clock Delay (DCD):    1.192ns
    Source Clock Delay      (SCD):    0.963ns
    Clock Pessimism Removal (CPR):    0.036ns

    Location             Delay type                Incr(ns)  Path(ns)    Netlist Resource(s)
  -------------------------------------------------------------------    -------------------
                         (clock clk_fpga_0 rise edge)
                                                      0.000     0.000 r
    PS7_X0Y0             PS7                          0.000     0.000 r  system_i/processing_system7_0/inst/PS7_i/FCLKCLK[0]
                         net (fo=1, routed)           0.303     0.303    system_i/processing_system7_0/inst/FCLK_CLK_unbuffered[0]
    BUFGCTRL_X0Y16       BUFG (Prop_bufg_I_O)         0.026     0.329 r  system_i/processing_system7_0/inst/buffer_fclk_clk_0.FCLK_CLK_0_BUFG/O
                         net (fo=20688, routed)       0.634     0.963    system_i/rst_ps7_0_100M/U0/slowest_sync_clk
    SLICE_X34Y130        FDRE                                         r  system_i/rst_ps7_0_100M/U0/ACTIVE_LOW_PR_OUT_DFF[0].FDRE_PER_N/C
  -------------------------------------------------------------------    -------------------
    SLICE_X34Y130        FDRE (Prop_fdre_C_Q)         0.164     1.127 r  system_i/rst_ps7_0_100M/U0/ACTIVE_LOW_PR_OUT_DFF[0].FDRE_PER_N/Q
                         net (fo=44, routed)          0.766     1.893    system_i/ps_axi3_lite_bridge_0/inst/aresetn
    SLICE_X29Y97         LUT1 (Prop_lut1_I0_O)        0.045     1.938 f  system_i/ps_axi3_lite_bridge_0/inst/s_axi_bid[11]_i_2/O
                         net (fo=130, routed)         0.256     2.194    system_i/ps_axi3_lite_bridge_0/inst/s_axi_bid[11]_i_2_n_0
    SLICE_X28Y98         FDCE                                         f  system_i/ps_axi3_lite_bridge_0/inst/wdata_reg_reg[21]/CLR
  -------------------------------------------------------------------    -------------------

                         (clock clk_fpga_0 rise edge)
                                                      0.000     0.000 r
    PS7_X0Y0             PS7                          0.000     0.000 r  system_i/processing_system7_0/inst/PS7_i/FCLKCLK[0]
                         net (fo=1, routed)           0.331     0.331    system_i/processing_system7_0/inst/FCLK_CLK_unbuffered[0]
    BUFGCTRL_X0Y16       BUFG (Prop_bufg_I_O)         0.029     0.360 r  system_i/processing_system7_0/inst/buffer_fclk_clk_0.FCLK_CLK_0_BUFG/O
                         net (fo=20688, routed)       0.832     1.192    system_i/ps_axi3_lite_bridge_0/inst/aclk
    SLICE_X28Y98         FDCE                                         r  system_i/ps_axi3_lite_bridge_0/inst/wdata_reg_reg[21]/C
                         clock pessimism             -0.036     1.156
    SLICE_X28Y98         FDCE (Remov_fdce_C_CLR)     -0.092     1.064    system_i/ps_axi3_lite_bridge_0/inst/wdata_reg_reg[21]
  -------------------------------------------------------------------
                         required time                         -1.064
                         arrival time                           2.194
  -------------------------------------------------------------------
                         slack                                  1.130

Slack (MET) :             1.130ns  (arrival time - required time)
  Source:                 system_i/rst_ps7_0_100M/U0/ACTIVE_LOW_PR_OUT_DFF[0].FDRE_PER_N/C
                            (rising edge-triggered cell FDRE clocked by clk_fpga_0  {rise@0.000ns fall@5.000ns period=10.000ns})
  Destination:            system_i/ps_axi3_lite_bridge_0/inst/wstrb_reg_reg[2]/CLR
                            (removal check against rising-edge clock clk_fpga_0  {rise@0.000ns fall@5.000ns period=10.000ns})
  Path Group:             **async_default**
  Path Type:              Removal (Min at Fast Process Corner)
  Requirement:            0.000ns  (clk_fpga_0 rise@0.000ns - clk_fpga_0 rise@0.000ns)
  Data Path Delay:        1.231ns  (logic 0.209ns (16.978%)  route 1.022ns (83.022%))
  Logic Levels:           1  (LUT1=1)
  Clock Path Skew:        0.193ns (DCD - SCD - CPR)
    Destination Clock Delay (DCD):    1.192ns
    Source Clock Delay      (SCD):    0.963ns
    Clock Pessimism Removal (CPR):    0.036ns

    Location             Delay type                Incr(ns)  Path(ns)    Netlist Resource(s)
  -------------------------------------------------------------------    -------------------
                         (clock clk_fpga_0 rise edge)
                                                      0.000     0.000 r
    PS7_X0Y0             PS7                          0.000     0.000 r  system_i/processing_system7_0/inst/PS7_i/FCLKCLK[0]
                         net (fo=1, routed)           0.303     0.303    system_i/processing_system7_0/inst/FCLK_CLK_unbuffered[0]
    BUFGCTRL_X0Y16       BUFG (Prop_bufg_I_O)         0.026     0.329 r  system_i/processing_system7_0/inst/buffer_fclk_clk_0.FCLK_CLK_0_BUFG/O
                         net (fo=20688, routed)       0.634     0.963    system_i/rst_ps7_0_100M/U0/slowest_sync_clk
    SLICE_X34Y130        FDRE                                         r  system_i/rst_ps7_0_100M/U0/ACTIVE_LOW_PR_OUT_DFF[0].FDRE_PER_N/C
  -------------------------------------------------------------------    -------------------
    SLICE_X34Y130        FDRE (Prop_fdre_C_Q)         0.164     1.127 r  system_i/rst_ps7_0_100M/U0/ACTIVE_LOW_PR_OUT_DFF[0].FDRE_PER_N/Q
                         net (fo=44, routed)          0.766     1.893    system_i/ps_axi3_lite_bridge_0/inst/aresetn
    SLICE_X29Y97         LUT1 (Prop_lut1_I0_O)        0.045     1.938 f  system_i/ps_axi3_lite_bridge_0/inst/s_axi_bid[11]_i_2/O
                         net (fo=130, routed)         0.256     2.194    system_i/ps_axi3_lite_bridge_0/inst/s_axi_bid[11]_i_2_n_0
    SLICE_X28Y98         FDCE                                         f  system_i/ps_axi3_lite_bridge_0/inst/wstrb_reg_reg[2]/CLR
  -------------------------------------------------------------------    -------------------

                         (clock clk_fpga_0 rise edge)
                                                      0.000     0.000 r
    PS7_X0Y0             PS7                          0.000     0.000 r  system_i/processing_system7_0/inst/PS7_i/FCLKCLK[0]
                         net (fo=1, routed)           0.331     0.331    system_i/processing_system7_0/inst/FCLK_CLK_unbuffered[0]
    BUFGCTRL_X0Y16       BUFG (Prop_bufg_I_O)         0.029     0.360 r  system_i/processing_system7_0/inst/buffer_fclk_clk_0.FCLK_CLK_0_BUFG/O
                         net (fo=20688, routed)       0.832     1.192    system_i/ps_axi3_lite_bridge_0/inst/aclk
    SLICE_X28Y98         FDCE                                         r  system_i/ps_axi3_lite_bridge_0/inst/wstrb_reg_reg[2]/C
                         clock pessimism             -0.036     1.156
    SLICE_X28Y98         FDCE (Remov_fdce_C_CLR)     -0.092     1.064    system_i/ps_axi3_lite_bridge_0/inst/wstrb_reg_reg[2]
  -------------------------------------------------------------------
                         required time                         -1.064
                         arrival time                           2.194
  -------------------------------------------------------------------
                         slack                                  1.130

Slack (MET) :             1.144ns  (arrival time - required time)
  Source:                 system_i/rst_ps7_0_100M/U0/ACTIVE_LOW_PR_OUT_DFF[0].FDRE_PER_N/C
                            (rising edge-triggered cell FDRE clocked by clk_fpga_0  {rise@0.000ns fall@5.000ns period=10.000ns})
  Destination:            system_i/ps_axi3_lite_bridge_0/inst/read_active_reg/CLR
                            (removal check against rising-edge clock clk_fpga_0  {rise@0.000ns fall@5.000ns period=10.000ns})
  Path Group:             **async_default**
  Path Type:              Removal (Min at Fast Process Corner)
  Requirement:            0.000ns  (clk_fpga_0 rise@0.000ns - clk_fpga_0 rise@0.000ns)
  Data Path Delay:        1.268ns  (logic 0.209ns (16.480%)  route 1.059ns (83.520%))
  Logic Levels:           1  (LUT1=1)
  Clock Path Skew:        0.191ns (DCD - SCD - CPR)
    Destination Clock Delay (DCD):    1.190ns
    Source Clock Delay      (SCD):    0.963ns
    Clock Pessimism Removal (CPR):    0.036ns

    Location             Delay type                Incr(ns)  Path(ns)    Netlist Resource(s)
  -------------------------------------------------------------------    -------------------
                         (clock clk_fpga_0 rise edge)
                                                      0.000     0.000 r
    PS7_X0Y0             PS7                          0.000     0.000 r  system_i/processing_system7_0/inst/PS7_i/FCLKCLK[0]
                         net (fo=1, routed)           0.303     0.303    system_i/processing_system7_0/inst/FCLK_CLK_unbuffered[0]
    BUFGCTRL_X0Y16       BUFG (Prop_bufg_I_O)         0.026     0.329 r  system_i/processing_system7_0/inst/buffer_fclk_clk_0.FCLK_CLK_0_BUFG/O
                         net (fo=20688, routed)       0.634     0.963    system_i/rst_ps7_0_100M/U0/slowest_sync_clk
    SLICE_X34Y130        FDRE                                         r  system_i/rst_ps7_0_100M/U0/ACTIVE_LOW_PR_OUT_DFF[0].FDRE_PER_N/C
  -------------------------------------------------------------------    -------------------
    SLICE_X34Y130        FDRE (Prop_fdre_C_Q)         0.164     1.127 r  system_i/rst_ps7_0_100M/U0/ACTIVE_LOW_PR_OUT_DFF[0].FDRE_PER_N/Q
                         net (fo=44, routed)          0.766     1.893    system_i/ps_axi3_lite_bridge_0/inst/aresetn
    SLICE_X29Y97         LUT1 (Prop_lut1_I0_O)        0.045     1.938 f  system_i/ps_axi3_lite_bridge_0/inst/s_axi_bid[11]_i_2/O
                         net (fo=130, routed)         0.294     2.231    system_i/ps_axi3_lite_bridge_0/inst/s_axi_bid[11]_i_2_n_0
    SLICE_X26Y94         FDCE                                         f  system_i/ps_axi3_lite_bridge_0/inst/read_active_reg/CLR
  -------------------------------------------------------------------    -------------------

                         (clock clk_fpga_0 rise edge)
                                                      0.000     0.000 r
    PS7_X0Y0             PS7                          0.000     0.000 r  system_i/processing_system7_0/inst/PS7_i/FCLKCLK[0]
                         net (fo=1, routed)           0.331     0.331    system_i/processing_system7_0/inst/FCLK_CLK_unbuffered[0]
    BUFGCTRL_X0Y16       BUFG (Prop_bufg_I_O)         0.029     0.360 r  system_i/processing_system7_0/inst/buffer_fclk_clk_0.FCLK_CLK_0_BUFG/O
                         net (fo=20688, routed)       0.830     1.190    system_i/ps_axi3_lite_bridge_0/inst/aclk
    SLICE_X26Y94         FDCE                                         r  system_i/ps_axi3_lite_bridge_0/inst/read_active_reg/C
                         clock pessimism             -0.036     1.154
    SLICE_X26Y94         FDCE (Remov_fdce_C_CLR)     -0.067     1.087    system_i/ps_axi3_lite_bridge_0/inst/read_active_reg
  -------------------------------------------------------------------
                         required time                         -1.087
                         arrival time                           2.231
  -------------------------------------------------------------------
                         slack                                  1.144

Slack (MET) :             1.144ns  (arrival time - required time)
  Source:                 system_i/rst_ps7_0_100M/U0/ACTIVE_LOW_PR_OUT_DFF[0].FDRE_PER_N/C
                            (rising edge-triggered cell FDRE clocked by clk_fpga_0  {rise@0.000ns fall@5.000ns period=10.000ns})
  Destination:            system_i/ps_axi3_lite_bridge_0/inst/s_axi_rlast_reg/CLR
                            (removal check against rising-edge clock clk_fpga_0  {rise@0.000ns fall@5.000ns period=10.000ns})
  Path Group:             **async_default**
  Path Type:              Removal (Min at Fast Process Corner)
  Requirement:            0.000ns  (clk_fpga_0 rise@0.000ns - clk_fpga_0 rise@0.000ns)
  Data Path Delay:        1.268ns  (logic 0.209ns (16.480%)  route 1.059ns (83.520%))
  Logic Levels:           1  (LUT1=1)
  Clock Path Skew:        0.191ns (DCD - SCD - CPR)
    Destination Clock Delay (DCD):    1.190ns
    Source Clock Delay      (SCD):    0.963ns
    Clock Pessimism Removal (CPR):    0.036ns

    Location             Delay type                Incr(ns)  Path(ns)    Netlist Resource(s)
  -------------------------------------------------------------------    -------------------
                         (clock clk_fpga_0 rise edge)
                                                      0.000     0.000 r
    PS7_X0Y0             PS7                          0.000     0.000 r  system_i/processing_system7_0/inst/PS7_i/FCLKCLK[0]
                         net (fo=1, routed)           0.303     0.303    system_i/processing_system7_0/inst/FCLK_CLK_unbuffered[0]
    BUFGCTRL_X0Y16       BUFG (Prop_bufg_I_O)         0.026     0.329 r  system_i/processing_system7_0/inst/buffer_fclk_clk_0.FCLK_CLK_0_BUFG/O
                         net (fo=20688, routed)       0.634     0.963    system_i/rst_ps7_0_100M/U0/slowest_sync_clk
    SLICE_X34Y130        FDRE                                         r  system_i/rst_ps7_0_100M/U0/ACTIVE_LOW_PR_OUT_DFF[0].FDRE_PER_N/C
  -------------------------------------------------------------------    -------------------
    SLICE_X34Y130        FDRE (Prop_fdre_C_Q)         0.164     1.127 r  system_i/rst_ps7_0_100M/U0/ACTIVE_LOW_PR_OUT_DFF[0].FDRE_PER_N/Q
                         net (fo=44, routed)          0.766     1.893    system_i/ps_axi3_lite_bridge_0/inst/aresetn
    SLICE_X29Y97         LUT1 (Prop_lut1_I0_O)        0.045     1.938 f  system_i/ps_axi3_lite_bridge_0/inst/s_axi_bid[11]_i_2/O
                         net (fo=130, routed)         0.294     2.231    system_i/ps_axi3_lite_bridge_0/inst/s_axi_bid[11]_i_2_n_0
    SLICE_X26Y94         FDCE                                         f  system_i/ps_axi3_lite_bridge_0/inst/s_axi_rlast_reg/CLR
  -------------------------------------------------------------------    -------------------

                         (clock clk_fpga_0 rise edge)
                                                      0.000     0.000 r
    PS7_X0Y0             PS7                          0.000     0.000 r  system_i/processing_system7_0/inst/PS7_i/FCLKCLK[0]
                         net (fo=1, routed)           0.331     0.331    system_i/processing_system7_0/inst/FCLK_CLK_unbuffered[0]
    BUFGCTRL_X0Y16       BUFG (Prop_bufg_I_O)         0.029     0.360 r  system_i/processing_system7_0/inst/buffer_fclk_clk_0.FCLK_CLK_0_BUFG/O
                         net (fo=20688, routed)       0.830     1.190    system_i/ps_axi3_lite_bridge_0/inst/aclk
    SLICE_X26Y94         FDCE                                         r  system_i/ps_axi3_lite_bridge_0/inst/s_axi_rlast_reg/C
                         clock pessimism             -0.036     1.154
    SLICE_X26Y94         FDCE (Remov_fdce_C_CLR)     -0.067     1.087    system_i/ps_axi3_lite_bridge_0/inst/s_axi_rlast_reg
  -------------------------------------------------------------------
                         required time                         -1.087
                         arrival time                           2.231
  -------------------------------------------------------------------
                         slack                                  1.144

Slack (MET) :             1.144ns  (arrival time - required time)
  Source:                 system_i/rst_ps7_0_100M/U0/ACTIVE_LOW_PR_OUT_DFF[0].FDRE_PER_N/C
                            (rising edge-triggered cell FDRE clocked by clk_fpga_0  {rise@0.000ns fall@5.000ns period=10.000ns})
  Destination:            system_i/ps_axi3_lite_bridge_0/inst/s_axi_rvalid_reg/CLR
                            (removal check against rising-edge clock clk_fpga_0  {rise@0.000ns fall@5.000ns period=10.000ns})
  Path Group:             **async_default**
  Path Type:              Removal (Min at Fast Process Corner)
  Requirement:            0.000ns  (clk_fpga_0 rise@0.000ns - clk_fpga_0 rise@0.000ns)
  Data Path Delay:        1.268ns  (logic 0.209ns (16.480%)  route 1.059ns (83.520%))
  Logic Levels:           1  (LUT1=1)
  Clock Path Skew:        0.191ns (DCD - SCD - CPR)
    Destination Clock Delay (DCD):    1.190ns
    Source Clock Delay      (SCD):    0.963ns
    Clock Pessimism Removal (CPR):    0.036ns

    Location             Delay type                Incr(ns)  Path(ns)    Netlist Resource(s)
  -------------------------------------------------------------------    -------------------
                         (clock clk_fpga_0 rise edge)
                                                      0.000     0.000 r
    PS7_X0Y0             PS7                          0.000     0.000 r  system_i/processing_system7_0/inst/PS7_i/FCLKCLK[0]
                         net (fo=1, routed)           0.303     0.303    system_i/processing_system7_0/inst/FCLK_CLK_unbuffered[0]
    BUFGCTRL_X0Y16       BUFG (Prop_bufg_I_O)         0.026     0.329 r  system_i/processing_system7_0/inst/buffer_fclk_clk_0.FCLK_CLK_0_BUFG/O
                         net (fo=20688, routed)       0.634     0.963    system_i/rst_ps7_0_100M/U0/slowest_sync_clk
    SLICE_X34Y130        FDRE                                         r  system_i/rst_ps7_0_100M/U0/ACTIVE_LOW_PR_OUT_DFF[0].FDRE_PER_N/C
  -------------------------------------------------------------------    -------------------
    SLICE_X34Y130        FDRE (Prop_fdre_C_Q)         0.164     1.127 r  system_i/rst_ps7_0_100M/U0/ACTIVE_LOW_PR_OUT_DFF[0].FDRE_PER_N/Q
                         net (fo=44, routed)          0.766     1.893    system_i/ps_axi3_lite_bridge_0/inst/aresetn
    SLICE_X29Y97         LUT1 (Prop_lut1_I0_O)        0.045     1.938 f  system_i/ps_axi3_lite_bridge_0/inst/s_axi_bid[11]_i_2/O
                         net (fo=130, routed)         0.294     2.231    system_i/ps_axi3_lite_bridge_0/inst/s_axi_bid[11]_i_2_n_0
    SLICE_X26Y94         FDCE                                         f  system_i/ps_axi3_lite_bridge_0/inst/s_axi_rvalid_reg/CLR
  -------------------------------------------------------------------    -------------------

                         (clock clk_fpga_0 rise edge)
                                                      0.000     0.000 r
    PS7_X0Y0             PS7                          0.000     0.000 r  system_i/processing_system7_0/inst/PS7_i/FCLKCLK[0]
                         net (fo=1, routed)           0.331     0.331    system_i/processing_system7_0/inst/FCLK_CLK_unbuffered[0]
    BUFGCTRL_X0Y16       BUFG (Prop_bufg_I_O)         0.029     0.360 r  system_i/processing_system7_0/inst/buffer_fclk_clk_0.FCLK_CLK_0_BUFG/O
                         net (fo=20688, routed)       0.830     1.190    system_i/ps_axi3_lite_bridge_0/inst/aclk
    SLICE_X26Y94         FDCE                                         r  system_i/ps_axi3_lite_bridge_0/inst/s_axi_rvalid_reg/C
                         clock pessimism             -0.036     1.154
    SLICE_X26Y94         FDCE (Remov_fdce_C_CLR)     -0.067     1.087    system_i/ps_axi3_lite_bridge_0/inst/s_axi_rvalid_reg
  -------------------------------------------------------------------
                         required time                         -1.087
                         arrival time                           2.231
  -------------------------------------------------------------------
                         slack                                  1.144
