Copyright 1986-2019 Xilinx, Inc. All Rights Reserved.
------------------------------------------------------------------------------------------------------------------------------------------------------------
| Tool Version : Vivado v.2019.2 (win64) Build 2708876 Wed Nov  6 21:40:23 MST 2019
| Date         : Mon Aug 24 22:06:30 2026
| Host         : LAPTOP-C1GK89UB running 64-bit major release  (build 9200)
| Command      : report_utilization -hierarchical -hierarchical_depth 6 -file D:/FPGA/reports/candidate_dma_batch/release/impl/utilization_hierarchical.rpt
| Design       : system_wrapper
| Device       : 7z015clg485-2
| Design State : Physopt postRoute
------------------------------------------------------------------------------------------------------------------------------------------------------------

Utilization Design Information

Table of Contents
-----------------
1. Utilization by Hierarchy

1. Utilization by Hierarchy
---------------------------

+-----------------------------------------------------------------------+-------------------------------------------------------------------------------------------------------+------------+------------+---------+------+-------+--------+--------+--------------+
|                                Instance                               |                                                 Module                                                | Total LUTs | Logic LUTs | LUTRAMs | SRLs |  FFs  | RAMB36 | RAMB18 | DSP48 Blocks |
+-----------------------------------------------------------------------+-------------------------------------------------------------------------------------------------------+------------+------------+---------+------+-------+--------+--------+--------------+
| system_wrapper                                                        |                                                                                                 (top) |      42046 |      40701 |    1170 |  175 | 29409 |     22 |     78 |           80 |
|   (system_wrapper)                                                    |                                                                                                 (top) |          0 |          0 |       0 |    0 |     0 |      0 |      0 |            0 |
|   system_i                                                            |                                                                                                system |      42046 |      40701 |    1170 |  175 | 29409 |     22 |     78 |           80 |
|     (system_i)                                                        |                                                                                                system |          0 |          0 |       0 |    0 |     0 |      0 |      0 |            0 |
|     accelerator_clock_wizard                                          |                                                                    system_accelerator_clock_wizard_16 |       1097 |       1097 |       0 |    0 |  1488 |      0 |      0 |            0 |
|       inst                                                            |                 system_accelerator_clock_wizard_16__system_accelerator_clock_wizard_16_axi_clk_config |       1097 |       1097 |       0 |    0 |  1488 |      0 |      0 |            0 |
|         (inst)                                                        |                 system_accelerator_clock_wizard_16__system_accelerator_clock_wizard_16_axi_clk_config |          0 |          0 |       0 |    0 |     9 |      0 |      0 |            0 |
|         AXI_LITE_IPIF_I                                               |                  system_accelerator_clock_wizard_16__system_accelerator_clock_wizard_16_axi_lite_ipif |        159 |        159 |       0 |    0 |    73 |      0 |      0 |            0 |
|           I_SLAVE_ATTACHMENT                                          |               system_accelerator_clock_wizard_16__system_accelerator_clock_wizard_16_slave_attachment |        159 |        159 |       0 |    0 |    73 |      0 |      0 |            0 |
|             (I_SLAVE_ATTACHMENT)                                      |               system_accelerator_clock_wizard_16__system_accelerator_clock_wizard_16_slave_attachment |         56 |         56 |       0 |    0 |    63 |      0 |      0 |            0 |
|             I_DECODER                                                 |                system_accelerator_clock_wizard_16__system_accelerator_clock_wizard_16_address_decoder |        103 |        103 |       0 |    0 |    10 |      0 |      0 |            0 |
|         CLK_CORE_DRP_I                                                |                    system_accelerator_clock_wizard_16__system_accelerator_clock_wizard_16_clk_wiz_drp |        930 |        930 |       0 |    0 |  1387 |      0 |      0 |            0 |
|           (CLK_CORE_DRP_I)                                            |                    system_accelerator_clock_wizard_16__system_accelerator_clock_wizard_16_clk_wiz_drp |        325 |        325 |       0 |    0 |  1124 |      0 |      0 |            0 |
|           clk_inst                                                    |                        system_accelerator_clock_wizard_16__system_accelerator_clock_wizard_16_clk_wiz |          1 |          1 |       0 |    0 |     0 |      0 |      0 |            0 |
|           mmcm_drp_inst                                               |                       system_accelerator_clock_wizard_16__system_accelerator_clock_wizard_16_mmcm_drp |        605 |        605 |       0 |    0 |   263 |      0 |      0 |            0 |
|         SOFT_RESET_I                                                  |                     system_accelerator_clock_wizard_16__system_accelerator_clock_wizard_16_soft_reset |          8 |          8 |       0 |    0 |    19 |      0 |      0 |            0 |
|     axi_dma_0                                                         |                                                                                   system_axi_dma_0_32 |       2405 |       2274 |      24 |  107 |  3881 |      6 |      4 |            0 |
|       U0                                                              |                                                                          system_axi_dma_0_32__axi_dma |       2405 |       2274 |      24 |  107 |  3881 |      6 |      4 |            0 |
|         (U0)                                                          |                                                                          system_axi_dma_0_32__axi_dma |          0 |          0 |       0 |    0 |     0 |      0 |      0 |            0 |
|         INCLUDE_MM2S_SOF_EOF_GENERATOR.I_MM2S_DMA_MNGR                |                                                                system_axi_dma_0_32__axi_dma_mm2s_mngr |         15 |         15 |       0 |    0 |    77 |      0 |      0 |            0 |
|           (INCLUDE_MM2S_SOF_EOF_GENERATOR.I_MM2S_DMA_MNGR)            |                                                                system_axi_dma_0_32__axi_dma_mm2s_mngr |          0 |          0 |       0 |    0 |     1 |      0 |      0 |            0 |
|           GEN_MM2S_DMA_CONTROL.GEN_SIMPLE_DMA_MODE.I_MM2S_SMPL_SM     |                                                             system_axi_dma_0_32__axi_dma_smple_sm_108 |          9 |          9 |       0 |    0 |    62 |      0 |      0 |            0 |
|           GEN_MM2S_DMA_CONTROL.I_MM2S_CMDSTS                          |                                                           system_axi_dma_0_32__axi_dma_mm2s_cmdsts_if |          4 |          4 |       0 |    0 |     7 |      0 |      0 |            0 |
|           GEN_MM2S_DMA_CONTROL.I_MM2S_STS_MNGR                        |                                                            system_axi_dma_0_32__axi_dma_mm2s_sts_mngr |          2 |          2 |       0 |    0 |     7 |      0 |      0 |            0 |
|             (GEN_MM2S_DMA_CONTROL.I_MM2S_STS_MNGR)                    |                                                            system_axi_dma_0_32__axi_dma_mm2s_sts_mngr |          2 |          2 |       0 |    0 |     3 |      0 |      0 |            0 |
|             GEN_FOR_ASYNC.AWVLD_CDC_TO                                |                                                                     system_axi_dma_0_32__cdc_sync_109 |          0 |          0 |       0 |    0 |     4 |      0 |      0 |            0 |
|         INCLUDE_S2MM_SOF_EOF_GENERATOR.I_S2MM_DMA_MNGR                |                                                                system_axi_dma_0_32__axi_dma_s2mm_mngr |         28 |         28 |       0 |    0 |   102 |      0 |      0 |            0 |
|           (INCLUDE_S2MM_SOF_EOF_GENERATOR.I_S2MM_DMA_MNGR)            |                                                                system_axi_dma_0_32__axi_dma_s2mm_mngr |          0 |          0 |       0 |    0 |     1 |      0 |      0 |            0 |
|           GEN_S2MM_DMA_CONTROL.GEN_SIMPLE_DMA_MODE.I_S2MM_SMPL_SM     |                                                                 system_axi_dma_0_32__axi_dma_smple_sm |          9 |          9 |       0 |    0 |    62 |      0 |      0 |            0 |
|           GEN_S2MM_DMA_CONTROL.I_S2MM_CMDSTS                          |                                                           system_axi_dma_0_32__axi_dma_s2mm_cmdsts_if |         17 |         17 |       0 |    0 |    32 |      0 |      0 |            0 |
|           GEN_S2MM_DMA_CONTROL.I_S2MM_STS_MNGR                        |                                                            system_axi_dma_0_32__axi_dma_s2mm_sts_mngr |          2 |          2 |       0 |    0 |     7 |      0 |      0 |            0 |
|             (GEN_S2MM_DMA_CONTROL.I_S2MM_STS_MNGR)                    |                                                            system_axi_dma_0_32__axi_dma_s2mm_sts_mngr |          2 |          2 |       0 |    0 |     3 |      0 |      0 |            0 |
|             GEN_FOR_ASYNC.REG_TO_SECONDARY                            |                                                                     system_axi_dma_0_32__cdc_sync_104 |          0 |          0 |       0 |    0 |     4 |      0 |      0 |            0 |
|         I_AXI_DMA_REG_MODULE                                          |                                                               system_axi_dma_0_32__axi_dma_reg_module |        141 |        141 |       0 |    0 |   526 |      0 |      0 |            0 |
|           GEN_AXI_LITE_IF.AXI_LITE_IF_I                               |                                                                  system_axi_dma_0_32__axi_dma_lite_if |        120 |        120 |       0 |    0 |   342 |      0 |      0 |            0 |
|             (GEN_AXI_LITE_IF.AXI_LITE_IF_I)                           |                                                                  system_axi_dma_0_32__axi_dma_lite_if |         95 |         95 |       0 |    0 |   117 |      0 |      0 |            0 |
|             GEN_ASYNC_READ.REG_ARVALID_TO_IPCLK                       |                                                         system_axi_dma_0_32__cdc_sync__parameterized3 |          1 |          1 |       0 |    0 |     4 |      0 |      0 |            0 |
|             GEN_ASYNC_READ.REG_DATA2LITE_CLOCK                        |                                                         system_axi_dma_0_32__cdc_sync__parameterized4 |          0 |          0 |       0 |    0 |   128 |      0 |      0 |            0 |
|             GEN_ASYNC_READ.REG_RADDR_TO_IPCLK                         |                                                         system_axi_dma_0_32__cdc_sync__parameterized2 |          0 |          0 |       0 |    0 |    40 |      0 |      0 |            0 |
|             GEN_ASYNC_WRITE.AWVLD_CDC_TO                              |                                                                      system_axi_dma_0_32__cdc_sync_97 |          1 |          1 |       0 |    0 |     4 |      0 |      0 |            0 |
|             GEN_ASYNC_WRITE.REG2_WREADY                               |                                                                      system_axi_dma_0_32__cdc_sync_98 |          1 |          1 |       0 |    0 |     4 |      0 |      0 |            0 |
|             GEN_ASYNC_WRITE.REG3_WREADY                               |                                                                      system_axi_dma_0_32__cdc_sync_99 |          1 |          1 |       0 |    0 |     4 |      0 |      0 |            0 |
|             GEN_ASYNC_WRITE.REG_WADDR_TO_IPCLK                        |                                                         system_axi_dma_0_32__cdc_sync__parameterized0 |          8 |          8 |       0 |    0 |     5 |      0 |      0 |            0 |
|             GEN_ASYNC_WRITE.REG_WADDR_TO_IPCLK1                       |                                                         system_axi_dma_0_32__cdc_sync__parameterized1 |         12 |         12 |       0 |    0 |    32 |      0 |      0 |            0 |
|             GEN_ASYNC_WRITE.WVLD_CDC_TO                               |                                                                     system_axi_dma_0_32__cdc_sync_100 |          1 |          1 |       0 |    0 |     4 |      0 |      0 |            0 |
|           GEN_MM2S_REGISTERS.GEN_INTROUT_ASYNC.PROC_REG_INTR2LITE     |                                                                      system_axi_dma_0_32__cdc_sync_95 |          0 |          0 |       0 |    0 |     4 |      0 |      0 |            0 |
|           GEN_MM2S_REGISTERS.I_MM2S_DMA_REGISTER                      |                                                                 system_axi_dma_0_32__axi_dma_register |         11 |         11 |       0 |    0 |    88 |      0 |      0 |            0 |
|           GEN_S2MM_REGISTERS.GEN_INTROUT_ASYNC.PROC_REG_INTR2LITE     |                                                                      system_axi_dma_0_32__cdc_sync_96 |          0 |          0 |       0 |    0 |     4 |      0 |      0 |            0 |
|           GEN_S2MM_REGISTERS.I_S2MM_DMA_REGISTER                      |                                                            system_axi_dma_0_32__axi_dma_register_s2mm |         10 |         10 |       0 |    0 |    88 |      0 |      0 |            0 |
|         I_PRMRY_DATAMOVER                                             |                                                                    system_axi_dma_0_32__axi_datamover |       2198 |       2067 |      24 |  107 |  3090 |      6 |      4 |            0 |
|           GEN_MM2S_FULL.I_MM2S_FULL_WRAPPER                           |                                                     system_axi_dma_0_32__axi_datamover_mm2s_full_wrap |        695 |        651 |       0 |   44 |   917 |      3 |      2 |            0 |
|             ENABLE_AXIS_SKID.I_MM2S_SKID_BUF                          |                                                        system_axi_dma_0_32__axi_datamover_skid_buf_51 |        159 |        159 |       0 |    0 |   296 |      0 |      0 |            0 |
|             GEN_INCLUDE_MM2S_SF.I_RD_SF                               |                                                              system_axi_dma_0_32__axi_datamover_rd_sf |         76 |         76 |       0 |    0 |    59 |      2 |      1 |            0 |
|             I_ADDR_CNTL                                               |                                                          system_axi_dma_0_32__axi_datamover_addr_cntl |         31 |         11 |       0 |   20 |    51 |      0 |      0 |            0 |
|             I_CMD_STATUS                                              |                                                         system_axi_dma_0_32__axi_datamover_cmd_status |        121 |        121 |       0 |    0 |   198 |      1 |      1 |            0 |
|             I_MSTR_PCC                                                |                                                                system_axi_dma_0_32__axi_datamover_pcc |        217 |        217 |       0 |    0 |   208 |      0 |      0 |            0 |
|             I_RD_DATA_CNTL                                            |                                                        system_axi_dma_0_32__axi_datamover_rddata_cntl |         81 |         57 |       0 |   24 |    76 |      0 |      0 |            0 |
|             I_RD_STATUS_CNTLR                                         |                                                     system_axi_dma_0_32__axi_datamover_rd_status_cntl |          2 |          2 |       0 |    0 |    10 |      0 |      0 |            0 |
|             I_RESET                                                   |                                                           system_axi_dma_0_32__axi_datamover_reset_52 |         10 |         10 |       0 |    0 |    19 |      0 |      0 |            0 |
|           GEN_S2MM_FULL.I_S2MM_FULL_WRAPPER                           |                                                     system_axi_dma_0_32__axi_datamover_s2mm_full_wrap |       1505 |       1418 |      24 |   63 |  2173 |      3 |      2 |            0 |
|             ENABLE_AXIS_SKID.I_S2MM_STRM_SKID_BUF                     |                                                           system_axi_dma_0_32__axi_datamover_skid_buf |        158 |        158 |       0 |    0 |   296 |      0 |      0 |            0 |
|             GEN_ENABLE_INDET_BTT_SF.I_INDET_BTT                       |                                                          system_axi_dma_0_32__axi_datamover_indet_btt |        302 |        294 |       8 |    0 |   419 |      2 |      1 |            0 |
|             GEN_INCLUDE_IBTTCC.I_S2MM_MSTR_IBTTCC                     |                                                             system_axi_dma_0_32__axi_datamover_ibttcc |        158 |        158 |       0 |    0 |   266 |      0 |      0 |            0 |
|             GEN_INCLUDE_REALIGNER.I_S2MM_REALIGNER                    |                                                       system_axi_dma_0_32__axi_datamover_s2mm_realign |        432 |        402 |      16 |   14 |   491 |      0 |      0 |            0 |
|             I_ADDR_CNTL                                               |                                          system_axi_dma_0_32__axi_datamover_addr_cntl__parameterized0 |         28 |          8 |       0 |   20 |    50 |      0 |      0 |            0 |
|             I_CMD_STATUS                                              |                                         system_axi_dma_0_32__axi_datamover_cmd_status__parameterized0 |        134 |        134 |       0 |    0 |   198 |      1 |      1 |            0 |
|             I_RESET                                                   |                                                              system_axi_dma_0_32__axi_datamover_reset |         19 |         19 |       0 |    0 |    19 |      0 |      0 |            0 |
|             I_S2MM_MMAP_SKID_BUF                                      |                                                        system_axi_dma_0_32__axi_datamover_skid2mm_buf |        132 |        132 |       0 |    0 |   292 |      0 |      0 |            0 |
|             I_WR_DATA_CNTL                                            |                                                        system_axi_dma_0_32__axi_datamover_wrdata_cntl |        100 |         89 |       0 |   11 |    83 |      0 |      0 |            0 |
|             I_WR_STATUS_CNTLR                                         |                                                     system_axi_dma_0_32__axi_datamover_wr_status_cntl |         55 |         37 |       0 |   18 |    59 |      0 |      0 |            0 |
|         I_RST_MODULE                                                  |                                                               system_axi_dma_0_32__axi_dma_rst_module |         25 |         25 |       0 |    0 |    86 |      0 |      0 |            0 |
|           (I_RST_MODULE)                                              |                                                               system_axi_dma_0_32__axi_dma_rst_module |          4 |          4 |       0 |    0 |     2 |      0 |      0 |            0 |
|           GEN_RESET_FOR_MM2S.RESET_I                                  |                                                                    system_axi_dma_0_32__axi_dma_reset |         12 |         12 |       0 |    0 |    39 |      0 |      0 |            0 |
|             (GEN_RESET_FOR_MM2S.RESET_I)                              |                                                                    system_axi_dma_0_32__axi_dma_reset |         10 |         10 |       0 |    0 |    27 |      0 |      0 |            0 |
|             GEN_ASYNC_RESET.GEN_PRMRY_GRTR_EQL_SCNDRY.HALT_PROCESS    |                                                                       system_axi_dma_0_32__cdc_sync_6 |          0 |          0 |       0 |    0 |     4 |      0 |      0 |            0 |
|             GEN_ASYNC_RESET.REG_HALT_CMPLT_IN                         |                                                                       system_axi_dma_0_32__cdc_sync_7 |          1 |          1 |       0 |    0 |     4 |      0 |      0 |            0 |
|             GEN_ASYNC_RESET.REG_RESET_OUT                             |                                                                       system_axi_dma_0_32__cdc_sync_8 |          1 |          1 |       0 |    0 |     4 |      0 |      0 |            0 |
|           GEN_RESET_FOR_S2MM.RESET_I                                  |                                                                  system_axi_dma_0_32__axi_dma_reset_1 |          9 |          9 |       0 |    0 |    37 |      0 |      0 |            0 |
|             (GEN_RESET_FOR_S2MM.RESET_I)                              |                                                                  system_axi_dma_0_32__axi_dma_reset_1 |          7 |          7 |       0 |    0 |    25 |      0 |      0 |            0 |
|             GEN_ASYNC_RESET.GEN_PRMRY_GRTR_EQL_SCNDRY.HALT_PROCESS    |                                                                       system_axi_dma_0_32__cdc_sync_3 |          0 |          0 |       0 |    0 |     4 |      0 |      0 |            0 |
|             GEN_ASYNC_RESET.REG_HALT_CMPLT_IN                         |                                                                       system_axi_dma_0_32__cdc_sync_4 |          1 |          1 |       0 |    0 |     4 |      0 |      0 |            0 |
|             GEN_ASYNC_RESET.REG_RESET_OUT                             |                                                                       system_axi_dma_0_32__cdc_sync_5 |          1 |          1 |       0 |    0 |     4 |      0 |      0 |            0 |
|           REG_HRD_RST                                                 |                                                                         system_axi_dma_0_32__cdc_sync |          0 |          0 |       0 |    0 |     4 |      0 |      0 |            0 |
|           REG_HRD_RST_OUT                                             |                                                                       system_axi_dma_0_32__cdc_sync_2 |          0 |          0 |       0 |    0 |     4 |      0 |      0 |            0 |
|     axis_job_fifo                                                     |                                                                               system_axis_job_fifo_32 |        101 |        101 |       0 |    0 |   182 |      4 |      1 |            0 |
|       inst                                                            |                                                    system_axis_job_fifo_32__axis_data_fifo_v2_0_2_top |        101 |        101 |       0 |    0 |   182 |      4 |      1 |            0 |
|         gen_fifo.xpm_fifo_axis_inst                                   |                                                                system_axis_job_fifo_32__xpm_fifo_axis |        101 |        101 |       0 |    0 |   182 |      4 |      1 |            0 |
|           (gen_fifo.xpm_fifo_axis_inst)                               |                                                                system_axis_job_fifo_32__xpm_fifo_axis |          2 |          2 |       0 |    0 |     0 |      0 |      0 |            0 |
|           gaxis_rst_sync.xpm_cdc_sync_rst_inst                        |                                                          system_axis_job_fifo_32__xpm_cdc_sync_rst__3 |          0 |          0 |       0 |    0 |     3 |      0 |      0 |            0 |
|           xpm_fifo_base_inst                                          |                                                                system_axis_job_fifo_32__xpm_fifo_base |         99 |         99 |       0 |    0 |   179 |      4 |      1 |            0 |
|             (xpm_fifo_base_inst)                                      |                                                                system_axis_job_fifo_32__xpm_fifo_base |          4 |          4 |       0 |    0 |     7 |      0 |      0 |            0 |
|             gen_cdc_pntr.rd_pntr_cdc_inst                             |                                                                 system_axis_job_fifo_32__xpm_cdc_gray |         14 |         14 |       0 |    0 |    40 |      0 |      0 |            0 |
|             gen_cdc_pntr.rpw_gray_reg                                 |                                                             system_axis_job_fifo_32__xpm_fifo_reg_vec |          0 |          0 |       0 |    0 |    10 |      0 |      0 |            0 |
|             gen_cdc_pntr.wpr_gray_reg                                 |                                                           system_axis_job_fifo_32__xpm_fifo_reg_vec_0 |          7 |          7 |       0 |    0 |    10 |      0 |      0 |            0 |
|             gen_cdc_pntr.wr_pntr_cdc_inst                             |                                                              system_axis_job_fifo_32__xpm_cdc_gray__2 |         14 |         14 |       0 |    0 |    40 |      0 |      0 |            0 |
|             gen_sdpram.xpm_memory_base_inst                           |                                                              system_axis_job_fifo_32__xpm_memory_base |          0 |          0 |       0 |    0 |     0 |      4 |      1 |            0 |
|             rdp_inst                                                  |                                             system_axis_job_fifo_32__xpm_counter_updn__parameterized0 |          2 |          2 |       0 |    0 |    11 |      0 |      0 |            0 |
|             rdpp1_inst                                                |                                             system_axis_job_fifo_32__xpm_counter_updn__parameterized1 |         12 |         12 |       0 |    0 |    10 |      0 |      0 |            0 |
|             rst_d1_inst                                               |                                                             system_axis_job_fifo_32__xpm_fifo_reg_bit |          2 |          2 |       0 |    0 |     1 |      0 |      0 |            0 |
|             wrp_inst                                                  |                                           system_axis_job_fifo_32__xpm_counter_updn__parameterized0_1 |          0 |          0 |       0 |    0 |    11 |      0 |      0 |            0 |
|             wrpp1_inst                                                |                                           system_axis_job_fifo_32__xpm_counter_updn__parameterized1_2 |         14 |         14 |       0 |    0 |    10 |      0 |      0 |            0 |
|             wrpp2_inst                                                |                                             system_axis_job_fifo_32__xpm_counter_updn__parameterized2 |         12 |         12 |       0 |    0 |    10 |      0 |      0 |            0 |
|             xpm_fifo_rst_inst                                         |                                                                 system_axis_job_fifo_32__xpm_fifo_rst |         18 |         18 |       0 |    0 |    19 |      0 |      0 |            0 |
|     axis_result_fifo                                                  |                                                                            system_axis_result_fifo_32 |        101 |        101 |       0 |    0 |   182 |      4 |      1 |            0 |
|       inst                                                            |                                                 system_axis_result_fifo_32__axis_data_fifo_v2_0_2_top |        101 |        101 |       0 |    0 |   182 |      4 |      1 |            0 |
|         gen_fifo.xpm_fifo_axis_inst                                   |                                                             system_axis_result_fifo_32__xpm_fifo_axis |        101 |        101 |       0 |    0 |   182 |      4 |      1 |            0 |
|           (gen_fifo.xpm_fifo_axis_inst)                               |                                                             system_axis_result_fifo_32__xpm_fifo_axis |          2 |          2 |       0 |    0 |     0 |      0 |      0 |            0 |
|           gaxis_rst_sync.xpm_cdc_sync_rst_inst                        |                                                       system_axis_result_fifo_32__xpm_cdc_sync_rst__3 |          0 |          0 |       0 |    0 |     3 |      0 |      0 |            0 |
|           xpm_fifo_base_inst                                          |                                                             system_axis_result_fifo_32__xpm_fifo_base |         99 |         99 |       0 |    0 |   179 |      4 |      1 |            0 |
|             (xpm_fifo_base_inst)                                      |                                                             system_axis_result_fifo_32__xpm_fifo_base |          4 |          4 |       0 |    0 |     7 |      0 |      0 |            0 |
|             gen_cdc_pntr.rd_pntr_cdc_inst                             |                                                              system_axis_result_fifo_32__xpm_cdc_gray |         14 |         14 |       0 |    0 |    40 |      0 |      0 |            0 |
|             gen_cdc_pntr.rpw_gray_reg                                 |                                                          system_axis_result_fifo_32__xpm_fifo_reg_vec |          0 |          0 |       0 |    0 |    10 |      0 |      0 |            0 |
|             gen_cdc_pntr.wpr_gray_reg                                 |                                                        system_axis_result_fifo_32__xpm_fifo_reg_vec_0 |          7 |          7 |       0 |    0 |    10 |      0 |      0 |            0 |
|             gen_cdc_pntr.wr_pntr_cdc_inst                             |                                                           system_axis_result_fifo_32__xpm_cdc_gray__2 |         14 |         14 |       0 |    0 |    40 |      0 |      0 |            0 |
|             gen_sdpram.xpm_memory_base_inst                           |                                                           system_axis_result_fifo_32__xpm_memory_base |          0 |          0 |       0 |    0 |     0 |      4 |      1 |            0 |
|             rdp_inst                                                  |                                          system_axis_result_fifo_32__xpm_counter_updn__parameterized0 |          2 |          2 |       0 |    0 |    11 |      0 |      0 |            0 |
|             rdpp1_inst                                                |                                          system_axis_result_fifo_32__xpm_counter_updn__parameterized1 |         12 |         12 |       0 |    0 |    10 |      0 |      0 |            0 |
|             rst_d1_inst                                               |                                                          system_axis_result_fifo_32__xpm_fifo_reg_bit |          2 |          2 |       0 |    0 |     1 |      0 |      0 |            0 |
|             wrp_inst                                                  |                                        system_axis_result_fifo_32__xpm_counter_updn__parameterized0_1 |          0 |          0 |       0 |    0 |    11 |      0 |      0 |            0 |
|             wrpp1_inst                                                |                                        system_axis_result_fifo_32__xpm_counter_updn__parameterized1_2 |         14 |         14 |       0 |    0 |    10 |      0 |      0 |            0 |
|             wrpp2_inst                                                |                                          system_axis_result_fifo_32__xpm_counter_updn__parameterized2 |         12 |         12 |       0 |    0 |    10 |      0 |      0 |            0 |
|             xpm_fifo_rst_inst                                         |                                                              system_axis_result_fifo_32__xpm_fifo_rst |         18 |         18 |       0 |    0 |    19 |      0 |      0 |            0 |
|     dma_ctrl_interconnect                                             |                                                                       system_dma_ctrl_interconnect_16 |        113 |        113 |       0 |    0 |   122 |      0 |      0 |            0 |
|       xbar                                                            |                                                                                        system_xbar_41 |        113 |        113 |       0 |    0 |   122 |      0 |      0 |            0 |
|         inst                                                          |                                                     system_xbar_41__axi_crossbar_v2_1_21_axi_crossbar |        113 |        113 |       0 |    0 |   122 |      0 |      0 |            0 |
|           gen_sasd.crossbar_sasd_0                                    |                                                    system_xbar_41__axi_crossbar_v2_1_21_crossbar_sasd |        113 |        113 |       0 |    0 |   122 |      0 |      0 |            0 |
|             (gen_sasd.crossbar_sasd_0)                                |                                                    system_xbar_41__axi_crossbar_v2_1_21_crossbar_sasd |          2 |          2 |       0 |    0 |     6 |      0 |      0 |            0 |
|             addr_arbiter_inst                                         |                                                system_xbar_41__axi_crossbar_v2_1_21_addr_arbiter_sasd |         60 |         60 |       0 |    0 |    33 |      0 |      0 |            0 |
|             gen_decerr.decerr_slave_inst                              |                                                     system_xbar_41__axi_crossbar_v2_1_21_decerr_slave |          7 |          7 |       0 |    0 |     4 |      0 |      0 |            0 |
|             reg_slice_r                                               |                                        system_xbar_41__axi_register_slice_v2_1_20_axic_register_slice |         37 |         37 |       0 |    0 |    74 |      0 |      0 |            0 |
|             splitter_ar                                               |                                         system_xbar_41__axi_crossbar_v2_1_21_splitter__parameterized0 |          0 |          0 |       0 |    0 |     2 |      0 |      0 |            0 |
|             splitter_aw                                               |                                                         system_xbar_41__axi_crossbar_v2_1_21_splitter |          7 |          7 |       0 |    0 |     3 |      0 |      0 |            0 |
|     dma_ctrl_protocol_converter                                       |                                                                 system_dma_ctrl_protocol_converter_31 |        401 |        340 |       0 |   61 |   536 |      0 |      0 |            0 |
|       inst                                                            |          system_dma_ctrl_protocol_converter_31__axi_protocol_converter_v2_1_20_axi_protocol_converter |        401 |        340 |       0 |   61 |   536 |      0 |      0 |            0 |
|         gen_axilite.gen_b2s_conv.axilite_b2s                          |                             system_dma_ctrl_protocol_converter_31__axi_protocol_converter_v2_1_20_b2s |        401 |        340 |       0 |   61 |   536 |      0 |      0 |            0 |
|           (gen_axilite.gen_b2s_conv.axilite_b2s)                      |                             system_dma_ctrl_protocol_converter_31__axi_protocol_converter_v2_1_20_b2s |          1 |          1 |       0 |    0 |     1 |      0 |      0 |            0 |
|           RD.ar_channel_0                                             |                  system_dma_ctrl_protocol_converter_31__axi_protocol_converter_v2_1_20_b2s_ar_channel |         78 |         78 |       0 |    0 |    83 |      0 |      0 |            0 |
|             (RD.ar_channel_0)                                         |                  system_dma_ctrl_protocol_converter_31__axi_protocol_converter_v2_1_20_b2s_ar_channel |          0 |          0 |       0 |    0 |    12 |      0 |      0 |            0 |
|             ar_cmd_fsm_0                                              |                  system_dma_ctrl_protocol_converter_31__axi_protocol_converter_v2_1_20_b2s_rd_cmd_fsm |         22 |         22 |       0 |    0 |     2 |      0 |      0 |            0 |
|             cmd_translator_0                                          |            system_dma_ctrl_protocol_converter_31__axi_protocol_converter_v2_1_20_b2s_cmd_translator_1 |         56 |         56 |       0 |    0 |    69 |      0 |      0 |            0 |
|           RD.r_channel_0                                              |                   system_dma_ctrl_protocol_converter_31__axi_protocol_converter_v2_1_20_b2s_r_channel |         63 |         16 |       0 |   47 |    24 |      0 |      0 |            0 |
|             (RD.r_channel_0)                                          |                   system_dma_ctrl_protocol_converter_31__axi_protocol_converter_v2_1_20_b2s_r_channel |          0 |          0 |       0 |    0 |    14 |      0 |      0 |            0 |
|             rd_data_fifo_0                                            | system_dma_ctrl_protocol_converter_31__axi_protocol_converter_v2_1_20_b2s_simple_fifo__parameterized1 |         41 |          7 |       0 |   34 |     5 |      0 |      0 |            0 |
|             transaction_fifo_0                                        | system_dma_ctrl_protocol_converter_31__axi_protocol_converter_v2_1_20_b2s_simple_fifo__parameterized2 |         22 |          9 |       0 |   13 |     5 |      0 |      0 |            0 |
|           SI_REG                                                      |                  system_dma_ctrl_protocol_converter_31__axi_register_slice_v2_1_20_axi_register_slice |        151 |        151 |       0 |    0 |   324 |      0 |      0 |            0 |
|             ar.ar_pipe                                                |                 system_dma_ctrl_protocol_converter_31__axi_register_slice_v2_1_20_axic_register_slice |         55 |         55 |       0 |    0 |    99 |      0 |      0 |            0 |
|             aw.aw_pipe                                                |               system_dma_ctrl_protocol_converter_31__axi_register_slice_v2_1_20_axic_register_slice_0 |         59 |         59 |       0 |    0 |    99 |      0 |      0 |            0 |
|             b.b_pipe                                                  | system_dma_ctrl_protocol_converter_31__axi_register_slice_v2_1_20_axic_register_slice__parameterized1 |         10 |         10 |       0 |    0 |    30 |      0 |      0 |            0 |
|             r.r_pipe                                                  | system_dma_ctrl_protocol_converter_31__axi_register_slice_v2_1_20_axic_register_slice__parameterized2 |         27 |         27 |       0 |    0 |    96 |      0 |      0 |            0 |
|           WR.aw_channel_0                                             |                  system_dma_ctrl_protocol_converter_31__axi_protocol_converter_v2_1_20_b2s_aw_channel |         78 |         78 |       0 |    0 |    87 |      0 |      0 |            0 |
|             (WR.aw_channel_0)                                         |                  system_dma_ctrl_protocol_converter_31__axi_protocol_converter_v2_1_20_b2s_aw_channel |          0 |          0 |       0 |    0 |    16 |      0 |      0 |            0 |
|             aw_cmd_fsm_0                                              |                  system_dma_ctrl_protocol_converter_31__axi_protocol_converter_v2_1_20_b2s_wr_cmd_fsm |         11 |         11 |       0 |    0 |     2 |      0 |      0 |            0 |
|             cmd_translator_0                                          |              system_dma_ctrl_protocol_converter_31__axi_protocol_converter_v2_1_20_b2s_cmd_translator |         67 |         67 |       0 |    0 |    69 |      0 |      0 |            0 |
|           WR.b_channel_0                                              |                   system_dma_ctrl_protocol_converter_31__axi_protocol_converter_v2_1_20_b2s_b_channel |         33 |         19 |       0 |   14 |    17 |      0 |      0 |            0 |
|             (WR.b_channel_0)                                          |                   system_dma_ctrl_protocol_converter_31__axi_protocol_converter_v2_1_20_b2s_b_channel |          9 |          9 |       0 |    0 |    13 |      0 |      0 |            0 |
|             bid_fifo_0                                                |                 system_dma_ctrl_protocol_converter_31__axi_protocol_converter_v2_1_20_b2s_simple_fifo |         19 |          7 |       0 |   12 |     2 |      0 |      0 |            0 |
|             bresp_fifo_0                                              | system_dma_ctrl_protocol_converter_31__axi_protocol_converter_v2_1_20_b2s_simple_fifo__parameterized0 |          5 |          3 |       0 |    2 |     2 |      0 |      0 |            0 |
|     dma_irq_concat                                                    |                                                                              system_dma_irq_concat_32 |          0 |          0 |       0 |    0 |     0 |      0 |      0 |            0 |
|     dma_mem_interconnect                                              |                                                                        system_dma_mem_interconnect_25 |        658 |        645 |      10 |    3 |   736 |      0 |      0 |            0 |
|       m00_couplers                                                    |                                                                               m00_couplers_imp_VDR2ST |        373 |        363 |      10 |    0 |   405 |      0 |      0 |            0 |
|         auto_pc                                                       |                                                                                      system_auto_pc_0 |        373 |        363 |      10 |    0 |   405 |      0 |      0 |            0 |
|           inst                                                        |                               system_auto_pc_0__axi_protocol_converter_v2_1_20_axi_protocol_converter |        373 |        363 |      10 |    0 |   405 |      0 |      0 |            0 |
|             (inst)                                                    |                               system_auto_pc_0__axi_protocol_converter_v2_1_20_axi_protocol_converter |          0 |          0 |       0 |    0 |     0 |      0 |      0 |            0 |
|             gen_axi4_axi3.axi3_conv_inst                              |                                            system_auto_pc_0__axi_protocol_converter_v2_1_20_axi3_conv |        373 |        363 |      10 |    0 |   405 |      0 |      0 |            0 |
|       xbar                                                            |                                                                                        system_xbar_42 |        286 |        283 |       0 |    3 |   331 |      0 |      0 |            0 |
|         inst                                                          |                                                     system_xbar_42__axi_crossbar_v2_1_21_axi_crossbar |        286 |        283 |       0 |    3 |   331 |      0 |      0 |            0 |
|           gen_samd.crossbar_samd                                      |                                                         system_xbar_42__axi_crossbar_v2_1_21_crossbar |        286 |        283 |       0 |    3 |   331 |      0 |      0 |            0 |
|             (gen_samd.crossbar_samd)                                  |                                                         system_xbar_42__axi_crossbar_v2_1_21_crossbar |          2 |          2 |       0 |    0 |    11 |      0 |      0 |            0 |
|             addr_arbiter_ar                                           |                                                     system_xbar_42__axi_crossbar_v2_1_21_addr_arbiter |         20 |         20 |       0 |    0 |    55 |      0 |      0 |            0 |
|             addr_arbiter_aw                                           |                                                   system_xbar_42__axi_crossbar_v2_1_21_addr_arbiter_0 |         46 |         46 |       0 |    0 |    56 |      0 |      0 |            0 |
|             gen_decerr_slave.decerr_slave_inst                        |                                                     system_xbar_42__axi_crossbar_v2_1_21_decerr_slave |         23 |         23 |       0 |    0 |    18 |      0 |      0 |            0 |
|             gen_master_slots[0].gen_mi_write.wdata_mux_w              |                                                        system_xbar_42__axi_crossbar_v2_1_21_wdata_mux |         50 |         49 |       0 |    1 |     8 |      0 |      0 |            0 |
|             gen_master_slots[0].reg_slice_mi                          |                                         system_xbar_42__axi_register_slice_v2_1_20_axi_register_slice |         61 |         61 |       0 |    0 |   142 |      0 |      0 |            0 |
|             gen_master_slots[1].gen_mi_write.wdata_mux_w              |                                        system_xbar_42__axi_crossbar_v2_1_21_wdata_mux__parameterized0 |         12 |         11 |       0 |    1 |     7 |      0 |      0 |            0 |
|             gen_master_slots[1].reg_slice_mi                          |                                       system_xbar_42__axi_register_slice_v2_1_20_axi_register_slice_1 |         13 |         13 |       0 |    0 |     8 |      0 |      0 |            0 |
|             gen_slave_slots[0].gen_si_read.si_transactor_ar           |                                                    system_xbar_42__axi_crossbar_v2_1_21_si_transactor |         25 |         25 |       0 |    0 |     6 |      0 |      0 |            0 |
|             gen_slave_slots[1].gen_si_write.si_transactor_aw          |                                    system_xbar_42__axi_crossbar_v2_1_21_si_transactor__parameterized0 |          9 |          9 |       0 |    0 |     6 |      0 |      0 |            0 |
|             gen_slave_slots[1].gen_si_write.splitter_aw_si            |                                                         system_xbar_42__axi_crossbar_v2_1_21_splitter |          5 |          5 |       0 |    0 |     2 |      0 |      0 |            0 |
|             gen_slave_slots[1].gen_si_write.wdata_router_w            |                                                     system_xbar_42__axi_crossbar_v2_1_21_wdata_router |         18 |         17 |       0 |    1 |    10 |      0 |      0 |            0 |
|             splitter_aw_mi                                            |                                                       system_xbar_42__axi_crossbar_v2_1_21_splitter_2 |          2 |          2 |       0 |    0 |     2 |      0 |      0 |            0 |
|     dma_mm2s_dwidth                                                   |                                                                             system_dma_mm2s_dwidth_26 |        283 |        263 |      20 |    0 |   344 |      0 |      0 |            0 |
|       inst                                                            |                                           system_dma_mm2s_dwidth_26__axi_dwidth_converter_v2_1_20_top |        283 |        263 |      20 |    0 |   344 |      0 |      0 |            0 |
|         gen_downsizer.gen_simple_downsizer.axi_downsizer_inst         |                                 system_dma_mm2s_dwidth_26__axi_dwidth_converter_v2_1_20_axi_downsizer |        283 |        263 |      20 |    0 |   344 |      0 |      0 |            0 |
|           USE_READ.read_addr_inst                                     |                                   system_dma_mm2s_dwidth_26__axi_dwidth_converter_v2_1_20_a_downsizer |        257 |        237 |      20 |    0 |   201 |      0 |      0 |            0 |
|             (USE_READ.read_addr_inst)                                 |                                   system_dma_mm2s_dwidth_26__axi_dwidth_converter_v2_1_20_a_downsizer |         90 |         90 |       0 |    0 |   107 |      0 |      0 |            0 |
|             cmd_queue                                                 |                                            system_dma_mm2s_dwidth_26__axi_data_fifo_v2_1_19_axic_fifo |        169 |        149 |      20 |    0 |    94 |      0 |      0 |            0 |
|           USE_READ.read_data_inst                                     |                                   system_dma_mm2s_dwidth_26__axi_dwidth_converter_v2_1_20_r_downsizer |         26 |         26 |       0 |    0 |   143 |      0 |      0 |            0 |
|     dma_s2mm_dwidth                                                   |                                                                             system_dma_s2mm_dwidth_26 |        310 |        282 |      28 |    0 |   280 |      0 |      0 |            0 |
|       inst                                                            |                                           system_dma_s2mm_dwidth_26__axi_dwidth_converter_v2_1_20_top |        310 |        282 |      28 |    0 |   280 |      0 |      0 |            0 |
|         gen_downsizer.gen_simple_downsizer.axi_downsizer_inst         |                                 system_dma_s2mm_dwidth_26__axi_dwidth_converter_v2_1_20_axi_downsizer |        310 |        282 |      28 |    0 |   280 |      0 |      0 |            0 |
|           USE_WRITE.USE_SPLIT.write_resp_inst                         |                                   system_dma_s2mm_dwidth_26__axi_dwidth_converter_v2_1_20_b_downsizer |         19 |         19 |       0 |    0 |    11 |      0 |      0 |            0 |
|           USE_WRITE.write_addr_inst                                   |                                   system_dma_s2mm_dwidth_26__axi_dwidth_converter_v2_1_20_a_downsizer |        227 |        199 |      28 |    0 |   256 |      0 |      0 |            0 |
|             (USE_WRITE.write_addr_inst)                               |                                   system_dma_s2mm_dwidth_26__axi_dwidth_converter_v2_1_20_a_downsizer |         91 |         91 |       0 |    0 |   110 |      0 |      0 |            0 |
|             USE_B_CHANNEL.cmd_b_queue                                 |                                            system_dma_s2mm_dwidth_26__axi_data_fifo_v2_1_19_axic_fifo |         53 |         45 |       8 |    0 |    54 |      0 |      0 |            0 |
|             cmd_queue                                                 |                            system_dma_s2mm_dwidth_26__axi_data_fifo_v2_1_19_axic_fifo__parameterized0 |         86 |         66 |      20 |    0 |    92 |      0 |      0 |            0 |
|           USE_WRITE.write_data_inst                                   |                                   system_dma_s2mm_dwidth_26__axi_dwidth_converter_v2_1_20_w_downsizer |         64 |         64 |       0 |    0 |    13 |      0 |      0 |            0 |
|     generator_accelerator_0                                           |                                                                     system_generator_accelerator_0_33 |      36486 |      35398 |    1088 |    0 | 21088 |      8 |     72 |           80 |
|       (generator_accelerator_0)                                       |                                                                     system_generator_accelerator_0_33 |        112 |        112 |       0 |    0 |     1 |      0 |      0 |            0 |
|       inst                                                            |                                          system_generator_accelerator_0_33__generator_accelerator_top |      36378 |      35290 |    1088 |    0 | 21087 |      8 |     72 |           80 |
|         (inst)                                                        |                                          system_generator_accelerator_0_33__generator_accelerator_top |       3868 |       3868 |       0 |    0 |  2264 |      0 |      0 |            0 |
|         u_admet                                                       |                                                    system_generator_accelerator_0_33__admet_predictor |       3832 |       3544 |     288 |    0 |  2144 |      0 |     16 |           44 |
|           (u_admet)                                                   |                                                    system_generator_accelerator_0_33__admet_predictor |          0 |          0 |       0 |    0 |     0 |      0 |      0 |           30 |
|           gen_model[0].u_fc_network                                   |                                              system_generator_accelerator_0_33__fc_network__xdcDup__1 |        936 |        864 |      72 |    0 |   536 |      0 |      4 |            1 |
|             (gen_model[0].u_fc_network)                               |                                              system_generator_accelerator_0_33__fc_network__xdcDup__1 |        899 |        827 |      72 |    0 |   536 |      0 |      0 |            1 |
|             gen_hidden_weight_bank[0].memory                          |                                   system_generator_accelerator_0_33__fc_hidden_weight_bank__xdcDup__1 |          9 |          9 |       0 |    0 |     0 |      0 |      1 |            0 |
|             gen_hidden_weight_bank[1].memory                          |                                   system_generator_accelerator_0_33__fc_hidden_weight_bank__xdcDup__2 |          8 |          8 |       0 |    0 |     0 |      0 |      1 |            0 |
|             gen_hidden_weight_bank[2].memory                          |                                   system_generator_accelerator_0_33__fc_hidden_weight_bank__xdcDup__3 |         11 |         11 |       0 |    0 |     0 |      0 |      1 |            0 |
|             gen_hidden_weight_bank[3].memory                          |                                   system_generator_accelerator_0_33__fc_hidden_weight_bank__xdcDup__4 |          9 |          9 |       0 |    0 |     0 |      0 |      1 |            0 |
|           gen_model[1].u_fc_network                                   |                                              system_generator_accelerator_0_33__fc_network__xdcDup__2 |        939 |        867 |      72 |    0 |   536 |      0 |      4 |            1 |
|             (gen_model[1].u_fc_network)                               |                                              system_generator_accelerator_0_33__fc_network__xdcDup__2 |        902 |        830 |      72 |    0 |   536 |      0 |      0 |            1 |
|             gen_hidden_weight_bank[0].memory                          |                                   system_generator_accelerator_0_33__fc_hidden_weight_bank__xdcDup__5 |          8 |          8 |       0 |    0 |     0 |      0 |      1 |            0 |
|             gen_hidden_weight_bank[1].memory                          |                                   system_generator_accelerator_0_33__fc_hidden_weight_bank__xdcDup__6 |          8 |          8 |       0 |    0 |     0 |      0 |      1 |            0 |
|             gen_hidden_weight_bank[2].memory                          |                                   system_generator_accelerator_0_33__fc_hidden_weight_bank__xdcDup__7 |         11 |         11 |       0 |    0 |     0 |      0 |      1 |            0 |
|             gen_hidden_weight_bank[3].memory                          |                                   system_generator_accelerator_0_33__fc_hidden_weight_bank__xdcDup__8 |         10 |         10 |       0 |    0 |     0 |      0 |      1 |            0 |
|           gen_model[2].u_fc_network                                   |                                              system_generator_accelerator_0_33__fc_network__xdcDup__3 |        923 |        851 |      72 |    0 |   537 |      0 |      4 |            1 |
|             (gen_model[2].u_fc_network)                               |                                              system_generator_accelerator_0_33__fc_network__xdcDup__3 |        884 |        812 |      72 |    0 |   537 |      0 |      0 |            1 |
|             gen_hidden_weight_bank[0].memory                          |                                   system_generator_accelerator_0_33__fc_hidden_weight_bank__xdcDup__9 |          8 |          8 |       0 |    0 |     0 |      0 |      1 |            0 |
|             gen_hidden_weight_bank[1].memory                          |                                  system_generator_accelerator_0_33__fc_hidden_weight_bank__xdcDup__10 |          8 |          8 |       0 |    0 |     0 |      0 |      1 |            0 |
|             gen_hidden_weight_bank[2].memory                          |                                  system_generator_accelerator_0_33__fc_hidden_weight_bank__xdcDup__11 |         13 |         13 |       0 |    0 |     0 |      0 |      1 |            0 |
|             gen_hidden_weight_bank[3].memory                          |                                  system_generator_accelerator_0_33__fc_hidden_weight_bank__xdcDup__12 |         10 |         10 |       0 |    0 |     0 |      0 |      1 |            0 |
|           gen_model[3].u_fc_network                                   |                                                         system_generator_accelerator_0_33__fc_network |       1035 |        963 |      72 |    0 |   535 |      0 |      4 |           11 |
|             (gen_model[3].u_fc_network)                               |                                                         system_generator_accelerator_0_33__fc_network |        990 |        918 |      72 |    0 |   535 |      0 |      0 |           11 |
|             gen_hidden_weight_bank[0].memory                          |                                  system_generator_accelerator_0_33__fc_hidden_weight_bank__xdcDup__13 |          8 |          8 |       0 |    0 |     0 |      0 |      1 |            0 |
|             gen_hidden_weight_bank[1].memory                          |                                  system_generator_accelerator_0_33__fc_hidden_weight_bank__xdcDup__14 |          9 |          9 |       0 |    0 |     0 |      0 |      1 |            0 |
|             gen_hidden_weight_bank[2].memory                          |                                  system_generator_accelerator_0_33__fc_hidden_weight_bank__xdcDup__15 |          8 |          8 |       0 |    0 |     0 |      0 |      1 |            0 |
|             gen_hidden_weight_bank[3].memory                          |                                              system_generator_accelerator_0_33__fc_hidden_weight_bank |         20 |         20 |       0 |    0 |     0 |      0 |      1 |            0 |
|         u_database_bank0                                              |                                       system_generator_accelerator_0_33__accelerator_fingerprint_bank |          0 |          0 |       0 |    0 |  1024 |      0 |      0 |            0 |
|         u_database_bank1                                              |                                     system_generator_accelerator_0_33__accelerator_fingerprint_bank_0 |       1269 |       1269 |       0 |    0 |  1024 |      0 |      0 |            0 |
|         u_dma_backend                                                 |                                            system_generator_accelerator_0_33__dma_accelerator_backend |       9561 |       9137 |     424 |    0 |  4675 |      0 |      0 |            0 |
|           (u_dma_backend)                                             |                                            system_generator_accelerator_0_33__dma_accelerator_backend |         57 |         57 |       0 |    0 |    82 |      0 |      0 |            0 |
|           admet_lane                                                  |                                    system_generator_accelerator_0_33__dma_accelerator_lane_controller |       1393 |       1293 |     100 |    0 |   273 |      0 |      0 |            0 |
|             (admet_lane)                                              |                                    system_generator_accelerator_0_33__dma_accelerator_lane_controller |       1240 |       1240 |       0 |    0 |   273 |      0 |      0 |            0 |
|             gen_result_bank[0].bank                                   |                                                 system_generator_accelerator_0_33__dma_result_bank_21 |         63 |         35 |      28 |    0 |     0 |      0 |      0 |            0 |
|             gen_result_bank[1].bank                                   |                                                 system_generator_accelerator_0_33__dma_result_bank_22 |         28 |          4 |      24 |    0 |     0 |      0 |      0 |            0 |
|             gen_result_bank[2].bank                                   |                                                 system_generator_accelerator_0_33__dma_result_bank_23 |         39 |         15 |      24 |    0 |     0 |      0 |      0 |            0 |
|             gen_result_bank[3].bank                                   |                                                 system_generator_accelerator_0_33__dma_result_bank_24 |         24 |          0 |      24 |    0 |     0 |      0 |      0 |            0 |
|           exclusive_lane                                              |                                 system_generator_accelerator_0_33__dma_accelerator_lane_controller_10 |       4427 |       4267 |     160 |    0 |  1926 |      0 |      0 |            0 |
|             (exclusive_lane)                                          |                                 system_generator_accelerator_0_33__dma_accelerator_lane_controller_10 |       4121 |       4121 |       0 |    0 |  1926 |      0 |      0 |            0 |
|             gen_result_bank[0].bank                                   |                                                 system_generator_accelerator_0_33__dma_result_bank_17 |        100 |         60 |      40 |    0 |     0 |      0 |      0 |            0 |
|             gen_result_bank[1].bank                                   |                                                 system_generator_accelerator_0_33__dma_result_bank_18 |         67 |         27 |      40 |    0 |     0 |      0 |      0 |            0 |
|             gen_result_bank[2].bank                                   |                                                 system_generator_accelerator_0_33__dma_result_bank_19 |         92 |         52 |      40 |    0 |     0 |      0 |      0 |            0 |
|             gen_result_bank[3].bank                                   |                                                 system_generator_accelerator_0_33__dma_result_bank_20 |         47 |          7 |      40 |    0 |     0 |      0 |      0 |            0 |
|           gnn_lane                                                    |                                 system_generator_accelerator_0_33__dma_accelerator_lane_controller_11 |       1715 |       1711 |       4 |    0 |  1368 |      0 |      0 |            0 |
|             (gnn_lane)                                                |                                 system_generator_accelerator_0_33__dma_accelerator_lane_controller_11 |       1670 |       1670 |       0 |    0 |  1368 |      0 |      0 |            0 |
|             gen_result_bank[0].bank                                   |                                                 system_generator_accelerator_0_33__dma_result_bank_16 |         45 |         41 |       4 |    0 |     0 |      0 |      0 |            0 |
|           reload_controller                                           |                                       system_generator_accelerator_0_33__dma_weight_reload_controller |        333 |        333 |       0 |    0 |   269 |      0 |      0 |            0 |
|           tani_lane                                                   |                                 system_generator_accelerator_0_33__dma_accelerator_lane_controller_12 |       1639 |       1479 |     160 |    0 |   757 |      0 |      0 |            0 |
|             (tani_lane)                                               |                                 system_generator_accelerator_0_33__dma_accelerator_lane_controller_12 |       1294 |       1294 |       0 |    0 |   757 |      0 |      0 |            0 |
|             gen_result_bank[0].bank                                   |                                                    system_generator_accelerator_0_33__dma_result_bank |        109 |         69 |      40 |    0 |     0 |      0 |      0 |            0 |
|             gen_result_bank[1].bank                                   |                                                 system_generator_accelerator_0_33__dma_result_bank_13 |         78 |         38 |      40 |    0 |     0 |      0 |      0 |            0 |
|             gen_result_bank[2].bank                                   |                                                 system_generator_accelerator_0_33__dma_result_bank_14 |        103 |         63 |      40 |    0 |     0 |      0 |      0 |            0 |
|             gen_result_bank[3].bank                                   |                                                 system_generator_accelerator_0_33__dma_result_bank_15 |         60 |         20 |      40 |    0 |     0 |      0 |      0 |            0 |
|         u_dma_formatter                                               |                                               system_generator_accelerator_0_33__dma_result_formatter |        654 |        654 |       0 |    0 |   754 |      0 |      0 |            0 |
|         u_dma_frontend                                                |                                            system_generator_accelerator_0_33__dma_task_queue_frontend |       1257 |       1257 |       0 |    0 |   648 |      0 |      0 |            0 |
|         u_dma_queue                                                   |                                                     system_generator_accelerator_0_33__dma_task_queue |       3528 |       3344 |     184 |    0 |  2488 |      8 |      0 |            0 |
|           (u_dma_queue)                                               |                                                     system_generator_accelerator_0_33__dma_task_queue |       3528 |       3344 |     184 |    0 |  2488 |      0 |      0 |            0 |
|           result_pool_bram                                            |                                  system_generator_accelerator_0_33__xpm_memory_sdpram__parameterized2 |          0 |          0 |       0 |    0 |     0 |      8 |      0 |            0 |
|             xpm_memory_base_inst                                      |                                    system_generator_accelerator_0_33__xpm_memory_base__parameterized2 |          0 |          0 |       0 |    0 |     0 |      8 |      0 |            0 |
|         u_gnn                                                         |                                                system_generator_accelerator_0_33__gnn_message_passing |       4749 |       4557 |     192 |    0 |  2521 |      0 |     56 |           32 |
|           (u_gnn)                                                     |                                                system_generator_accelerator_0_33__gnn_message_passing |       4036 |       3844 |     192 |    0 |  2521 |      0 |      0 |           32 |
|           gen_feature_bank[0].bank                                    |                                           system_generator_accelerator_0_33__gnn_dist_bank__xdcDup__1 |          5 |          5 |       0 |    0 |     0 |      0 |      1 |            0 |
|             (gen_feature_bank[0].bank)                                |                                           system_generator_accelerator_0_33__gnn_dist_bank__xdcDup__1 |          5 |          5 |       0 |    0 |     0 |      0 |      0 |            0 |
|             memory                                                    |                                              system_generator_accelerator_0_33__xpm_memory_sdpram__16 |          0 |          0 |       0 |    0 |     0 |      0 |      1 |            0 |
|           gen_feature_bank[10].bank                                   |                                          system_generator_accelerator_0_33__gnn_dist_bank__xdcDup__11 |          0 |          0 |       0 |    0 |     0 |      0 |      1 |            0 |
|             memory                                                    |                                              system_generator_accelerator_0_33__xpm_memory_sdpram__26 |          0 |          0 |       0 |    0 |     0 |      0 |      1 |            0 |
|           gen_feature_bank[11].bank                                   |                                          system_generator_accelerator_0_33__gnn_dist_bank__xdcDup__12 |          0 |          0 |       0 |    0 |     0 |      0 |      1 |            0 |
|             memory                                                    |                                              system_generator_accelerator_0_33__xpm_memory_sdpram__27 |          0 |          0 |       0 |    0 |     0 |      0 |      1 |            0 |
|           gen_feature_bank[12].bank                                   |                                          system_generator_accelerator_0_33__gnn_dist_bank__xdcDup__13 |          0 |          0 |       0 |    0 |     0 |      0 |      1 |            0 |
|             memory                                                    |                                              system_generator_accelerator_0_33__xpm_memory_sdpram__28 |          0 |          0 |       0 |    0 |     0 |      0 |      1 |            0 |
|           gen_feature_bank[13].bank                                   |                                          system_generator_accelerator_0_33__gnn_dist_bank__xdcDup__14 |          0 |          0 |       0 |    0 |     0 |      0 |      1 |            0 |
|             memory                                                    |                                              system_generator_accelerator_0_33__xpm_memory_sdpram__29 |          0 |          0 |       0 |    0 |     0 |      0 |      1 |            0 |
|           gen_feature_bank[14].bank                                   |                                          system_generator_accelerator_0_33__gnn_dist_bank__xdcDup__15 |          0 |          0 |       0 |    0 |     0 |      0 |      1 |            0 |
|             memory                                                    |                                              system_generator_accelerator_0_33__xpm_memory_sdpram__30 |          0 |          0 |       0 |    0 |     0 |      0 |      1 |            0 |
|           gen_feature_bank[15].bank                                   |                                                      system_generator_accelerator_0_33__gnn_dist_bank |          1 |          1 |       0 |    0 |     0 |      0 |      1 |            0 |
|             (gen_feature_bank[15].bank)                               |                                                      system_generator_accelerator_0_33__gnn_dist_bank |          1 |          1 |       0 |    0 |     0 |      0 |      0 |            0 |
|             memory                                                    |                                                  system_generator_accelerator_0_33__xpm_memory_sdpram |          0 |          0 |       0 |    0 |     0 |      0 |      1 |            0 |
|           gen_feature_bank[1].bank                                    |                                           system_generator_accelerator_0_33__gnn_dist_bank__xdcDup__2 |          0 |          0 |       0 |    0 |     0 |      0 |      1 |            0 |
|             memory                                                    |                                              system_generator_accelerator_0_33__xpm_memory_sdpram__17 |          0 |          0 |       0 |    0 |     0 |      0 |      1 |            0 |
|           gen_feature_bank[2].bank                                    |                                           system_generator_accelerator_0_33__gnn_dist_bank__xdcDup__3 |          0 |          0 |       0 |    0 |     0 |      0 |      1 |            0 |
|             memory                                                    |                                              system_generator_accelerator_0_33__xpm_memory_sdpram__18 |          0 |          0 |       0 |    0 |     0 |      0 |      1 |            0 |
|           gen_feature_bank[3].bank                                    |                                           system_generator_accelerator_0_33__gnn_dist_bank__xdcDup__4 |          0 |          0 |       0 |    0 |     0 |      0 |      1 |            0 |
|             memory                                                    |                                              system_generator_accelerator_0_33__xpm_memory_sdpram__19 |          0 |          0 |       0 |    0 |     0 |      0 |      1 |            0 |
|           gen_feature_bank[4].bank                                    |                                           system_generator_accelerator_0_33__gnn_dist_bank__xdcDup__5 |          0 |          0 |       0 |    0 |     0 |      0 |      1 |            0 |
|             memory                                                    |                                              system_generator_accelerator_0_33__xpm_memory_sdpram__20 |          0 |          0 |       0 |    0 |     0 |      0 |      1 |            0 |
|           gen_feature_bank[5].bank                                    |                                           system_generator_accelerator_0_33__gnn_dist_bank__xdcDup__6 |          0 |          0 |       0 |    0 |     0 |      0 |      1 |            0 |
|             memory                                                    |                                              system_generator_accelerator_0_33__xpm_memory_sdpram__21 |          0 |          0 |       0 |    0 |     0 |      0 |      1 |            0 |
|           gen_feature_bank[6].bank                                    |                                           system_generator_accelerator_0_33__gnn_dist_bank__xdcDup__7 |          0 |          0 |       0 |    0 |     0 |      0 |      1 |            0 |
|             memory                                                    |                                              system_generator_accelerator_0_33__xpm_memory_sdpram__22 |          0 |          0 |       0 |    0 |     0 |      0 |      1 |            0 |
|           gen_feature_bank[7].bank                                    |                                           system_generator_accelerator_0_33__gnn_dist_bank__xdcDup__8 |          0 |          0 |       0 |    0 |     0 |      0 |      1 |            0 |
|             memory                                                    |                                              system_generator_accelerator_0_33__xpm_memory_sdpram__23 |          0 |          0 |       0 |    0 |     0 |      0 |      1 |            0 |
|           gen_feature_bank[8].bank                                    |                                           system_generator_accelerator_0_33__gnn_dist_bank__xdcDup__9 |          0 |          0 |       0 |    0 |     0 |      0 |      1 |            0 |
|             memory                                                    |                                              system_generator_accelerator_0_33__xpm_memory_sdpram__24 |          0 |          0 |       0 |    0 |     0 |      0 |      1 |            0 |
|           gen_feature_bank[9].bank                                    |                                          system_generator_accelerator_0_33__gnn_dist_bank__xdcDup__10 |          0 |          0 |       0 |    0 |     0 |      0 |      1 |            0 |
|             memory                                                    |                                              system_generator_accelerator_0_33__xpm_memory_sdpram__25 |          0 |          0 |       0 |    0 |     0 |      0 |      1 |            0 |
|           gen_output_bank[0].bank                                     |                                                     system_generator_accelerator_0_33__gnn_block_bank |         81 |         81 |       0 |    0 |     0 |      0 |      1 |            0 |
|           gen_output_bank[1].bank                                     |                                                   system_generator_accelerator_0_33__gnn_block_bank_3 |         80 |         80 |       0 |    0 |     0 |      0 |      1 |            0 |
|           gen_output_bank[2].bank                                     |                                                   system_generator_accelerator_0_33__gnn_block_bank_4 |         80 |         80 |       0 |    0 |     0 |      0 |      1 |            0 |
|           gen_output_bank[3].bank                                     |                                                   system_generator_accelerator_0_33__gnn_block_bank_5 |        112 |        112 |       0 |    0 |     0 |      0 |      1 |            0 |
|           gen_output_bank[4].bank                                     |                                                   system_generator_accelerator_0_33__gnn_block_bank_6 |         80 |         80 |       0 |    0 |     0 |      0 |      1 |            0 |
|           gen_output_bank[5].bank                                     |                                                   system_generator_accelerator_0_33__gnn_block_bank_7 |         80 |         80 |       0 |    0 |     0 |      0 |      1 |            0 |
|           gen_output_bank[6].bank                                     |                                                   system_generator_accelerator_0_33__gnn_block_bank_8 |         80 |         80 |       0 |    0 |     0 |      0 |      1 |            0 |
|           gen_output_bank[7].bank                                     |                                                   system_generator_accelerator_0_33__gnn_block_bank_9 |        112 |        112 |       0 |    0 |     0 |      0 |      1 |            0 |
|           gen_weight_bank[0].bank                                     |                                   system_generator_accelerator_0_33__gnn_weight_block_bank__xdcDup__1 |          2 |          2 |       0 |    0 |     0 |      0 |      1 |            0 |
|             (gen_weight_bank[0].bank)                                 |                                   system_generator_accelerator_0_33__gnn_weight_block_bank__xdcDup__1 |          2 |          2 |       0 |    0 |     0 |      0 |      0 |            0 |
|             memory                                                    |                              system_generator_accelerator_0_33__xpm_memory_sdpram__parameterized0__32 |          0 |          0 |       0 |    0 |     0 |      0 |      1 |            0 |
|           gen_weight_bank[10].bank                                    |                                  system_generator_accelerator_0_33__gnn_weight_block_bank__xdcDup__11 |          0 |          0 |       0 |    0 |     0 |      0 |      1 |            0 |
|             memory                                                    |                              system_generator_accelerator_0_33__xpm_memory_sdpram__parameterized0__42 |          0 |          0 |       0 |    0 |     0 |      0 |      1 |            0 |
|           gen_weight_bank[11].bank                                    |                                  system_generator_accelerator_0_33__gnn_weight_block_bank__xdcDup__12 |          0 |          0 |       0 |    0 |     0 |      0 |      1 |            0 |
|             memory                                                    |                              system_generator_accelerator_0_33__xpm_memory_sdpram__parameterized0__43 |          0 |          0 |       0 |    0 |     0 |      0 |      1 |            0 |
|           gen_weight_bank[12].bank                                    |                                  system_generator_accelerator_0_33__gnn_weight_block_bank__xdcDup__13 |          0 |          0 |       0 |    0 |     0 |      0 |      1 |            0 |
|             memory                                                    |                              system_generator_accelerator_0_33__xpm_memory_sdpram__parameterized0__44 |          0 |          0 |       0 |    0 |     0 |      0 |      1 |            0 |
|           gen_weight_bank[13].bank                                    |                                  system_generator_accelerator_0_33__gnn_weight_block_bank__xdcDup__14 |          0 |          0 |       0 |    0 |     0 |      0 |      1 |            0 |
|             memory                                                    |                              system_generator_accelerator_0_33__xpm_memory_sdpram__parameterized0__45 |          0 |          0 |       0 |    0 |     0 |      0 |      1 |            0 |
|           gen_weight_bank[14].bank                                    |                                  system_generator_accelerator_0_33__gnn_weight_block_bank__xdcDup__15 |          0 |          0 |       0 |    0 |     0 |      0 |      1 |            0 |
|             memory                                                    |                              system_generator_accelerator_0_33__xpm_memory_sdpram__parameterized0__46 |          0 |          0 |       0 |    0 |     0 |      0 |      1 |            0 |
|           gen_weight_bank[15].bank                                    |                                  system_generator_accelerator_0_33__gnn_weight_block_bank__xdcDup__16 |          0 |          0 |       0 |    0 |     0 |      0 |      1 |            0 |
|             memory                                                    |                              system_generator_accelerator_0_33__xpm_memory_sdpram__parameterized0__47 |          0 |          0 |       0 |    0 |     0 |      0 |      1 |            0 |
|           gen_weight_bank[16].bank                                    |                                  system_generator_accelerator_0_33__gnn_weight_block_bank__xdcDup__17 |          0 |          0 |       0 |    0 |     0 |      0 |      1 |            0 |
|             memory                                                    |                              system_generator_accelerator_0_33__xpm_memory_sdpram__parameterized0__48 |          0 |          0 |       0 |    0 |     0 |      0 |      1 |            0 |
|           gen_weight_bank[17].bank                                    |                                  system_generator_accelerator_0_33__gnn_weight_block_bank__xdcDup__18 |          0 |          0 |       0 |    0 |     0 |      0 |      1 |            0 |
|             memory                                                    |                              system_generator_accelerator_0_33__xpm_memory_sdpram__parameterized0__49 |          0 |          0 |       0 |    0 |     0 |      0 |      1 |            0 |
|           gen_weight_bank[18].bank                                    |                                  system_generator_accelerator_0_33__gnn_weight_block_bank__xdcDup__19 |          0 |          0 |       0 |    0 |     0 |      0 |      1 |            0 |
|             memory                                                    |                              system_generator_accelerator_0_33__xpm_memory_sdpram__parameterized0__50 |          0 |          0 |       0 |    0 |     0 |      0 |      1 |            0 |
|           gen_weight_bank[19].bank                                    |                                  system_generator_accelerator_0_33__gnn_weight_block_bank__xdcDup__20 |          0 |          0 |       0 |    0 |     0 |      0 |      1 |            0 |
|             memory                                                    |                              system_generator_accelerator_0_33__xpm_memory_sdpram__parameterized0__51 |          0 |          0 |       0 |    0 |     0 |      0 |      1 |            0 |
|           gen_weight_bank[1].bank                                     |                                   system_generator_accelerator_0_33__gnn_weight_block_bank__xdcDup__2 |          0 |          0 |       0 |    0 |     0 |      0 |      1 |            0 |
|             memory                                                    |                              system_generator_accelerator_0_33__xpm_memory_sdpram__parameterized0__33 |          0 |          0 |       0 |    0 |     0 |      0 |      1 |            0 |
|           gen_weight_bank[20].bank                                    |                                  system_generator_accelerator_0_33__gnn_weight_block_bank__xdcDup__21 |          0 |          0 |       0 |    0 |     0 |      0 |      1 |            0 |
|             memory                                                    |                              system_generator_accelerator_0_33__xpm_memory_sdpram__parameterized0__52 |          0 |          0 |       0 |    0 |     0 |      0 |      1 |            0 |
|           gen_weight_bank[21].bank                                    |                                  system_generator_accelerator_0_33__gnn_weight_block_bank__xdcDup__22 |          0 |          0 |       0 |    0 |     0 |      0 |      1 |            0 |
|             memory                                                    |                              system_generator_accelerator_0_33__xpm_memory_sdpram__parameterized0__53 |          0 |          0 |       0 |    0 |     0 |      0 |      1 |            0 |
|           gen_weight_bank[22].bank                                    |                                  system_generator_accelerator_0_33__gnn_weight_block_bank__xdcDup__23 |          0 |          0 |       0 |    0 |     0 |      0 |      1 |            0 |
|             memory                                                    |                              system_generator_accelerator_0_33__xpm_memory_sdpram__parameterized0__54 |          0 |          0 |       0 |    0 |     0 |      0 |      1 |            0 |
|           gen_weight_bank[23].bank                                    |                                  system_generator_accelerator_0_33__gnn_weight_block_bank__xdcDup__24 |          0 |          0 |       0 |    0 |     0 |      0 |      1 |            0 |
|             memory                                                    |                              system_generator_accelerator_0_33__xpm_memory_sdpram__parameterized0__55 |          0 |          0 |       0 |    0 |     0 |      0 |      1 |            0 |
|           gen_weight_bank[24].bank                                    |                                  system_generator_accelerator_0_33__gnn_weight_block_bank__xdcDup__25 |          0 |          0 |       0 |    0 |     0 |      0 |      1 |            0 |
|             memory                                                    |                              system_generator_accelerator_0_33__xpm_memory_sdpram__parameterized0__56 |          0 |          0 |       0 |    0 |     0 |      0 |      1 |            0 |
|           gen_weight_bank[25].bank                                    |                                  system_generator_accelerator_0_33__gnn_weight_block_bank__xdcDup__26 |          0 |          0 |       0 |    0 |     0 |      0 |      1 |            0 |
|             memory                                                    |                              system_generator_accelerator_0_33__xpm_memory_sdpram__parameterized0__57 |          0 |          0 |       0 |    0 |     0 |      0 |      1 |            0 |
|           gen_weight_bank[26].bank                                    |                                  system_generator_accelerator_0_33__gnn_weight_block_bank__xdcDup__27 |          0 |          0 |       0 |    0 |     0 |      0 |      1 |            0 |
|             memory                                                    |                              system_generator_accelerator_0_33__xpm_memory_sdpram__parameterized0__58 |          0 |          0 |       0 |    0 |     0 |      0 |      1 |            0 |
|           gen_weight_bank[27].bank                                    |                                  system_generator_accelerator_0_33__gnn_weight_block_bank__xdcDup__28 |          0 |          0 |       0 |    0 |     0 |      0 |      1 |            0 |
|             memory                                                    |                              system_generator_accelerator_0_33__xpm_memory_sdpram__parameterized0__59 |          0 |          0 |       0 |    0 |     0 |      0 |      1 |            0 |
|           gen_weight_bank[28].bank                                    |                                  system_generator_accelerator_0_33__gnn_weight_block_bank__xdcDup__29 |          0 |          0 |       0 |    0 |     0 |      0 |      1 |            0 |
|             memory                                                    |                              system_generator_accelerator_0_33__xpm_memory_sdpram__parameterized0__60 |          0 |          0 |       0 |    0 |     0 |      0 |      1 |            0 |
|           gen_weight_bank[29].bank                                    |                                  system_generator_accelerator_0_33__gnn_weight_block_bank__xdcDup__30 |          0 |          0 |       0 |    0 |     0 |      0 |      1 |            0 |
|             memory                                                    |                              system_generator_accelerator_0_33__xpm_memory_sdpram__parameterized0__61 |          0 |          0 |       0 |    0 |     0 |      0 |      1 |            0 |
|           gen_weight_bank[2].bank                                     |                                   system_generator_accelerator_0_33__gnn_weight_block_bank__xdcDup__3 |          0 |          0 |       0 |    0 |     0 |      0 |      1 |            0 |
|             memory                                                    |                              system_generator_accelerator_0_33__xpm_memory_sdpram__parameterized0__34 |          0 |          0 |       0 |    0 |     0 |      0 |      1 |            0 |
|           gen_weight_bank[30].bank                                    |                                  system_generator_accelerator_0_33__gnn_weight_block_bank__xdcDup__31 |          0 |          0 |       0 |    0 |     0 |      0 |      1 |            0 |
|             memory                                                    |                              system_generator_accelerator_0_33__xpm_memory_sdpram__parameterized0__62 |          0 |          0 |       0 |    0 |     0 |      0 |      1 |            0 |
|           gen_weight_bank[31].bank                                    |                                              system_generator_accelerator_0_33__gnn_weight_block_bank |          0 |          0 |       0 |    0 |     0 |      0 |      1 |            0 |
|             memory                                                    |                                  system_generator_accelerator_0_33__xpm_memory_sdpram__parameterized0 |          0 |          0 |       0 |    0 |     0 |      0 |      1 |            0 |
|           gen_weight_bank[3].bank                                     |                                   system_generator_accelerator_0_33__gnn_weight_block_bank__xdcDup__4 |          0 |          0 |       0 |    0 |     0 |      0 |      1 |            0 |
|             memory                                                    |                              system_generator_accelerator_0_33__xpm_memory_sdpram__parameterized0__35 |          0 |          0 |       0 |    0 |     0 |      0 |      1 |            0 |
|           gen_weight_bank[4].bank                                     |                                   system_generator_accelerator_0_33__gnn_weight_block_bank__xdcDup__5 |          0 |          0 |       0 |    0 |     0 |      0 |      1 |            0 |
|             memory                                                    |                              system_generator_accelerator_0_33__xpm_memory_sdpram__parameterized0__36 |          0 |          0 |       0 |    0 |     0 |      0 |      1 |            0 |
|           gen_weight_bank[5].bank                                     |                                   system_generator_accelerator_0_33__gnn_weight_block_bank__xdcDup__6 |          0 |          0 |       0 |    0 |     0 |      0 |      1 |            0 |
|             memory                                                    |                              system_generator_accelerator_0_33__xpm_memory_sdpram__parameterized0__37 |          0 |          0 |       0 |    0 |     0 |      0 |      1 |            0 |
|           gen_weight_bank[6].bank                                     |                                   system_generator_accelerator_0_33__gnn_weight_block_bank__xdcDup__7 |          0 |          0 |       0 |    0 |     0 |      0 |      1 |            0 |
|             memory                                                    |                              system_generator_accelerator_0_33__xpm_memory_sdpram__parameterized0__38 |          0 |          0 |       0 |    0 |     0 |      0 |      1 |            0 |
|           gen_weight_bank[7].bank                                     |                                   system_generator_accelerator_0_33__gnn_weight_block_bank__xdcDup__8 |          0 |          0 |       0 |    0 |     0 |      0 |      1 |            0 |
|             memory                                                    |                              system_generator_accelerator_0_33__xpm_memory_sdpram__parameterized0__39 |          0 |          0 |       0 |    0 |     0 |      0 |      1 |            0 |
|           gen_weight_bank[8].bank                                     |                                   system_generator_accelerator_0_33__gnn_weight_block_bank__xdcDup__9 |          0 |          0 |       0 |    0 |     0 |      0 |      1 |            0 |
|             memory                                                    |                              system_generator_accelerator_0_33__xpm_memory_sdpram__parameterized0__40 |          0 |          0 |       0 |    0 |     0 |      0 |      1 |            0 |
|           gen_weight_bank[9].bank                                     |                                  system_generator_accelerator_0_33__gnn_weight_block_bank__xdcDup__10 |          0 |          0 |       0 |    0 |     0 |      0 |      1 |            0 |
|             memory                                                    |                              system_generator_accelerator_0_33__xpm_memory_sdpram__parameterized0__41 |          0 |          0 |       0 |    0 |     0 |      0 |      1 |            0 |
|         u_lcd_status_display                                          |                                                 system_generator_accelerator_0_33__lcd_status_display |       1522 |       1522 |       0 |    0 |   973 |      0 |      0 |            2 |
|         u_query_bank0                                                 |                                     system_generator_accelerator_0_33__accelerator_fingerprint_bank_1 |          0 |          0 |       0 |    0 |  1024 |      0 |      0 |            0 |
|         u_query_bank1                                                 |                                     system_generator_accelerator_0_33__accelerator_fingerprint_bank_2 |       5104 |       5104 |       0 |    0 |  1024 |      0 |      0 |            0 |
|         u_tanimoto                                                    |                                               system_generator_accelerator_0_33__tanimoto_accelerator |       1085 |       1085 |       0 |    0 |   524 |      0 |      0 |            2 |
|     legacy_core_clock_converter                                       |                                                                 system_legacy_core_clock_converter_16 |         39 |         39 |       0 |    0 |   304 |      0 |      0 |            0 |
|       inst                                                            |                system_legacy_core_clock_converter_16__axi_clock_converter_v2_1_19_axi_clock_converter |         39 |         39 |       0 |    0 |   304 |      0 |      0 |            0 |
|         gen_clock_conv.gen_async_lite_conv.clock_conv_lite_fwd_ar     |                         system_legacy_core_clock_converter_16__axi_clock_converter_v2_1_19_lite_async |          7 |          7 |       0 |    0 |    52 |      0 |      0 |            0 |
|           (gen_clock_conv.gen_async_lite_conv.clock_conv_lite_fwd_ar) |                         system_legacy_core_clock_converter_16__axi_clock_converter_v2_1_19_lite_async |          5 |          5 |       0 |    0 |     8 |      0 |      0 |            0 |
|           handshake                                                   |                                              system_legacy_core_clock_converter_16__xpm_cdc_handshake |          2 |          2 |       0 |    0 |    44 |      0 |      0 |            0 |
|             (handshake)                                               |                                              system_legacy_core_clock_converter_16__xpm_cdc_handshake |          2 |          2 |       0 |    0 |    38 |      0 |      0 |            0 |
|             xpm_cdc_single_dest2src_inst                              |                                             system_legacy_core_clock_converter_16__xpm_cdc_single__13 |          0 |          0 |       0 |    0 |     3 |      0 |      0 |            0 |
|             xpm_cdc_single_src2dest_inst                              |                                             system_legacy_core_clock_converter_16__xpm_cdc_single__12 |          0 |          0 |       0 |    0 |     3 |      0 |      0 |            0 |
|         gen_clock_conv.gen_async_lite_conv.clock_conv_lite_fwd_aw     |              system_legacy_core_clock_converter_16__axi_clock_converter_v2_1_19_lite_async__xdcDup__1 |         11 |         11 |       0 |    0 |    60 |      0 |      0 |            0 |
|           (gen_clock_conv.gen_async_lite_conv.clock_conv_lite_fwd_aw) |              system_legacy_core_clock_converter_16__axi_clock_converter_v2_1_19_lite_async__xdcDup__1 |          9 |          9 |       0 |    0 |    16 |      0 |      0 |            0 |
|           handshake                                                   |                                   system_legacy_core_clock_converter_16__xpm_cdc_handshake__xdcDup__1 |          2 |          2 |       0 |    0 |    44 |      0 |      0 |            0 |
|             (handshake)                                               |                                   system_legacy_core_clock_converter_16__xpm_cdc_handshake__xdcDup__1 |          2 |          2 |       0 |    0 |    38 |      0 |      0 |            0 |
|             xpm_cdc_single_dest2src_inst                              |                                             system_legacy_core_clock_converter_16__xpm_cdc_single__11 |          0 |          0 |       0 |    0 |     3 |      0 |      0 |            0 |
|             xpm_cdc_single_src2dest_inst                              |                                             system_legacy_core_clock_converter_16__xpm_cdc_single__10 |          0 |          0 |       0 |    0 |     3 |      0 |      0 |            0 |
|         gen_clock_conv.gen_async_lite_conv.clock_conv_lite_fwd_w      |         system_legacy_core_clock_converter_16__axi_clock_converter_v2_1_19_lite_async__parameterized0 |          7 |          7 |       0 |    0 |    88 |      0 |      0 |            0 |
|           (gen_clock_conv.gen_async_lite_conv.clock_conv_lite_fwd_w)  |         system_legacy_core_clock_converter_16__axi_clock_converter_v2_1_19_lite_async__parameterized0 |          5 |          5 |       0 |    0 |     8 |      0 |      0 |            0 |
|           handshake                                                   |                              system_legacy_core_clock_converter_16__xpm_cdc_handshake__parameterized0 |          2 |          2 |       0 |    0 |    80 |      0 |      0 |            0 |
|             (handshake)                                               |                              system_legacy_core_clock_converter_16__xpm_cdc_handshake__parameterized0 |          2 |          2 |       0 |    0 |    74 |      0 |      0 |            0 |
|             xpm_cdc_single_dest2src_inst                              |                                             system_legacy_core_clock_converter_16__xpm_cdc_single__15 |          0 |          0 |       0 |    0 |     3 |      0 |      0 |            0 |
|             xpm_cdc_single_src2dest_inst                              |                                             system_legacy_core_clock_converter_16__xpm_cdc_single__14 |          0 |          0 |       0 |    0 |     3 |      0 |      0 |            0 |
|         gen_clock_conv.gen_async_lite_conv.clock_conv_lite_resp_b     |         system_legacy_core_clock_converter_16__axi_clock_converter_v2_1_19_lite_async__parameterized1 |          7 |          7 |       0 |    0 |    20 |      0 |      0 |            0 |
|           (gen_clock_conv.gen_async_lite_conv.clock_conv_lite_resp_b) |         system_legacy_core_clock_converter_16__axi_clock_converter_v2_1_19_lite_async__parameterized1 |          5 |          5 |       0 |    0 |     8 |      0 |      0 |            0 |
|           handshake                                                   |                              system_legacy_core_clock_converter_16__xpm_cdc_handshake__parameterized1 |          2 |          2 |       0 |    0 |    12 |      0 |      0 |            0 |
|             (handshake)                                               |                              system_legacy_core_clock_converter_16__xpm_cdc_handshake__parameterized1 |          2 |          2 |       0 |    0 |     6 |      0 |      0 |            0 |
|             xpm_cdc_single_dest2src_inst                              |                                             system_legacy_core_clock_converter_16__xpm_cdc_single__17 |          0 |          0 |       0 |    0 |     3 |      0 |      0 |            0 |
|             xpm_cdc_single_src2dest_inst                              |                                             system_legacy_core_clock_converter_16__xpm_cdc_single__16 |          0 |          0 |       0 |    0 |     3 |      0 |      0 |            0 |
|         gen_clock_conv.gen_async_lite_conv.clock_conv_lite_resp_r     |         system_legacy_core_clock_converter_16__axi_clock_converter_v2_1_19_lite_async__parameterized2 |          7 |          7 |       0 |    0 |    84 |      0 |      0 |            0 |
|           (gen_clock_conv.gen_async_lite_conv.clock_conv_lite_resp_r) |         system_legacy_core_clock_converter_16__axi_clock_converter_v2_1_19_lite_async__parameterized2 |          5 |          5 |       0 |    0 |     8 |      0 |      0 |            0 |
|           handshake                                                   |                              system_legacy_core_clock_converter_16__xpm_cdc_handshake__parameterized2 |          2 |          2 |       0 |    0 |    76 |      0 |      0 |            0 |
|             (handshake)                                               |                              system_legacy_core_clock_converter_16__xpm_cdc_handshake__parameterized2 |          2 |          2 |       0 |    0 |    70 |      0 |      0 |            0 |
|             xpm_cdc_single_dest2src_inst                              |                                                 system_legacy_core_clock_converter_16__xpm_cdc_single |          0 |          0 |       0 |    0 |     3 |      0 |      0 |            0 |
|             xpm_cdc_single_src2dest_inst                              |                                             system_legacy_core_clock_converter_16__xpm_cdc_single__18 |          0 |          0 |       0 |    0 |     3 |      0 |      0 |            0 |
|     processing_system7_0                                              |                                                                         system_processing_system7_0_0 |          0 |          0 |       0 |    0 |     0 |      0 |      0 |            0 |
|       (processing_system7_0)                                          |                                                                         system_processing_system7_0_0 |          0 |          0 |       0 |    0 |     0 |      0 |      0 |            0 |
|       inst                                                            |                             system_processing_system7_0_0__processing_system7_v5_5_processing_system7 |          0 |          0 |       0 |    0 |     0 |      0 |      0 |            0 |
|     ps_axi3_lite_bridge_0                                             |                                                                        system_ps_axi3_lite_bridge_0_0 |         14 |         14 |       0 |    0 |   134 |      0 |      0 |            0 |
|       inst                                                            |                                                 system_ps_axi3_lite_bridge_0_0_ps_axi3_to_axil_bridge |         14 |         14 |       0 |    0 |   134 |      0 |      0 |            0 |
|     reset_const_0                                                     |                                                                                system_reset_const_0_0 |          0 |          0 |       0 |    0 |     0 |      0 |      0 |            0 |
|     rst_accelerator_core                                              |                                                                        system_rst_accelerator_core_16 |         16 |         15 |       0 |    1 |    33 |      0 |      0 |            0 |
|       U0                                                              |                                                        system_rst_accelerator_core_16__proc_sys_reset |         16 |         15 |       0 |    1 |    33 |      0 |      0 |            0 |
|         (U0)                                                          |                                                        system_rst_accelerator_core_16__proc_sys_reset |          0 |          0 |       0 |    0 |     1 |      0 |      0 |            0 |
|         EXT_LPF                                                       |                                                                   system_rst_accelerator_core_16__lpf |          5 |          4 |       0 |    1 |    17 |      0 |      0 |            0 |
|           (EXT_LPF)                                                   |                                                                   system_rst_accelerator_core_16__lpf |          2 |          1 |       0 |    1 |     9 |      0 |      0 |            0 |
|           ACTIVE_LOW_AUX.ACT_LO_AUX                                   |                                                              system_rst_accelerator_core_16__cdc_sync |          1 |          1 |       0 |    0 |     4 |      0 |      0 |            0 |
|           ACTIVE_LOW_EXT.ACT_LO_EXT                                   |                                                            system_rst_accelerator_core_16__cdc_sync_0 |          2 |          2 |       0 |    0 |     4 |      0 |      0 |            0 |
|         SEQ                                                           |                                                          system_rst_accelerator_core_16__sequence_psr |         11 |         11 |       0 |    0 |    15 |      0 |      0 |            0 |
|           (SEQ)                                                       |                                                          system_rst_accelerator_core_16__sequence_psr |          6 |          6 |       0 |    0 |     9 |      0 |      0 |            0 |
|           SEQ_COUNTER                                                 |                                                               system_rst_accelerator_core_16__upcnt_n |          5 |          5 |       0 |    0 |     6 |      0 |      0 |            0 |
|     rst_ps7_0_100M                                                    |                                                                               system_rst_ps7_0_100M_0 |         16 |         15 |       0 |    1 |    33 |      0 |      0 |            0 |
|       U0                                                              |                                                               system_rst_ps7_0_100M_0__proc_sys_reset |         16 |         15 |       0 |    1 |    33 |      0 |      0 |            0 |
|         (U0)                                                          |                                                               system_rst_ps7_0_100M_0__proc_sys_reset |          0 |          0 |       0 |    0 |     1 |      0 |      0 |            0 |
|         EXT_LPF                                                       |                                                                          system_rst_ps7_0_100M_0__lpf |          5 |          4 |       0 |    1 |    17 |      0 |      0 |            0 |
|           (EXT_LPF)                                                   |                                                                          system_rst_ps7_0_100M_0__lpf |          2 |          1 |       0 |    1 |     9 |      0 |      0 |            0 |
|           ACTIVE_HIGH_AUX.ACT_HI_AUX                                  |                                                                     system_rst_ps7_0_100M_0__cdc_sync |          1 |          1 |       0 |    0 |     4 |      0 |      0 |            0 |
|           ACTIVE_LOW_EXT.ACT_LO_EXT                                   |                                                                   system_rst_ps7_0_100M_0__cdc_sync_0 |          2 |          2 |       0 |    0 |     4 |      0 |      0 |            0 |
|         SEQ                                                           |                                                                 system_rst_ps7_0_100M_0__sequence_psr |         11 |         11 |       0 |    0 |    15 |      0 |      0 |            0 |
|           (SEQ)                                                       |                                                                 system_rst_ps7_0_100M_0__sequence_psr |          6 |          6 |       0 |    0 |     9 |      0 |      0 |            0 |
|           SEQ_COUNTER                                                 |                                                                      system_rst_ps7_0_100M_0__upcnt_n |          5 |          5 |       0 |    0 |     6 |      0 |      0 |            0 |
|     rst_ps7_0_125M                                                    |                                                                              system_rst_ps7_0_125M_17 |         16 |         15 |       0 |    1 |    33 |      0 |      0 |            0 |
|       U0                                                              |                                                              system_rst_ps7_0_125M_17__proc_sys_reset |         16 |         15 |       0 |    1 |    33 |      0 |      0 |            0 |
|         (U0)                                                          |                                                              system_rst_ps7_0_125M_17__proc_sys_reset |          0 |          0 |       0 |    0 |     1 |      0 |      0 |            0 |
|         EXT_LPF                                                       |                                                                         system_rst_ps7_0_125M_17__lpf |          5 |          4 |       0 |    1 |    17 |      0 |      0 |            0 |
|           (EXT_LPF)                                                   |                                                                         system_rst_ps7_0_125M_17__lpf |          2 |          1 |       0 |    1 |     9 |      0 |      0 |            0 |
|           ACTIVE_LOW_AUX.ACT_LO_AUX                                   |                                                                    system_rst_ps7_0_125M_17__cdc_sync |          1 |          1 |       0 |    0 |     4 |      0 |      0 |            0 |
|           ACTIVE_LOW_EXT.ACT_LO_EXT                                   |                                                                  system_rst_ps7_0_125M_17__cdc_sync_0 |          2 |          2 |       0 |    0 |     4 |      0 |      0 |            0 |
|         SEQ                                                           |                                                                system_rst_ps7_0_125M_17__sequence_psr |         11 |         11 |       0 |    0 |    15 |      0 |      0 |            0 |
|           (SEQ)                                                       |                                                                system_rst_ps7_0_125M_17__sequence_psr |          6 |          6 |       0 |    0 |     9 |      0 |      0 |            0 |
|           SEQ_COUNTER                                                 |                                                                     system_rst_ps7_0_125M_17__upcnt_n |          5 |          5 |       0 |    0 |     6 |      0 |      0 |            0 |
|     rst_ps7_0_33M                                                     |                                                                               system_rst_ps7_0_33M_16 |         16 |         15 |       0 |    1 |    33 |      0 |      0 |            0 |
|       U0                                                              |                                                               system_rst_ps7_0_33M_16__proc_sys_reset |         16 |         15 |       0 |    1 |    33 |      0 |      0 |            0 |
|         (U0)                                                          |                                                               system_rst_ps7_0_33M_16__proc_sys_reset |          0 |          0 |       0 |    0 |     1 |      0 |      0 |            0 |
|         EXT_LPF                                                       |                                                                          system_rst_ps7_0_33M_16__lpf |          5 |          4 |       0 |    1 |    17 |      0 |      0 |            0 |
|           (EXT_LPF)                                                   |                                                                          system_rst_ps7_0_33M_16__lpf |          2 |          1 |       0 |    1 |     9 |      0 |      0 |            0 |
|           ACTIVE_LOW_AUX.ACT_LO_AUX                                   |                                                                     system_rst_ps7_0_33M_16__cdc_sync |          1 |          1 |       0 |    0 |     4 |      0 |      0 |            0 |
|           ACTIVE_LOW_EXT.ACT_LO_EXT                                   |                                                                   system_rst_ps7_0_33M_16__cdc_sync_0 |          2 |          2 |       0 |    0 |     4 |      0 |      0 |            0 |
|         SEQ                                                           |                                                                 system_rst_ps7_0_33M_16__sequence_psr |         11 |         11 |       0 |    0 |    15 |      0 |      0 |            0 |
|           (SEQ)                                                       |                                                                 system_rst_ps7_0_33M_16__sequence_psr |          6 |          6 |       0 |    0 |     9 |      0 |      0 |            0 |
|           SEQ_COUNTER                                                 |                                                                      system_rst_ps7_0_33M_16__upcnt_n |          5 |          5 |       0 |    0 |     6 |      0 |      0 |            0 |
+-----------------------------------------------------------------------+-------------------------------------------------------------------------------------------------------+------------+------------+---------+------+-------+--------+--------+--------------+
* Note: The sum of lower-level cells may be larger than their parent cells total, due to cross-hierarchy LUT combining


